video_id,subject,frame_id,timestamp_sec,duration_sec,frame_interval_sec,image_file,status,capture_method
v20,Python,0,0,1240.841,10,C:\NCKH\VIDEO_LEARNING_RESEARCH\data\processed\ocr_best_integration\keyframes_full\v20\v20_00000s.png,success,fast
v20,Python,1,10,1240.841,10,C:\NCKH\VIDEO_LEARNING_RESEARCH\data\processed\ocr_best_integration\keyframes_full\v20\v20_00010s.png,success,fast
v20,Python,2,20,1240.841,10,C:\NCKH\VIDEO_LEARNING_RESEARCH\data\processed\ocr_best_integration\keyframes_full\v20\v20_00020s.png,success,fast
v20,Python,3,30,1240.841,10,C:\NCKH\VIDEO_LEARNING_RESEARCH\data\processed\ocr_best_integration\keyframes_full\v20\v20_00030s.png,success,fast
v20,Python,4,40,1240.841,10,C:\NCKH\VIDEO_LEARNING_RESEARCH\data\processed\ocr_best_integration\keyframes_full\v20\v20_00040s.png,success,fast
v20,Python,5,50,1240.841,10,C:\NCKH\VIDEO_LEARNING_RESEARCH\data\processed\ocr_best_integration\keyframes_full\v20\v20_00050s.png,success,fast
v20,Python,6,60,1240.841,10,C:\NCKH\VIDEO_LEARNING_RESEARCH\data\processed\ocr_best_integration\keyframes_full\v20\v20_00060s.png,success,recovery
v20,Python,7,70,1240.841,10,C:\NCKH\VIDEO_LEARNING_RESEARCH\data\processed\ocr_best_integration\keyframes_full\v20\v20_00070s.png,success,fast
v20,Python,8,80,1240.841,10,C:\NCKH\VIDEO_LEARNING_RESEARCH\data\processed\ocr_best_integration\keyframes_full\v20\v20_00080s.png,success,fast
v20,Python,9,90,1240.841,10,C:\NCKH\VIDEO_LEARNING_RESEARCH\data\processed\ocr_best_integration\keyframes_full\v20\v20_00090s.png,success,fast
v20,Python,10,100,1240.841,10,C:\NCKH\VIDEO_LEARNING_RESEARCH\data\processed\ocr_best_integration\keyframes_full\v20\v20_00100s.png,success,fast
v20,Python,11,110,1240.841,10,C:\NCKH\VIDEO_LEARNING_RESEARCH\data\processed\ocr_best_integration\keyframes_full\v20\v20_00110s.png,success,fast
v20,Python,12,120,1240.841,10,C:\NCKH\VIDEO_LEARNING_RESEARCH\data\processed\ocr_best_integration\keyframes_full\v20\v20_00120s.png,success,recovery
v20,Python,13,130,1240.841,10,C:\NCKH\VIDEO_LEARNING_RESEARCH\data\processed\ocr_best_integration\keyframes_full\v20\v20_00130s.png,success,fast
v20,Python,14,140,1240.841,10,C:\NCKH\VIDEO_LEARNING_RESEARCH\data\processed\ocr_best_integration\keyframes_full\v20\v20_00140s.png,success,fast
v20,Python,15,150,1240.841,10,C:\NCKH\VIDEO_LEARNING_RESEARCH\data\processed\ocr_best_integration\keyframes_full\v20\v20_00150s.png,success,fast
v20,Python,16,160,1240.841,10,C:\NCKH\VIDEO_LEARNING_RESEARCH\data\processed\ocr_best_integration\keyframes_full\v20\v20_00160s.png,success,fast
v20,Python,17,170,1240.841,10,C:\NCKH\VIDEO_LEARNING_RESEARCH\data\processed\ocr_best_integration\keyframes_full\v20\v20_00170s.png,success,fast
v20,Python,18,180,1240.841,10,C:\NCKH\VIDEO_LEARNING_RESEARCH\data\processed\ocr_best_integration\keyframes_full\v20\v20_00180s.png,success,recovery
v20,Python,19,190,1240.841,10,C:\NCKH\VIDEO_LEARNING_RESEARCH\data\processed\ocr_best_integration\keyframes_full\v20\v20_00190s.png,success,fast
v20,Python,20,200,1240.841,10,C:\NCKH\VIDEO_LEARNING_RESEARCH\data\processed\ocr_best_integration\keyframes_full\v20\v20_00200s.png,success,fast
v20,Python,21,210,1240.841,10,C:\NCKH\VIDEO_LEARNING_RESEARCH\data\processed\ocr_best_integration\keyframes_full\v20\v20_00210s.png,success,fast
v20,Python,22,220,1240.841,10,C:\NCKH\VIDEO_LEARNING_RESEARCH\data\processed\ocr_best_integration\keyframes_full\v20\v20_00220s.png,success,fast
v20,Python,23,230,1240.841,10,C:\NCKH\VIDEO_LEARNING_RESEARCH\data\processed\ocr_best_integration\keyframes_full\v20\v20_00230s.png,success,fast
v20,Python,24,240,1240.841,10,C:\NCKH\VIDEO_LEARNING_RESEARCH\data\processed\ocr_best_integration\keyframes_full\v20\v20_00240s.png,success,recovery
v20,Python,25,250,1240.841,10,C:\NCKH\VIDEO_LEARNING_RESEARCH\data\processed\ocr_best_integration\keyframes_full\v20\v20_00250s.png,success,fast
v20,Python,26,260,1240.841,10,C:\NCKH\VIDEO_LEARNING_RESEARCH\data\processed\ocr_best_integration\keyframes_full\v20\v20_00260s.png,success,fast
v20,Python,27,270,1240.841,10,C:\NCKH\VIDEO_LEARNING_RESEARCH\data\processed\ocr_best_integration\keyframes_full\v20\v20_00270s.png,success,fast
v20,Python,28,280,1240.841,10,C:\NCKH\VIDEO_LEARNING_RESEARCH\data\processed\ocr_best_integration\keyframes_full\v20\v20_00280s.png,success,fast
v20,Python,29,290,1240.841,10,C:\NCKH\VIDEO_LEARNING_RESEARCH\data\processed\ocr_best_integration\keyframes_full\v20\v20_00290s.png,success,fast
v20,Python,30,300,1240.841,10,C:\NCKH\VIDEO_LEARNING_RESEARCH\data\processed\ocr_best_integration\keyframes_full\v20\v20_00300s.png,success,recovery
v20,Python,31,310,1240.841,10,C:\NCKH\VIDEO_LEARNING_RESEARCH\data\processed\ocr_best_integration\keyframes_full\v20\v20_00310s.png,success,fast
v20,Python,32,320,1240.841,10,C:\NCKH\VIDEO_LEARNING_RESEARCH\data\processed\ocr_best_integration\keyframes_full\v20\v20_00320s.png,success,fast
v20,Python,33,330,1240.841,10,C:\NCKH\VIDEO_LEARNING_RESEARCH\data\processed\ocr_best_integration\keyframes_full\v20\v20_00330s.png,success,fast
v20,Python,34,340,1240.841,10,C:\NCKH\VIDEO_LEARNING_RESEARCH\data\processed\ocr_best_integration\keyframes_full\v20\v20_00340s.png,success,fast
v20,Python,35,350,1240.841,10,C:\NCKH\VIDEO_LEARNING_RESEARCH\data\processed\ocr_best_integration\keyframes_full\v20\v20_00350s.png,success,fast
v20,Python,36,360,1240.841,10,,failed,failed
v20,Python,37,370,1240.841,10,,failed,failed
v20,Python,38,380,1240.841,10,C:\NCKH\VIDEO_LEARNING_RESEARCH\data\processed\ocr_best_integration\keyframes_full\v20\v20_00380s.png,success,fast
v20,Python,39,390,1240.841,10,C:\NCKH\VIDEO_LEARNING_RESEARCH\data\processed\ocr_best_integration\keyframes_full\v20\v20_00390s.png,success,fast
v20,Python,40,400,1240.841,10,C:\NCKH\VIDEO_LEARNING_RESEARCH\data\processed\ocr_best_integration\keyframes_full\v20\v20_00400s.png,success,fast
v20,Python,41,410,1240.841,10,C:\NCKH\VIDEO_LEARNING_RESEARCH\data\processed\ocr_best_integration\keyframes_full\v20\v20_00410s.png,success,fast
v20,Python,42,420,1240.841,10,C:\NCKH\VIDEO_LEARNING_RESEARCH\data\processed\ocr_best_integration\keyframes_full\v20\v20_00420s.png,success,fast
v20,Python,43,430,1240.841,10,C:\NCKH\VIDEO_LEARNING_RESEARCH\data\processed\ocr_best_integration\keyframes_full\v20\v20_00430s.png,success,recovery
v20,Python,44,440,1240.841,10,C:\NCKH\VIDEO_LEARNING_RESEARCH\data\processed\ocr_best_integration\keyframes_full\v20\v20_00440s.png,success,fast
v20,Python,45,450,1240.841,10,C:\NCKH\VIDEO_LEARNING_RESEARCH\data\processed\ocr_best_integration\keyframes_full\v20\v20_00450s.png,success,fast
v20,Python,46,460,1240.841,10,C:\NCKH\VIDEO_LEARNING_RESEARCH\data\processed\ocr_best_integration\keyframes_full\v20\v20_00460s.png,success,fast
v20,Python,47,470,1240.841,10,C:\NCKH\VIDEO_LEARNING_RESEARCH\data\processed\ocr_best_integration\keyframes_full\v20\v20_00470s.png,success,fast
v20,Python,48,480,1240.841,10,C:\NCKH\VIDEO_LEARNING_RESEARCH\data\processed\ocr_best_integration\keyframes_full\v20\v20_00480s.png,success,fast
v20,Python,49,490,1240.841,10,C:\NCKH\VIDEO_LEARNING_RESEARCH\data\processed\ocr_best_integration\keyframes_full\v20\v20_00490s.png,success,recovery
v20,Python,50,500,1240.841,10,C:\NCKH\VIDEO_LEARNING_RESEARCH\data\processed\ocr_best_integration\keyframes_full\v20\v20_00500s.png,success,fast
v20,Python,51,510,1240.841,10,C:\NCKH\VIDEO_LEARNING_RESEARCH\data\processed\ocr_best_integration\keyframes_full\v20\v20_00510s.png,success,fast
v20,Python,52,520,1240.841,10,C:\NCKH\VIDEO_LEARNING_RESEARCH\data\processed\ocr_best_integration\keyframes_full\v20\v20_00520s.png,success,fast
v20,Python,53,530,1240.841,10,C:\NCKH\VIDEO_LEARNING_RESEARCH\data\processed\ocr_best_integration\keyframes_full\v20\v20_00530s.png,success,fast
v20,Python,54,540,1240.841,10,C:\NCKH\VIDEO_LEARNING_RESEARCH\data\processed\ocr_best_integration\keyframes_full\v20\v20_00540s.png,success,fast
v20,Python,55,550,1240.841,10,C:\NCKH\VIDEO_LEARNING_RESEARCH\data\processed\ocr_best_integration\keyframes_full\v20\v20_00550s.png,success,recovery
v20,Python,56,560,1240.841,10,C:\NCKH\VIDEO_LEARNING_RESEARCH\data\processed\ocr_best_integration\keyframes_full\v20\v20_00560s.png,success,fast
v20,Python,57,570,1240.841,10,C:\NCKH\VIDEO_LEARNING_RESEARCH\data\processed\ocr_best_integration\keyframes_full\v20\v20_00570s.png,success,fast
v20,Python,58,580,1240.841,10,C:\NCKH\VIDEO_LEARNING_RESEARCH\data\processed\ocr_best_integration\keyframes_full\v20\v20_00580s.png,success,fast
v20,Python,59,590,1240.841,10,C:\NCKH\VIDEO_LEARNING_RESEARCH\data\processed\ocr_best_integration\keyframes_full\v20\v20_00590s.png,success,fast
v20,Python,60,600,1240.841,10,C:\NCKH\VIDEO_LEARNING_RESEARCH\data\processed\ocr_best_integration\keyframes_full\v20\v20_00600s.png,success,fast
v20,Python,61,610,1240.841,10,C:\NCKH\VIDEO_LEARNING_RESEARCH\data\processed\ocr_best_integration\keyframes_full\v20\v20_00610s.png,success,recovery
v20,Python,62,620,1240.841,10,C:\NCKH\VIDEO_LEARNING_RESEARCH\data\processed\ocr_best_integration\keyframes_full\v20\v20_00620s.png,success,fast
v20,Python,63,630,1240.841,10,C:\NCKH\VIDEO_LEARNING_RESEARCH\data\processed\ocr_best_integration\keyframes_full\v20\v20_00630s.png,success,fast
v20,Python,64,640,1240.841,10,C:\NCKH\VIDEO_LEARNING_RESEARCH\data\processed\ocr_best_integration\keyframes_full\v20\v20_00640s.png,success,fast
v20,Python,65,650,1240.841,10,C:\NCKH\VIDEO_LEARNING_RESEARCH\data\processed\ocr_best_integration\keyframes_full\v20\v20_00650s.png,success,fast
v20,Python,66,660,1240.841,10,C:\NCKH\VIDEO_LEARNING_RESEARCH\data\processed\ocr_best_integration\keyframes_full\v20\v20_00660s.png,success,fast
v20,Python,67,670,1240.841,10,C:\NCKH\VIDEO_LEARNING_RESEARCH\data\processed\ocr_best_integration\keyframes_full\v20\v20_00670s.png,success,recovery
v20,Python,68,680,1240.841,10,C:\NCKH\VIDEO_LEARNING_RESEARCH\data\processed\ocr_best_integration\keyframes_full\v20\v20_00680s.png,success,fast
v20,Python,69,690,1240.841,10,C:\NCKH\VIDEO_LEARNING_RESEARCH\data\processed\ocr_best_integration\keyframes_full\v20\v20_00690s.png,success,fast
v20,Python,70,700,1240.841,10,C:\NCKH\VIDEO_LEARNING_RESEARCH\data\processed\ocr_best_integration\keyframes_full\v20\v20_00700s.png,success,fast
v20,Python,71,710,1240.841,10,C:\NCKH\VIDEO_LEARNING_RESEARCH\data\processed\ocr_best_integration\keyframes_full\v20\v20_00710s.png,success,fast
v20,Python,72,720,1240.841,10,C:\NCKH\VIDEO_LEARNING_RESEARCH\data\processed\ocr_best_integration\keyframes_full\v20\v20_00720s.png,success,fast
v20,Python,73,730,1240.841,10,C:\NCKH\VIDEO_LEARNING_RESEARCH\data\processed\ocr_best_integration\keyframes_full\v20\v20_00730s.png,success,recovery
v20,Python,74,740,1240.841,10,C:\NCKH\VIDEO_LEARNING_RESEARCH\data\processed\ocr_best_integration\keyframes_full\v20\v20_00740s.png,success,fast
v20,Python,75,750,1240.841,10,C:\NCKH\VIDEO_LEARNING_RESEARCH\data\processed\ocr_best_integration\keyframes_full\v20\v20_00750s.png,success,fast
v20,Python,76,760,1240.841,10,C:\NCKH\VIDEO_LEARNING_RESEARCH\data\processed\ocr_best_integration\keyframes_full\v20\v20_00760s.png,success,fast
v20,Python,77,770,1240.841,10,C:\NCKH\VIDEO_LEARNING_RESEARCH\data\processed\ocr_best_integration\keyframes_full\v20\v20_00770s.png,success,fast
v20,Python,78,780,1240.841,10,C:\NCKH\VIDEO_LEARNING_RESEARCH\data\processed\ocr_best_integration\keyframes_full\v20\v20_00780s.png,success,fast
v20,Python,79,790,1240.841,10,C:\NCKH\VIDEO_LEARNING_RESEARCH\data\processed\ocr_best_integration\keyframes_full\v20\v20_00790s.png,success,recovery
v20,Python,80,800,1240.841,10,C:\NCKH\VIDEO_LEARNING_RESEARCH\data\processed\ocr_best_integration\keyframes_full\v20\v20_00800s.png,success,fast
v20,Python,81,810,1240.841,10,C:\NCKH\VIDEO_LEARNING_RESEARCH\data\processed\ocr_best_integration\keyframes_full\v20\v20_00810s.png,success,fast
v20,Python,82,820,1240.841,10,C:\NCKH\VIDEO_LEARNING_RESEARCH\data\processed\ocr_best_integration\keyframes_full\v20\v20_00820s.png,success,fast
v20,Python,83,830,1240.841,10,C:\NCKH\VIDEO_LEARNING_RESEARCH\data\processed\ocr_best_integration\keyframes_full\v20\v20_00830s.png,success,fast
v20,Python,84,840,1240.841,10,C:\NCKH\VIDEO_LEARNING_RESEARCH\data\processed\ocr_best_integration\keyframes_full\v20\v20_00840s.png,success,fast
v20,Python,85,850,1240.841,10,C:\NCKH\VIDEO_LEARNING_RESEARCH\data\processed\ocr_best_integration\keyframes_full\v20\v20_00850s.png,success,recovery
v20,Python,86,860,1240.841,10,C:\NCKH\VIDEO_LEARNING_RESEARCH\data\processed\ocr_best_integration\keyframes_full\v20\v20_00860s.png,success,fast
v20,Python,87,870,1240.841,10,C:\NCKH\VIDEO_LEARNING_RESEARCH\data\processed\ocr_best_integration\keyframes_full\v20\v20_00870s.png,success,fast
v20,Python,88,880,1240.841,10,C:\NCKH\VIDEO_LEARNING_RESEARCH\data\processed\ocr_best_integration\keyframes_full\v20\v20_00880s.png,success,fast
v20,Python,89,890,1240.841,10,C:\NCKH\VIDEO_LEARNING_RESEARCH\data\processed\ocr_best_integration\keyframes_full\v20\v20_00890s.png,success,fast
v20,Python,90,900,1240.841,10,C:\NCKH\VIDEO_LEARNING_RESEARCH\data\processed\ocr_best_integration\keyframes_full\v20\v20_00900s.png,success,fast
v20,Python,91,910,1240.841,10,C:\NCKH\VIDEO_LEARNING_RESEARCH\data\processed\ocr_best_integration\keyframes_full\v20\v20_00910s.png,success,recovery
v20,Python,92,920,1240.841,10,C:\NCKH\VIDEO_LEARNING_RESEARCH\data\processed\ocr_best_integration\keyframes_full\v20\v20_00920s.png,success,fast
v20,Python,93,930,1240.841,10,C:\NCKH\VIDEO_LEARNING_RESEARCH\data\processed\ocr_best_integration\keyframes_full\v20\v20_00930s.png,success,fast
v20,Python,94,940,1240.841,10,C:\NCKH\VIDEO_LEARNING_RESEARCH\data\processed\ocr_best_integration\keyframes_full\v20\v20_00940s.png,success,fast
v20,Python,95,950,1240.841,10,C:\NCKH\VIDEO_LEARNING_RESEARCH\data\processed\ocr_best_integration\keyframes_full\v20\v20_00950s.png,success,fast
v20,Python,96,960,1240.841,10,C:\NCKH\VIDEO_LEARNING_RESEARCH\data\processed\ocr_best_integration\keyframes_full\v20\v20_00960s.png,success,fast
v20,Python,97,970,1240.841,10,C:\NCKH\VIDEO_LEARNING_RESEARCH\data\processed\ocr_best_integration\keyframes_full\v20\v20_00970s.png,success,recovery
v20,Python,98,980,1240.841,10,C:\NCKH\VIDEO_LEARNING_RESEARCH\data\processed\ocr_best_integration\keyframes_full\v20\v20_00980s.png,success,fast
v20,Python,99,990,1240.841,10,C:\NCKH\VIDEO_LEARNING_RESEARCH\data\processed\ocr_best_integration\keyframes_full\v20\v20_00990s.png,success,fast
v20,Python,100,1000,1240.841,10,C:\NCKH\VIDEO_LEARNING_RESEARCH\data\processed\ocr_best_integration\keyframes_full\v20\v20_01000s.png,success,fast
v20,Python,101,1010,1240.841,10,C:\NCKH\VIDEO_LEARNING_RESEARCH\data\processed\ocr_best_integration\keyframes_full\v20\v20_01010s.png,success,fast
v20,Python,102,1020,1240.841,10,C:\NCKH\VIDEO_LEARNING_RESEARCH\data\processed\ocr_best_integration\keyframes_full\v20\v20_01020s.png,success,fast
v20,Python,103,1030,1240.841,10,,failed,failed
v20,Python,104,1040,1240.841,10,C:\NCKH\VIDEO_LEARNING_RESEARCH\data\processed\ocr_best_integration\keyframes_full\v20\v20_01040s.png,success,fast
v20,Python,105,1050,1240.841,10,C:\NCKH\VIDEO_LEARNING_RESEARCH\data\processed\ocr_best_integration\keyframes_full\v20\v20_01050s.png,success,fast
v20,Python,106,1060,1240.841,10,C:\NCKH\VIDEO_LEARNING_RESEARCH\data\processed\ocr_best_integration\keyframes_full\v20\v20_01060s.png,success,fast
v20,Python,107,1070,1240.841,10,C:\NCKH\VIDEO_LEARNING_RESEARCH\data\processed\ocr_best_integration\keyframes_full\v20\v20_01070s.png,success,fast
v20,Python,108,1080,1240.841,10,C:\NCKH\VIDEO_LEARNING_RESEARCH\data\processed\ocr_best_integration\keyframes_full\v20\v20_01080s.png,success,fast
v20,Python,109,1090,1240.841,10,C:\NCKH\VIDEO_LEARNING_RESEARCH\data\processed\ocr_best_integration\keyframes_full\v20\v20_01090s.png,success,recovery
v20,Python,110,1100,1240.841,10,C:\NCKH\VIDEO_LEARNING_RESEARCH\data\processed\ocr_best_integration\keyframes_full\v20\v20_01100s.png,success,fast
v20,Python,111,1110,1240.841,10,C:\NCKH\VIDEO_LEARNING_RESEARCH\data\processed\ocr_best_integration\keyframes_full\v20\v20_01110s.png,success,fast
v20,Python,112,1120,1240.841,10,C:\NCKH\VIDEO_LEARNING_RESEARCH\data\processed\ocr_best_integration\keyframes_full\v20\v20_01120s.png,success,fast
v20,Python,113,1130,1240.841,10,C:\NCKH\VIDEO_LEARNING_RESEARCH\data\processed\ocr_best_integration\keyframes_full\v20\v20_01130s.png,success,fast
v20,Python,114,1140,1240.841,10,C:\NCKH\VIDEO_LEARNING_RESEARCH\data\processed\ocr_best_integration\keyframes_full\v20\v20_01140s.png,success,fast
v20,Python,115,1150,1240.841,10,C:\NCKH\VIDEO_LEARNING_RESEARCH\data\processed\ocr_best_integration\keyframes_full\v20\v20_01150s.png,success,recovery
v20,Python,116,1160,1240.841,10,C:\NCKH\VIDEO_LEARNING_RESEARCH\data\processed\ocr_best_integration\keyframes_full\v20\v20_01160s.png,success,fast
v20,Python,117,1170,1240.841,10,C:\NCKH\VIDEO_LEARNING_RESEARCH\data\processed\ocr_best_integration\keyframes_full\v20\v20_01170s.png,success,fast
v20,Python,118,1180,1240.841,10,C:\NCKH\VIDEO_LEARNING_RESEARCH\data\processed\ocr_best_integration\keyframes_full\v20\v20_01180s.png,success,fast
v20,Python,119,1190,1240.841,10,C:\NCKH\VIDEO_LEARNING_RESEARCH\data\processed\ocr_best_integration\keyframes_full\v20\v20_01190s.png,success,fast
v20,Python,120,1200,1240.841,10,C:\NCKH\VIDEO_LEARNING_RESEARCH\data\processed\ocr_best_integration\keyframes_full\v20\v20_01200s.png,success,fast
v20,Python,121,1210,1240.841,10,C:\NCKH\VIDEO_LEARNING_RESEARCH\data\processed\ocr_best_integration\keyframes_full\v20\v20_01210s.png,success,recovery
v20,Python,122,1220,1240.841,10,C:\NCKH\VIDEO_LEARNING_RESEARCH\data\processed\ocr_best_integration\keyframes_full\v20\v20_01220s.png,success,fast
v20,Python,123,1230,1240.841,10,C:\NCKH\VIDEO_LEARNING_RESEARCH\data\processed\ocr_best_integration\keyframes_full\v20\v20_01230s.png,success,fast
