video_id,subject,old_candidate_concepts,old_gt_positive,old_predicted_positive,old_tp,old_fp,old_fn,old_tn,old_precision,old_recall,old_f1,old_accuracy,new_candidate_concepts,new_gt_positive,new_predicted_positive,new_tp,new_fp,new_fn,new_tn,new_precision,new_recall,new_f1,new_accuracy,delta_precision_new_minus_old,delta_recall_new_minus_old,delta_f1_new_minus_old,delta_fp_new_minus_old,delta_fn_new_minus_old
v1,SQL,11,10,10,9,1,1,0,0.9,0.9,0.9,0.8181818181818182,11,10,8,8,0,2,1,1.0,0.8,0.888888888888889,0.8181818181818182,0.09999999999999998,-0.09999999999999998,-0.011111111111111072,-1,1
v2,Python,9,7,8,7,1,0,1,0.875,1.0,0.9333333333333332,0.8888888888888888,9,7,8,7,1,0,1,0.875,1.0,0.9333333333333332,0.8888888888888888,0.0,0.0,0.0,0,0
v3,Java,9,9,8,8,0,1,0,1.0,0.8888888888888888,0.9411764705882352,0.8888888888888888,9,9,5,5,0,4,0,1.0,0.5555555555555556,0.7142857142857143,0.5555555555555556,0.0,-0.33333333333333326,-0.22689075630252087,0,3
v4,SQL,11,6,7,5,2,1,3,0.7142857142857143,0.8333333333333334,0.7692307692307692,0.7272727272727273,11,6,2,2,0,4,5,1.0,0.3333333333333333,0.5,0.6363636363636364,0.2857142857142857,-0.5,-0.26923076923076916,-2,3
v5,Java,9,8,9,8,1,0,0,0.8888888888888888,1.0,0.9411764705882352,0.8888888888888888,9,8,6,6,0,2,1,1.0,0.75,0.8571428571428571,0.7777777777777778,0.11111111111111116,-0.25,-0.08403361344537807,-1,2
v6,SQL,11,6,6,5,1,1,4,0.8333333333333334,0.8333333333333334,0.8333333333333334,0.8181818181818182,11,6,6,5,1,1,4,0.8333333333333334,0.8333333333333334,0.8333333333333334,0.8181818181818182,0.0,0.0,0.0,0,0
v7,SQL,11,5,7,4,3,1,3,0.5714285714285714,0.8,0.6666666666666666,0.6363636363636364,11,5,4,3,1,2,5,0.75,0.6,0.6666666666666665,0.7272727272727273,0.1785714285714286,-0.20000000000000007,-1.1102230246251565e-16,-2,1
v8,SQL,11,9,11,9,2,0,0,0.8181818181818182,1.0,0.9,0.8181818181818182,11,9,11,9,2,0,0,0.8181818181818182,1.0,0.9,0.8181818181818182,0.0,0.0,0.0,0,0
v9,SQL,11,2,8,2,6,0,3,0.25,1.0,0.4,0.4545454545454545,11,2,4,2,2,0,7,0.5,1.0,0.6666666666666666,0.8181818181818182,0.25,0.0,0.2666666666666666,-4,0
v10,SQL,11,4,8,4,4,0,3,0.5,1.0,0.6666666666666666,0.6363636363636364,11,4,7,4,3,0,4,0.5714285714285714,1.0,0.7272727272727273,0.7272727272727273,0.0714285714285714,0.0,0.06060606060606066,-1,0
v11,SQL,11,6,7,5,2,1,3,0.7142857142857143,0.8333333333333334,0.7692307692307692,0.7272727272727273,11,6,7,4,3,2,2,0.5714285714285714,0.6666666666666666,0.6153846153846153,0.5454545454545454,-0.1428571428571429,-0.16666666666666674,-0.15384615384615385,1,1
v12,SQL,11,4,10,4,6,0,1,0.4,1.0,0.5714285714285715,0.4545454545454545,11,4,5,4,1,0,6,0.8,1.0,0.888888888888889,0.9090909090909092,0.4,0.0,0.31746031746031744,-5,0
v13,SQL,11,9,10,9,1,0,1,0.9,1.0,0.9473684210526316,0.9090909090909092,11,9,9,8,1,1,1,0.8888888888888888,0.8888888888888888,0.8888888888888888,0.8181818181818182,-0.011111111111111183,-0.11111111111111116,-0.0584795321637428,0,1
v14,Python,9,6,7,5,2,1,1,0.7142857142857143,0.8333333333333334,0.7692307692307692,0.6666666666666666,9,6,4,3,1,3,2,0.75,0.5,0.6,0.5555555555555556,0.0357142857142857,-0.33333333333333337,-0.16923076923076918,-1,2
v15,Python,9,4,6,3,3,1,2,0.5,0.75,0.6,0.5555555555555556,9,4,6,3,3,1,2,0.5,0.75,0.6,0.5555555555555556,0.0,0.0,0.0,0,0
v16,Python,9,2,5,2,3,0,4,0.4,1.0,0.5714285714285715,0.6666666666666666,9,2,2,2,0,0,7,1.0,1.0,1.0,1.0,0.6,0.0,0.4285714285714285,-3,0
v17,Python,9,4,5,3,2,1,3,0.6,0.75,0.6666666666666665,0.6666666666666666,9,4,4,3,1,1,4,0.75,0.75,0.75,0.7777777777777778,0.15000000000000002,0.0,0.08333333333333348,-1,0
v18,Python,9,3,7,2,5,1,1,0.2857142857142857,0.6666666666666666,0.4,0.3333333333333333,9,3,8,3,5,0,1,0.375,1.0,0.5454545454545454,0.4444444444444444,0.0892857142857143,0.33333333333333337,0.1454545454545454,0,-1
v19,Python,9,2,6,2,4,0,3,0.3333333333333333,1.0,0.5,0.5555555555555556,9,2,4,2,2,0,5,0.5,1.0,0.6666666666666666,0.7777777777777778,0.16666666666666669,0.0,0.16666666666666663,-2,0
v20,Python,9,7,9,7,2,0,0,0.7777777777777778,1.0,0.8750000000000001,0.7777777777777778,9,7,8,6,2,1,0,0.75,0.8571428571428571,0.7999999999999999,0.6666666666666666,-0.02777777777777779,-0.1428571428571429,-0.07500000000000018,0,1
v21,Python,9,1,8,1,7,0,1,0.125,1.0,0.2222222222222222,0.2222222222222222,9,1,6,1,5,0,3,0.1666666666666666,1.0,0.2857142857142857,0.4444444444444444,0.0416666666666666,0.0,0.06349206349206349,-2,0
v22,Python,9,1,2,1,1,0,7,0.5,1.0,0.6666666666666666,0.8888888888888888,9,1,1,1,0,0,8,1.0,1.0,1.0,1.0,0.5,0.0,0.33333333333333337,-1,0
v23,Java,9,3,9,3,6,0,0,0.3333333333333333,1.0,0.5,0.3333333333333333,9,3,9,3,6,0,0,0.3333333333333333,1.0,0.5,0.3333333333333333,0.0,0.0,0.0,0,0
v24,Java,9,1,9,1,8,0,0,0.1111111111111111,1.0,0.1999999999999999,0.1111111111111111,9,1,3,1,2,0,6,0.3333333333333333,1.0,0.5,0.7777777777777778,0.2222222222222222,0.0,0.3000000000000001,-6,0
v25,Java,9,2,6,2,4,0,3,0.3333333333333333,1.0,0.5,0.5555555555555556,9,2,2,2,0,0,7,1.0,1.0,1.0,1.0,0.6666666666666667,0.0,0.5,-4,0
v26,Java,9,3,9,3,6,0,0,0.3333333333333333,1.0,0.5,0.3333333333333333,9,3,2,2,0,1,6,1.0,0.6666666666666666,0.8,0.8888888888888888,0.6666666666666667,-0.33333333333333337,0.30000000000000004,-6,1
v27,Java,9,2,7,2,5,0,2,0.2857142857142857,1.0,0.4444444444444445,0.4444444444444444,9,2,6,2,4,0,3,0.3333333333333333,1.0,0.5,0.5555555555555556,0.047619047619047616,0.0,0.055555555555555525,-1,0
v28,Java,9,2,9,2,7,0,0,0.2222222222222222,1.0,0.3636363636363636,0.2222222222222222,9,2,7,2,5,0,2,0.2857142857142857,1.0,0.4444444444444445,0.4444444444444444,0.06349206349206349,0.0,0.08080808080808088,-2,0
v29,Java,9,6,6,4,2,2,1,0.6666666666666666,0.6666666666666666,0.6666666666666666,0.5555555555555556,9,6,4,4,0,2,3,1.0,0.6666666666666666,0.8,0.7777777777777778,0.33333333333333337,0.0,0.13333333333333341,-2,0
v30,Java,9,4,3,2,1,2,4,0.6666666666666666,0.5,0.5714285714285715,0.6666666666666666,9,4,2,2,0,2,5,1.0,0.5,0.6666666666666666,0.7777777777777778,0.33333333333333337,0.0,0.09523809523809512,-1,0
v31,C++,10,2,10,2,8,0,0,0.2,1.0,0.3333333333333333,0.2,10,2,7,2,5,0,3,0.2857142857142857,1.0,0.4444444444444445,0.5,0.08571428571428569,0.0,0.11111111111111116,-3,0
v32,C++,10,2,7,2,5,0,3,0.2857142857142857,1.0,0.4444444444444445,0.5,10,2,4,2,2,0,6,0.5,1.0,0.6666666666666666,0.8,0.2142857142857143,0.0,0.22222222222222215,-3,0
v33,C++,10,2,5,2,3,0,5,0.4,1.0,0.5714285714285715,0.7,10,2,1,1,0,1,8,1.0,0.5,0.6666666666666666,0.9,0.6,-0.5,0.09523809523809512,-3,1
v34,C++,10,1,7,1,6,0,3,0.1428571428571428,1.0,0.25,0.4,10,1,3,1,2,0,7,0.3333333333333333,1.0,0.5,0.8,0.19047619047619052,0.0,0.25,-4,0
v35,C++,10,2,7,2,5,0,3,0.2857142857142857,1.0,0.4444444444444445,0.5,10,2,3,1,2,1,6,0.3333333333333333,0.5,0.4,0.7,0.047619047619047616,-0.5,-0.04444444444444445,-3,1
v36,C++,10,2,10,2,8,0,0,0.2,1.0,0.3333333333333333,0.2,10,2,10,2,8,0,0,0.2,1.0,0.3333333333333333,0.2,0.0,0.0,0.0,0,0
v37,C++,10,1,6,1,5,0,4,0.1666666666666666,1.0,0.2857142857142857,0.5,10,1,3,1,2,0,7,0.3333333333333333,1.0,0.5,0.8,0.1666666666666667,0.0,0.2142857142857143,-3,0
v38,C++,10,1,6,1,5,0,4,0.1666666666666666,1.0,0.2857142857142857,0.5,10,1,4,1,3,0,6,0.25,1.0,0.4,0.7,0.0833333333333334,0.0,0.11428571428571432,-2,0
v39,C++,10,1,8,1,7,0,2,0.125,1.0,0.2222222222222222,0.3,10,1,4,1,3,0,6,0.25,1.0,0.4,0.7,0.125,0.0,0.1777777777777778,-4,0
v40,C++,10,1,8,1,7,0,2,0.125,1.0,0.2222222222222222,0.3,10,1,2,1,1,0,8,0.5,1.0,0.6666666666666666,0.9,0.375,0.0,0.4444444444444444,-6,0
