video_id,subject,method,chunk_id,start_sec,end_sec,concept,lda_score,lsa_score,lda_norm,lsa_norm,final_score,rank
v1,SQL,transcript_ocr,0,0.0,60.0,select,0.121552,0.0682,0.656764,1.0,0.862706,1
v1,SQL,transcript_ocr,0,0.0,60.0,join,0.081168,0.0639,0.403721,0.922939,0.715252,2
v1,SQL,transcript_ocr,0,0.0,60.0,left join,0.17633,0.0353,1.0,0.410394,0.646237,3
v1,SQL,transcript_ocr,1,60.0,120.0,join,0.145818,0.0605,1.0,1.0,1.0,1
v1,SQL,transcript_ocr,1,60.0,120.0,select,0.118734,0.0561,0.766841,0.921005,0.85934,2
v1,SQL,transcript_ocr,1,60.0,120.0,left join,0.101025,0.0578,0.614389,0.951526,0.816671,3
v1,SQL,transcript_ocr,2,120.0,180.0,join,0.186114,0.0908,1.0,1.0,1.0,1
v1,SQL,transcript_ocr,2,120.0,180.0,select,0.116924,0.0576,0.553007,0.605701,0.584623,2
v1,SQL,transcript_ocr,2,120.0,180.0,inner join,0.125944,0.0537,0.61128,0.559382,0.580141,3
v1,SQL,transcript_ocr,3,180.0,240.0,join,0.209582,0.093,1.0,1.0,1.0,1
v1,SQL,transcript_ocr,3,180.0,240.0,inner join,0.143181,0.0584,0.637226,0.61036,0.621107,2
v1,SQL,transcript_ocr,3,180.0,240.0,select,0.115877,0.0461,0.488054,0.471847,0.47833,3
v1,SQL,transcript_ocr,4,240.0,300.0,join,0.209585,0.1155,1.0,0.829232,0.897539,1
v1,SQL,transcript_ocr,4,240.0,300.0,inner join,0.143183,0.1384,0.637227,1.0,0.854891,2
v1,SQL,transcript_ocr,4,240.0,300.0,select,0.115879,0.0435,0.488057,0.292319,0.370614,3
v1,SQL,transcript_ocr,5,300.0,360.0,join,0.20959,0.116,1.0,0.910509,0.946305,1
v1,SQL,transcript_ocr,5,300.0,360.0,inner join,0.143186,0.1269,0.637228,1.0,0.854891,2
v1,SQL,transcript_ocr,5,300.0,360.0,left join,0.026544,0.0866,0.0,0.66913,0.401478,3
v1,SQL,transcript_ocr,6,360.0,420.0,join,0.209575,0.1301,1.0,1.0,1.0,1
v1,SQL,transcript_ocr,6,360.0,420.0,inner join,0.143176,0.0914,0.637221,0.664062,0.653326,2
v1,SQL,transcript_ocr,6,360.0,420.0,select,0.115875,0.1004,0.488059,0.742188,0.640536,3
v1,SQL,transcript_ocr,7,420.0,480.0,join,0.209562,0.0991,1.0,1.0,1.0,1
v1,SQL,transcript_ocr,7,420.0,480.0,select,0.115871,0.0864,0.488066,0.851636,0.706208,2
v1,SQL,transcript_ocr,7,420.0,480.0,inner join,0.143167,0.0622,0.637214,0.568925,0.596241,3
v1,SQL,transcript_ocr,8,480.0,540.0,join,0.209567,0.0989,1.0,1.0,1.0,1
v1,SQL,transcript_ocr,8,480.0,540.0,select,0.115872,0.0842,0.488061,0.851365,0.706044,2
v1,SQL,transcript_ocr,8,480.0,540.0,inner join,0.14317,0.0585,0.637215,0.591507,0.60979,3
v1,SQL,transcript_ocr,9,540.0,600.0,join,0.209568,0.103,1.0,0.929648,0.957789,1
v1,SQL,transcript_ocr,9,540.0,600.0,select,0.115873,0.11,0.488064,1.0,0.795226,2
v1,SQL,transcript_ocr,9,540.0,600.0,inner join,0.143171,0.0661,0.637216,0.558794,0.590163,3
v1,SQL,transcript_ocr,10,600.0,660.0,join,0.209572,0.0959,1.0,0.864472,0.918683,1
v1,SQL,transcript_ocr,10,600.0,660.0,select,0.115874,0.1099,0.488062,1.0,0.795225,2
v1,SQL,transcript_ocr,10,600.0,660.0,inner join,0.143174,0.0659,0.637221,0.574056,0.599322,3
v1,SQL,transcript_ocr,11,660.0,720.0,join,0.209572,0.1155,1.0,0.868695,0.921217,1
v1,SQL,transcript_ocr,11,660.0,720.0,inner join,0.143174,0.1319,0.637221,1.0,0.854888,2
v1,SQL,transcript_ocr,11,660.0,720.0,select,0.115874,0.1057,0.488062,0.790232,0.669364,3
v1,SQL,transcript_ocr,12,720.0,780.0,join,0.20938,0.101,1.0,0.911538,0.946923,1
v1,SQL,transcript_ocr,12,720.0,780.0,inner join,0.14304,0.1102,0.637108,1.0,0.854843,2
v1,SQL,transcript_ocr,12,720.0,780.0,select,0.115807,0.0992,0.488138,0.894231,0.731794,3
v2,Python,transcript_ocr,0,0.0,60.0,range,0.424834,0.1484,1.0,0.909314,0.945588,1
v2,Python,transcript_ocr,0,0.0,60.0,for loop,0.30384,0.1632,0.713468,1.0,0.885387,2
v2,Python,transcript_ocr,0,0.0,60.0,for,0.343195,0.1313,0.806667,0.804534,0.805387,3
v2,Python,transcript_ocr,1,60.0,120.0,range,0.425057,0.154,1.0,0.969163,0.981498,1
v2,Python,transcript_ocr,1,60.0,120.0,for loop,0.303989,0.1589,0.713446,1.0,0.885379,2
v2,Python,transcript_ocr,1,60.0,120.0,for,0.343358,0.1126,0.806628,0.708622,0.747824,3
v2,Python,transcript_ocr,2,120.0,180.0,range,0.425069,0.1491,1.0,1.0,1.0,1
v2,Python,transcript_ocr,2,120.0,180.0,for,0.343366,0.1083,0.806625,0.727455,0.759123,2
v2,Python,transcript_ocr,2,120.0,180.0,for loop,0.303996,0.0961,0.713443,0.645959,0.672953,3
v2,Python,transcript_ocr,3,180.0,240.0,range,0.424955,0.1574,1.0,1.0,1.0,1
v2,Python,transcript_ocr,3,180.0,240.0,for,0.343283,0.1357,0.806645,0.862222,0.839991,2
v2,Python,transcript_ocr,3,180.0,240.0,for loop,0.30392,0.1292,0.713455,0.820952,0.777953,3
v2,Python,transcript_ocr,4,240.0,300.0,range,0.42509,0.1256,1.0,0.871012,0.922607,1
v2,Python,transcript_ocr,4,240.0,300.0,for loop,0.304011,0.1442,0.713444,1.0,0.885377,2
v2,Python,transcript_ocr,4,240.0,300.0,for,0.343382,0.124,0.806622,0.859917,0.838599,3
v2,Python,transcript_ocr,5,300.0,360.0,for,0.34315,0.1444,0.806678,0.841983,0.827861,1
v2,Python,transcript_ocr,5,300.0,360.0,range,0.424772,0.1021,1.0,0.595335,0.757201,2
v2,Python,transcript_ocr,5,300.0,360.0,break,0.064559,0.1715,0.146835,1.0,0.658734,3
v2,Python,transcript_ocr,6,360.0,420.0,for loop,0.303968,0.1844,0.713449,1.0,0.88538,1
v2,Python,transcript_ocr,6,360.0,420.0,range,0.425026,0.1281,1.0,0.694685,0.816811,2
v2,Python,transcript_ocr,6,360.0,420.0,for,0.343335,0.1289,0.806633,0.699024,0.742068,3
v2,Python,transcript_ocr,7,420.0,480.0,range,0.424944,0.2048,1.0,1.0,1.0,1
v2,Python,transcript_ocr,7,420.0,480.0,for,0.343275,0.1897,0.806647,0.92627,0.878421,2
v2,Python,transcript_ocr,7,420.0,480.0,for loop,0.303913,0.1852,0.713457,0.904297,0.827961,3
v2,Python,transcript_ocr,8,480.0,540.0,range,0.425082,0.2287,1.0,1.0,1.0,1
v2,Python,transcript_ocr,8,480.0,540.0,for loop,0.304005,0.2118,0.713443,0.926104,0.84104,2
v2,Python,transcript_ocr,8,480.0,540.0,for,0.343376,0.1649,0.806624,0.721032,0.755269,3
v2,Python,transcript_ocr,9,540.0,600.0,range,0.424917,0.1787,1.0,1.0,1.0,1
v2,Python,transcript_ocr,9,540.0,600.0,for loop,0.303895,0.1325,0.713459,0.741466,0.730263,2
v2,Python,transcript_ocr,9,540.0,600.0,for,0.343255,0.1175,0.806651,0.657527,0.717176,3
v2,Python,transcript_ocr,10,600.0,660.0,range,0.425178,0.2315,1.0,1.0,1.0,1
v2,Python,transcript_ocr,10,600.0,660.0,for,0.343446,0.1265,0.806606,0.546436,0.650504,2
v2,Python,transcript_ocr,10,600.0,660.0,for loop,0.304069,0.134,0.713433,0.578834,0.632673,3
v2,Python,transcript_ocr,11,660.0,720.0,range,0.425015,0.2458,1.0,0.913755,0.948253,1
v2,Python,transcript_ocr,11,660.0,720.0,list,0.223217,0.269,0.522321,1.0,0.808928,2
v2,Python,transcript_ocr,11,660.0,720.0,for,0.343327,0.1589,0.806635,0.590706,0.677078,3
v2,Python,transcript_ocr,12,720.0,780.0,range,0.424895,0.1572,1.0,1.0,1.0,1
v2,Python,transcript_ocr,12,720.0,780.0,for loop,0.303881,0.1098,0.713463,0.698473,0.704469,2
v2,Python,transcript_ocr,12,720.0,780.0,for,0.343239,0.0873,0.806655,0.555344,0.655868,3
v2,Python,transcript_ocr,13,780.0,840.0,range,0.352598,0.1567,1.0,1.0,1.0,1
v2,Python,transcript_ocr,13,780.0,840.0,for loop,0.253519,0.1547,0.717014,0.987237,0.879148,2
v2,Python,transcript_ocr,13,780.0,840.0,for,0.287003,0.1139,0.81265,0.726867,0.76118,3
v2,Python,transcript_ocr,14,840.0,900.0,range,0.316813,0.1573,1.0,0.899371,0.939623,1
v2,Python,transcript_ocr,14,840.0,900.0,for loop,0.228154,0.1749,0.718271,1.0,0.887308,2
v2,Python,transcript_ocr,14,840.0,900.0,for,0.258428,0.1206,0.814472,0.689537,0.739511,3
v3,Java,transcript_ocr,0,0.0,60.0,abstract class,0.416587,0.301,1.0,1.0,1.0,1
v3,Java,transcript_ocr,0,0.0,60.0,class,0.240193,0.1867,0.442486,0.537808,0.49968,2
v3,Java,transcript_ocr,0,0.0,60.0,object,0.209214,0.1966,0.344574,0.577841,0.484534,3
v3,Java,transcript_ocr,1,60.0,120.0,abstract class,0.431693,0.2139,1.0,1.0,1.0,1
v3,Java,transcript_ocr,1,60.0,120.0,class,0.235356,0.1796,0.429768,0.839645,0.675694,2
v3,Java,transcript_ocr,1,60.0,120.0,object,0.198769,0.1781,0.323507,0.832632,0.628982,3
v3,Java,transcript_ocr,2,120.0,180.0,abstract class,0.431882,0.2636,1.0,0.886628,0.931977,1
v3,Java,transcript_ocr,2,120.0,180.0,abstract method,0.265201,0.2909,0.516142,1.0,0.806457,2
v3,Java,transcript_ocr,2,120.0,180.0,implements,0.24705,0.0903,0.463451,0.166944,0.285547,3
v3,Java,transcript_ocr,3,180.0,240.0,abstract class,0.431852,0.2102,1.0,1.0,1.0,1
v3,Java,transcript_ocr,3,180.0,240.0,abstract method,0.265181,0.2019,0.516133,0.950858,0.776968,2
v3,Java,transcript_ocr,3,180.0,240.0,class,0.235424,0.0833,0.429744,0.248668,0.321098,3
v3,Java,transcript_ocr,4,240.0,300.0,abstract class,0.431834,0.1785,1.0,1.0,1.0,1
v3,Java,transcript_ocr,4,240.0,300.0,abstract method,0.265168,0.1501,0.516123,0.812541,0.693974,2
v3,Java,transcript_ocr,4,240.0,300.0,implements,0.247029,0.1541,0.463461,0.838944,0.688751,3
v3,Java,transcript_ocr,5,300.0,360.0,implements,0.247036,0.1918,0.463459,1.0,0.785384,1
v3,Java,transcript_ocr,5,300.0,360.0,interface,0.117503,0.1618,0.087405,0.802372,0.516385,2
v3,Java,transcript_ocr,5,300.0,360.0,abstract method,0.265178,0.1172,0.516128,0.508564,0.51159,3
v3,Java,transcript_ocr,6,360.0,420.0,abstract class,0.431807,0.1747,1.0,1.0,1.0,1
v3,Java,transcript_ocr,6,360.0,420.0,implements,0.247017,0.0982,0.463467,0.54947,0.515069,2
v3,Java,transcript_ocr,6,360.0,420.0,abstract method,0.265149,0.0869,0.516113,0.482921,0.496198,3
v3,Java,transcript_ocr,7,420.0,480.0,abstract class,0.209409,0.0,1.0,0.0,0.4,1
v3,Java,transcript_ocr,7,420.0,480.0,implements,0.128315,-0.0,0.500277,0.0,0.200111,2
v3,Java,transcript_ocr,7,420.0,480.0,class,0.126295,-0.0,0.48783,0.0,0.195132,3
v4,SQL,transcript_ocr,0,0.0,60.0,group by,0.426279,0.3173,1.0,1.0,1.0,1
v4,SQL,transcript_ocr,0,0.0,60.0,order by,0.250147,0.1315,0.561087,0.372933,0.448194,2
v4,SQL,transcript_ocr,0,0.0,60.0,having,0.153707,0.1123,0.320762,0.308134,0.313185,3
v4,SQL,transcript_ocr,1,60.0,120.0,group by,0.426437,0.3825,1.0,1.0,1.0,1
v4,SQL,transcript_ocr,1,60.0,120.0,order by,0.250234,0.1055,0.56109,0.245026,0.371452,2
v4,SQL,transcript_ocr,1,60.0,120.0,count,0.207023,0.0878,0.453454,0.196784,0.299452,3
v4,SQL,transcript_ocr,2,120.0,180.0,group by,0.427762,0.2722,1.0,1.0,1.0,1
v4,SQL,transcript_ocr,2,120.0,180.0,count,0.207624,0.2461,0.453527,0.901435,0.722272,2
v4,SQL,transcript_ocr,2,120.0,180.0,order by,0.250959,0.0925,0.561102,0.321375,0.417266,3
v4,SQL,transcript_ocr,3,180.0,240.0,group by,0.428097,0.1462,1.0,1.0,1.0,1
v4,SQL,transcript_ocr,3,180.0,240.0,count,0.207777,0.0786,0.453548,0.53762,0.503991,2
v4,SQL,transcript_ocr,3,180.0,240.0,order by,0.251142,0.053,0.561105,0.362517,0.441952,3
v4,SQL,transcript_ocr,4,240.0,300.0,group by,0.427964,0.1474,1.0,1.0,1.0,1
v4,SQL,transcript_ocr,4,240.0,300.0,order by,0.251069,0.0588,0.561104,0.376934,0.450602,2
v4,SQL,transcript_ocr,4,240.0,300.0,having,0.154274,0.0807,0.320944,0.530942,0.446943,3
v4,SQL,transcript_ocr,5,300.0,360.0,group by,0.365028,0.2896,1.0,1.0,1.0,1
v4,SQL,transcript_ocr,5,300.0,360.0,having,0.135533,0.2172,0.31771,0.741151,0.571775,2
v4,SQL,transcript_ocr,5,300.0,360.0,order by,0.216895,0.1525,0.5596,0.509832,0.529739,3
v4,SQL,transcript_ocr,6,360.0,420.0,group by,0.428095,0.1308,1.0,1.0,1.0,1
v4,SQL,transcript_ocr,6,360.0,420.0,count,0.207776,0.1087,0.453548,0.815833,0.670919,2
v4,SQL,transcript_ocr,6,360.0,420.0,select,0.132512,0.1001,0.266873,0.744167,0.553249,3
v4,SQL,transcript_ocr,7,420.0,480.0,count,0.207689,0.1098,0.453535,1.0,0.781414,1
v4,SQL,transcript_ocr,7,420.0,480.0,group by,0.427905,0.0548,1.0,0.499089,0.699454,2
v4,SQL,transcript_ocr,7,420.0,480.0,aggregate function,0.172507,0.0976,0.366231,0.888889,0.679826,3
v5,Java,transcript_ocr,0,0.0,60.0,inheritance,0.341314,0.2261,0.825281,1.0,0.930112,1
v5,Java,transcript_ocr,0,0.0,60.0,object,0.370684,0.2084,0.921539,0.904634,0.911396,2
v5,Java,transcript_ocr,0,0.0,60.0,class,0.343337,0.2172,0.831911,0.952047,0.903993,3
v5,Java,transcript_ocr,1,60.0,120.0,object,0.370493,0.263,0.921531,1.0,0.968613,1
v5,Java,transcript_ocr,1,60.0,120.0,implements,0.394421,0.2258,1.0,0.798265,0.878959,2
v5,Java,transcript_ocr,1,60.0,120.0,interface,0.316163,0.202,0.743363,0.669197,0.698864,3
v5,Java,transcript_ocr,2,120.0,180.0,implements,0.394621,0.2223,1.0,1.0,1.0,1
v5,Java,transcript_ocr,2,120.0,180.0,object,0.370681,0.2179,0.921538,0.965759,0.94807,2
v5,Java,transcript_ocr,2,120.0,180.0,interface,0.316337,0.2054,0.743429,0.868482,0.818461,3
v5,Java,transcript_ocr,3,180.0,240.0,implements,0.394666,0.2251,1.0,0.974657,0.984794,1
v5,Java,transcript_ocr,3,180.0,240.0,object,0.370724,0.2299,0.921542,1.0,0.968617,2
v5,Java,transcript_ocr,3,180.0,240.0,interface,0.316377,0.2115,0.743446,0.902851,0.839089,3
v5,Java,transcript_ocr,4,240.0,300.0,implements,0.3946,0.2238,1.0,0.970537,0.982322,1
v5,Java,transcript_ocr,4,240.0,300.0,object,0.370662,0.2289,0.92154,1.0,0.968616,2
v5,Java,transcript_ocr,4,240.0,300.0,interface,0.316319,0.1794,0.743423,0.714038,0.725792,3
v5,Java,transcript_ocr,5,300.0,360.0,object,0.370806,0.1915,0.921545,1.0,0.968618,1
v5,Java,transcript_ocr,5,300.0,360.0,implements,0.394753,0.1712,1.0,0.877858,0.926715,2
v5,Java,transcript_ocr,5,300.0,360.0,inheritance,0.34143,0.1535,0.825305,0.77136,0.792938,3
v5,Java,transcript_ocr,6,360.0,420.0,inheritance,0.340872,0.15,0.825187,1.0,0.930075,1
v5,Java,transcript_ocr,6,360.0,420.0,class,0.342927,0.1433,0.831931,0.938645,0.895959,2
v5,Java,transcript_ocr,6,360.0,420.0,object,0.370221,0.1276,0.921514,0.794872,0.845529,3
