video_id,subject,frame_id,timestamp_sec,image_file,status
v1,SQL,0,0,C:\NCKH\VIDEO_LEARNING_RESEARCH\data\processed\keyframes\v1\v1_00000s.png,success
v1,SQL,1,10,C:\NCKH\VIDEO_LEARNING_RESEARCH\data\processed\keyframes\v1\v1_00010s.png,success
v1,SQL,2,20,C:\NCKH\VIDEO_LEARNING_RESEARCH\data\processed\keyframes\v1\v1_00020s.png,success
v1,SQL,3,30,C:\NCKH\VIDEO_LEARNING_RESEARCH\data\processed\keyframes\v1\v1_00030s.png,success
v1,SQL,4,40,C:\NCKH\VIDEO_LEARNING_RESEARCH\data\processed\keyframes\v1\v1_00040s.png,success
v1,SQL,5,50,C:\NCKH\VIDEO_LEARNING_RESEARCH\data\processed\keyframes\v1\v1_00050s.png,success
v1,SQL,6,60,C:\NCKH\VIDEO_LEARNING_RESEARCH\data\processed\keyframes\v1\v1_00060s.png,success
v1,SQL,7,70,C:\NCKH\VIDEO_LEARNING_RESEARCH\data\processed\keyframes\v1\v1_00070s.png,success
v1,SQL,8,80,C:\NCKH\VIDEO_LEARNING_RESEARCH\data\processed\keyframes\v1\v1_00080s.png,success
v1,SQL,9,90,C:\NCKH\VIDEO_LEARNING_RESEARCH\data\processed\keyframes\v1\v1_00090s.png,success
v1,SQL,10,100,C:\NCKH\VIDEO_LEARNING_RESEARCH\data\processed\keyframes\v1\v1_00100s.png,success
v1,SQL,11,110,C:\NCKH\VIDEO_LEARNING_RESEARCH\data\processed\keyframes\v1\v1_00110s.png,success
v1,SQL,12,120,C:\NCKH\VIDEO_LEARNING_RESEARCH\data\processed\keyframes\v1\v1_00120s.png,success
v1,SQL,13,130,C:\NCKH\VIDEO_LEARNING_RESEARCH\data\processed\keyframes\v1\v1_00130s.png,success
v1,SQL,14,140,C:\NCKH\VIDEO_LEARNING_RESEARCH\data\processed\keyframes\v1\v1_00140s.png,success
v1,SQL,15,150,C:\NCKH\VIDEO_LEARNING_RESEARCH\data\processed\keyframes\v1\v1_00150s.png,success
v1,SQL,16,160,C:\NCKH\VIDEO_LEARNING_RESEARCH\data\processed\keyframes\v1\v1_00160s.png,success
v1,SQL,17,170,C:\NCKH\VIDEO_LEARNING_RESEARCH\data\processed\keyframes\v1\v1_00170s.png,success
v1,SQL,18,180,C:\NCKH\VIDEO_LEARNING_RESEARCH\data\processed\keyframes\v1\v1_00180s.png,success
v1,SQL,19,190,C:\NCKH\VIDEO_LEARNING_RESEARCH\data\processed\keyframes\v1\v1_00190s.png,success
v1,SQL,20,200,C:\NCKH\VIDEO_LEARNING_RESEARCH\data\processed\keyframes\v1\v1_00200s.png,success
v1,SQL,21,210,C:\NCKH\VIDEO_LEARNING_RESEARCH\data\processed\keyframes\v1\v1_00210s.png,success
v1,SQL,22,220,C:\NCKH\VIDEO_LEARNING_RESEARCH\data\processed\keyframes\v1\v1_00220s.png,success
v1,SQL,23,230,C:\NCKH\VIDEO_LEARNING_RESEARCH\data\processed\keyframes\v1\v1_00230s.png,success
v1,SQL,24,240,C:\NCKH\VIDEO_LEARNING_RESEARCH\data\processed\keyframes\v1\v1_00240s.png,success
v1,SQL,25,250,C:\NCKH\VIDEO_LEARNING_RESEARCH\data\processed\keyframes\v1\v1_00250s.png,success
v1,SQL,26,260,C:\NCKH\VIDEO_LEARNING_RESEARCH\data\processed\keyframes\v1\v1_00260s.png,success
v1,SQL,27,270,C:\NCKH\VIDEO_LEARNING_RESEARCH\data\processed\keyframes\v1\v1_00270s.png,success
v1,SQL,28,280,C:\NCKH\VIDEO_LEARNING_RESEARCH\data\processed\keyframes\v1\v1_00280s.png,success
v1,SQL,29,290,C:\NCKH\VIDEO_LEARNING_RESEARCH\data\processed\keyframes\v1\v1_00290s.png,success
v1,SQL,30,300,C:\NCKH\VIDEO_LEARNING_RESEARCH\data\processed\keyframes\v1\v1_00300s.png,success
v1,SQL,31,310,C:\NCKH\VIDEO_LEARNING_RESEARCH\data\processed\keyframes\v1\v1_00310s.png,success
v1,SQL,32,320,C:\NCKH\VIDEO_LEARNING_RESEARCH\data\processed\keyframes\v1\v1_00320s.png,success
v1,SQL,33,330,C:\NCKH\VIDEO_LEARNING_RESEARCH\data\processed\keyframes\v1\v1_00330s.png,success
v1,SQL,34,340,C:\NCKH\VIDEO_LEARNING_RESEARCH\data\processed\keyframes\v1\v1_00340s.png,success
v1,SQL,35,350,C:\NCKH\VIDEO_LEARNING_RESEARCH\data\processed\keyframes\v1\v1_00350s.png,success
v1,SQL,36,360,C:\NCKH\VIDEO_LEARNING_RESEARCH\data\processed\keyframes\v1\v1_00360s.png,success
v1,SQL,37,370,C:\NCKH\VIDEO_LEARNING_RESEARCH\data\processed\keyframes\v1\v1_00370s.png,success
v1,SQL,38,380,C:\NCKH\VIDEO_LEARNING_RESEARCH\data\processed\keyframes\v1\v1_00380s.png,success
v1,SQL,39,390,C:\NCKH\VIDEO_LEARNING_RESEARCH\data\processed\keyframes\v1\v1_00390s.png,success
v1,SQL,40,400,C:\NCKH\VIDEO_LEARNING_RESEARCH\data\processed\keyframes\v1\v1_00400s.png,success
v1,SQL,41,410,C:\NCKH\VIDEO_LEARNING_RESEARCH\data\processed\keyframes\v1\v1_00410s.png,success
v1,SQL,42,420,C:\NCKH\VIDEO_LEARNING_RESEARCH\data\processed\keyframes\v1\v1_00420s.png,success
v1,SQL,43,430,C:\NCKH\VIDEO_LEARNING_RESEARCH\data\processed\keyframes\v1\v1_00430s.png,success
v1,SQL,44,440,C:\NCKH\VIDEO_LEARNING_RESEARCH\data\processed\keyframes\v1\v1_00440s.png,success
v1,SQL,45,450,C:\NCKH\VIDEO_LEARNING_RESEARCH\data\processed\keyframes\v1\v1_00450s.png,success
v1,SQL,46,460,C:\NCKH\VIDEO_LEARNING_RESEARCH\data\processed\keyframes\v1\v1_00460s.png,success
v1,SQL,47,470,C:\NCKH\VIDEO_LEARNING_RESEARCH\data\processed\keyframes\v1\v1_00470s.png,success
v1,SQL,48,480,C:\NCKH\VIDEO_LEARNING_RESEARCH\data\processed\keyframes\v1\v1_00480s.png,success
v1,SQL,49,490,C:\NCKH\VIDEO_LEARNING_RESEARCH\data\processed\keyframes\v1\v1_00490s.png,success
v1,SQL,50,500,C:\NCKH\VIDEO_LEARNING_RESEARCH\data\processed\keyframes\v1\v1_00500s.png,success
v1,SQL,51,510,C:\NCKH\VIDEO_LEARNING_RESEARCH\data\processed\keyframes\v1\v1_00510s.png,success
v1,SQL,52,520,C:\NCKH\VIDEO_LEARNING_RESEARCH\data\processed\keyframes\v1\v1_00520s.png,success
v1,SQL,53,530,C:\NCKH\VIDEO_LEARNING_RESEARCH\data\processed\keyframes\v1\v1_00530s.png,success
v1,SQL,54,540,C:\NCKH\VIDEO_LEARNING_RESEARCH\data\processed\keyframes\v1\v1_00540s.png,success
v1,SQL,55,550,C:\NCKH\VIDEO_LEARNING_RESEARCH\data\processed\keyframes\v1\v1_00550s.png,success
v1,SQL,56,560,C:\NCKH\VIDEO_LEARNING_RESEARCH\data\processed\keyframes\v1\v1_00560s.png,success
v1,SQL,57,570,C:\NCKH\VIDEO_LEARNING_RESEARCH\data\processed\keyframes\v1\v1_00570s.png,success
v1,SQL,58,580,C:\NCKH\VIDEO_LEARNING_RESEARCH\data\processed\keyframes\v1\v1_00580s.png,success
v1,SQL,59,590,C:\NCKH\VIDEO_LEARNING_RESEARCH\data\processed\keyframes\v1\v1_00590s.png,success
v1,SQL,60,600,C:\NCKH\VIDEO_LEARNING_RESEARCH\data\processed\keyframes\v1\v1_00600s.png,success
v1,SQL,61,610,C:\NCKH\VIDEO_LEARNING_RESEARCH\data\processed\keyframes\v1\v1_00610s.png,success
v1,SQL,62,620,C:\NCKH\VIDEO_LEARNING_RESEARCH\data\processed\keyframes\v1\v1_00620s.png,success
v1,SQL,63,630,C:\NCKH\VIDEO_LEARNING_RESEARCH\data\processed\keyframes\v1\v1_00630s.png,success
v1,SQL,64,640,C:\NCKH\VIDEO_LEARNING_RESEARCH\data\processed\keyframes\v1\v1_00640s.png,success
v1,SQL,65,650,C:\NCKH\VIDEO_LEARNING_RESEARCH\data\processed\keyframes\v1\v1_00650s.png,success
v1,SQL,66,660,C:\NCKH\VIDEO_LEARNING_RESEARCH\data\processed\keyframes\v1\v1_00660s.png,success
v1,SQL,67,670,C:\NCKH\VIDEO_LEARNING_RESEARCH\data\processed\keyframes\v1\v1_00670s.png,success
v1,SQL,68,680,C:\NCKH\VIDEO_LEARNING_RESEARCH\data\processed\keyframes\v1\v1_00680s.png,success
v1,SQL,69,690,C:\NCKH\VIDEO_LEARNING_RESEARCH\data\processed\keyframes\v1\v1_00690s.png,success
v1,SQL,70,700,C:\NCKH\VIDEO_LEARNING_RESEARCH\data\processed\keyframes\v1\v1_00700s.png,success
v1,SQL,71,710,C:\NCKH\VIDEO_LEARNING_RESEARCH\data\processed\keyframes\v1\v1_00710s.png,success
v1,SQL,72,720,C:\NCKH\VIDEO_LEARNING_RESEARCH\data\processed\keyframes\v1\v1_00720s.png,success
v1,SQL,73,730,C:\NCKH\VIDEO_LEARNING_RESEARCH\data\processed\keyframes\v1\v1_00730s.png,success
v2,Python,0,0,C:\NCKH\VIDEO_LEARNING_RESEARCH\data\processed\keyframes\v2\v2_00000s.png,success
v2,Python,1,10,C:\NCKH\VIDEO_LEARNING_RESEARCH\data\processed\keyframes\v2\v2_00010s.png,success
v2,Python,2,20,C:\NCKH\VIDEO_LEARNING_RESEARCH\data\processed\keyframes\v2\v2_00020s.png,success
v2,Python,3,30,C:\NCKH\VIDEO_LEARNING_RESEARCH\data\processed\keyframes\v2\v2_00030s.png,success
v2,Python,4,40,C:\NCKH\VIDEO_LEARNING_RESEARCH\data\processed\keyframes\v2\v2_00040s.png,success
v2,Python,5,50,C:\NCKH\VIDEO_LEARNING_RESEARCH\data\processed\keyframes\v2\v2_00050s.png,success
v2,Python,6,60,C:\NCKH\VIDEO_LEARNING_RESEARCH\data\processed\keyframes\v2\v2_00060s.png,success
v2,Python,7,70,C:\NCKH\VIDEO_LEARNING_RESEARCH\data\processed\keyframes\v2\v2_00070s.png,success
v2,Python,8,80,C:\NCKH\VIDEO_LEARNING_RESEARCH\data\processed\keyframes\v2\v2_00080s.png,success
v2,Python,9,90,C:\NCKH\VIDEO_LEARNING_RESEARCH\data\processed\keyframes\v2\v2_00090s.png,success
v2,Python,10,100,C:\NCKH\VIDEO_LEARNING_RESEARCH\data\processed\keyframes\v2\v2_00100s.png,success
v2,Python,11,110,C:\NCKH\VIDEO_LEARNING_RESEARCH\data\processed\keyframes\v2\v2_00110s.png,success
v2,Python,12,120,C:\NCKH\VIDEO_LEARNING_RESEARCH\data\processed\keyframes\v2\v2_00120s.png,success
v2,Python,13,130,C:\NCKH\VIDEO_LEARNING_RESEARCH\data\processed\keyframes\v2\v2_00130s.png,success
v2,Python,14,140,C:\NCKH\VIDEO_LEARNING_RESEARCH\data\processed\keyframes\v2\v2_00140s.png,success
v2,Python,15,150,C:\NCKH\VIDEO_LEARNING_RESEARCH\data\processed\keyframes\v2\v2_00150s.png,success
v2,Python,16,160,C:\NCKH\VIDEO_LEARNING_RESEARCH\data\processed\keyframes\v2\v2_00160s.png,success
v2,Python,17,170,C:\NCKH\VIDEO_LEARNING_RESEARCH\data\processed\keyframes\v2\v2_00170s.png,success
v2,Python,18,180,C:\NCKH\VIDEO_LEARNING_RESEARCH\data\processed\keyframes\v2\v2_00180s.png,success
v2,Python,19,190,C:\NCKH\VIDEO_LEARNING_RESEARCH\data\processed\keyframes\v2\v2_00190s.png,success
v2,Python,20,200,C:\NCKH\VIDEO_LEARNING_RESEARCH\data\processed\keyframes\v2\v2_00200s.png,success
v2,Python,21,210,C:\NCKH\VIDEO_LEARNING_RESEARCH\data\processed\keyframes\v2\v2_00210s.png,success
v2,Python,22,220,C:\NCKH\VIDEO_LEARNING_RESEARCH\data\processed\keyframes\v2\v2_00220s.png,success
v2,Python,23,230,C:\NCKH\VIDEO_LEARNING_RESEARCH\data\processed\keyframes\v2\v2_00230s.png,success
v2,Python,24,240,C:\NCKH\VIDEO_LEARNING_RESEARCH\data\processed\keyframes\v2\v2_00240s.png,success
v2,Python,25,250,C:\NCKH\VIDEO_LEARNING_RESEARCH\data\processed\keyframes\v2\v2_00250s.png,success
v2,Python,26,260,C:\NCKH\VIDEO_LEARNING_RESEARCH\data\processed\keyframes\v2\v2_00260s.png,success
v2,Python,27,270,C:\NCKH\VIDEO_LEARNING_RESEARCH\data\processed\keyframes\v2\v2_00270s.png,success
v2,Python,28,280,C:\NCKH\VIDEO_LEARNING_RESEARCH\data\processed\keyframes\v2\v2_00280s.png,success
v2,Python,29,290,C:\NCKH\VIDEO_LEARNING_RESEARCH\data\processed\keyframes\v2\v2_00290s.png,success
v2,Python,30,300,C:\NCKH\VIDEO_LEARNING_RESEARCH\data\processed\keyframes\v2\v2_00300s.png,success
v2,Python,31,310,C:\NCKH\VIDEO_LEARNING_RESEARCH\data\processed\keyframes\v2\v2_00310s.png,success
v2,Python,32,320,C:\NCKH\VIDEO_LEARNING_RESEARCH\data\processed\keyframes\v2\v2_00320s.png,success
v2,Python,33,330,C:\NCKH\VIDEO_LEARNING_RESEARCH\data\processed\keyframes\v2\v2_00330s.png,success
v2,Python,34,340,C:\NCKH\VIDEO_LEARNING_RESEARCH\data\processed\keyframes\v2\v2_00340s.png,success
v2,Python,35,350,C:\NCKH\VIDEO_LEARNING_RESEARCH\data\processed\keyframes\v2\v2_00350s.png,success
v2,Python,36,360,C:\NCKH\VIDEO_LEARNING_RESEARCH\data\processed\keyframes\v2\v2_00360s.png,success
v2,Python,37,370,C:\NCKH\VIDEO_LEARNING_RESEARCH\data\processed\keyframes\v2\v2_00370s.png,success
v2,Python,38,380,C:\NCKH\VIDEO_LEARNING_RESEARCH\data\processed\keyframes\v2\v2_00380s.png,success
v2,Python,39,390,C:\NCKH\VIDEO_LEARNING_RESEARCH\data\processed\keyframes\v2\v2_00390s.png,success
v2,Python,40,400,C:\NCKH\VIDEO_LEARNING_RESEARCH\data\processed\keyframes\v2\v2_00400s.png,success
v2,Python,41,410,C:\NCKH\VIDEO_LEARNING_RESEARCH\data\processed\keyframes\v2\v2_00410s.png,success
v2,Python,42,420,C:\NCKH\VIDEO_LEARNING_RESEARCH\data\processed\keyframes\v2\v2_00420s.png,success
v2,Python,43,430,C:\NCKH\VIDEO_LEARNING_RESEARCH\data\processed\keyframes\v2\v2_00430s.png,success
v2,Python,44,440,C:\NCKH\VIDEO_LEARNING_RESEARCH\data\processed\keyframes\v2\v2_00440s.png,success
v2,Python,45,450,C:\NCKH\VIDEO_LEARNING_RESEARCH\data\processed\keyframes\v2\v2_00450s.png,success
v2,Python,46,460,C:\NCKH\VIDEO_LEARNING_RESEARCH\data\processed\keyframes\v2\v2_00460s.png,success
v2,Python,47,470,C:\NCKH\VIDEO_LEARNING_RESEARCH\data\processed\keyframes\v2\v2_00470s.png,success
v2,Python,48,480,C:\NCKH\VIDEO_LEARNING_RESEARCH\data\processed\keyframes\v2\v2_00480s.png,success
v2,Python,49,490,C:\NCKH\VIDEO_LEARNING_RESEARCH\data\processed\keyframes\v2\v2_00490s.png,success
v2,Python,50,500,C:\NCKH\VIDEO_LEARNING_RESEARCH\data\processed\keyframes\v2\v2_00500s.png,success
v2,Python,51,510,C:\NCKH\VIDEO_LEARNING_RESEARCH\data\processed\keyframes\v2\v2_00510s.png,success
v2,Python,52,520,C:\NCKH\VIDEO_LEARNING_RESEARCH\data\processed\keyframes\v2\v2_00520s.png,success
v2,Python,53,530,C:\NCKH\VIDEO_LEARNING_RESEARCH\data\processed\keyframes\v2\v2_00530s.png,success
v2,Python,54,540,C:\NCKH\VIDEO_LEARNING_RESEARCH\data\processed\keyframes\v2\v2_00540s.png,success
v2,Python,55,550,C:\NCKH\VIDEO_LEARNING_RESEARCH\data\processed\keyframes\v2\v2_00550s.png,success
v2,Python,56,560,C:\NCKH\VIDEO_LEARNING_RESEARCH\data\processed\keyframes\v2\v2_00560s.png,success
v2,Python,57,570,C:\NCKH\VIDEO_LEARNING_RESEARCH\data\processed\keyframes\v2\v2_00570s.png,success
v2,Python,58,580,C:\NCKH\VIDEO_LEARNING_RESEARCH\data\processed\keyframes\v2\v2_00580s.png,success
v2,Python,59,590,C:\NCKH\VIDEO_LEARNING_RESEARCH\data\processed\keyframes\v2\v2_00590s.png,success
v2,Python,60,600,C:\NCKH\VIDEO_LEARNING_RESEARCH\data\processed\keyframes\v2\v2_00600s.png,success
v2,Python,61,610,C:\NCKH\VIDEO_LEARNING_RESEARCH\data\processed\keyframes\v2\v2_00610s.png,success
v2,Python,62,620,C:\NCKH\VIDEO_LEARNING_RESEARCH\data\processed\keyframes\v2\v2_00620s.png,success
v2,Python,63,630,C:\NCKH\VIDEO_LEARNING_RESEARCH\data\processed\keyframes\v2\v2_00630s.png,success
v2,Python,64,640,C:\NCKH\VIDEO_LEARNING_RESEARCH\data\processed\keyframes\v2\v2_00640s.png,success
v2,Python,65,650,C:\NCKH\VIDEO_LEARNING_RESEARCH\data\processed\keyframes\v2\v2_00650s.png,success
v2,Python,66,660,C:\NCKH\VIDEO_LEARNING_RESEARCH\data\processed\keyframes\v2\v2_00660s.png,success
v2,Python,67,670,C:\NCKH\VIDEO_LEARNING_RESEARCH\data\processed\keyframes\v2\v2_00670s.png,success
v2,Python,68,680,C:\NCKH\VIDEO_LEARNING_RESEARCH\data\processed\keyframes\v2\v2_00680s.png,success
v2,Python,69,690,C:\NCKH\VIDEO_LEARNING_RESEARCH\data\processed\keyframes\v2\v2_00690s.png,success
v2,Python,70,700,C:\NCKH\VIDEO_LEARNING_RESEARCH\data\processed\keyframes\v2\v2_00700s.png,success
v2,Python,71,710,C:\NCKH\VIDEO_LEARNING_RESEARCH\data\processed\keyframes\v2\v2_00710s.png,success
v2,Python,72,720,C:\NCKH\VIDEO_LEARNING_RESEARCH\data\processed\keyframes\v2\v2_00720s.png,success
v2,Python,73,730,C:\NCKH\VIDEO_LEARNING_RESEARCH\data\processed\keyframes\v2\v2_00730s.png,success
v2,Python,74,740,C:\NCKH\VIDEO_LEARNING_RESEARCH\data\processed\keyframes\v2\v2_00740s.png,success
v2,Python,75,750,C:\NCKH\VIDEO_LEARNING_RESEARCH\data\processed\keyframes\v2\v2_00750s.png,success
v2,Python,76,760,C:\NCKH\VIDEO_LEARNING_RESEARCH\data\processed\keyframes\v2\v2_00760s.png,success
v2,Python,77,770,C:\NCKH\VIDEO_LEARNING_RESEARCH\data\processed\keyframes\v2\v2_00770s.png,success
v2,Python,78,780,C:\NCKH\VIDEO_LEARNING_RESEARCH\data\processed\keyframes\v2\v2_00780s.png,success
v2,Python,79,790,C:\NCKH\VIDEO_LEARNING_RESEARCH\data\processed\keyframes\v2\v2_00790s.png,success
v2,Python,80,800,C:\NCKH\VIDEO_LEARNING_RESEARCH\data\processed\keyframes\v2\v2_00800s.png,success
v2,Python,81,810,C:\NCKH\VIDEO_LEARNING_RESEARCH\data\processed\keyframes\v2\v2_00810s.png,success
v2,Python,82,820,C:\NCKH\VIDEO_LEARNING_RESEARCH\data\processed\keyframes\v2\v2_00820s.png,success
v2,Python,83,830,C:\NCKH\VIDEO_LEARNING_RESEARCH\data\processed\keyframes\v2\v2_00830s.png,success
v2,Python,84,840,C:\NCKH\VIDEO_LEARNING_RESEARCH\data\processed\keyframes\v2\v2_00840s.png,success
v2,Python,85,850,C:\NCKH\VIDEO_LEARNING_RESEARCH\data\processed\keyframes\v2\v2_00850s.png,success
v2,Python,86,860,C:\NCKH\VIDEO_LEARNING_RESEARCH\data\processed\keyframes\v2\v2_00860s.png,success
v2,Python,87,870,C:\NCKH\VIDEO_LEARNING_RESEARCH\data\processed\keyframes\v2\v2_00870s.png,success
v2,Python,88,880,C:\NCKH\VIDEO_LEARNING_RESEARCH\data\processed\keyframes\v2\v2_00880s.png,success
v3,Java,0,0,C:\NCKH\VIDEO_LEARNING_RESEARCH\data\processed\keyframes\v3\v3_00000s.png,success
v3,Java,1,10,C:\NCKH\VIDEO_LEARNING_RESEARCH\data\processed\keyframes\v3\v3_00010s.png,success
v3,Java,2,20,C:\NCKH\VIDEO_LEARNING_RESEARCH\data\processed\keyframes\v3\v3_00020s.png,success
v3,Java,3,30,C:\NCKH\VIDEO_LEARNING_RESEARCH\data\processed\keyframes\v3\v3_00030s.png,success
v3,Java,4,40,C:\NCKH\VIDEO_LEARNING_RESEARCH\data\processed\keyframes\v3\v3_00040s.png,success
v3,Java,5,50,C:\NCKH\VIDEO_LEARNING_RESEARCH\data\processed\keyframes\v3\v3_00050s.png,success
v3,Java,6,60,C:\NCKH\VIDEO_LEARNING_RESEARCH\data\processed\keyframes\v3\v3_00060s.png,success
v3,Java,7,70,C:\NCKH\VIDEO_LEARNING_RESEARCH\data\processed\keyframes\v3\v3_00070s.png,success
v3,Java,8,80,C:\NCKH\VIDEO_LEARNING_RESEARCH\data\processed\keyframes\v3\v3_00080s.png,success
v3,Java,9,90,C:\NCKH\VIDEO_LEARNING_RESEARCH\data\processed\keyframes\v3\v3_00090s.png,success
v3,Java,10,100,C:\NCKH\VIDEO_LEARNING_RESEARCH\data\processed\keyframes\v3\v3_00100s.png,success
v3,Java,11,110,C:\NCKH\VIDEO_LEARNING_RESEARCH\data\processed\keyframes\v3\v3_00110s.png,success
v3,Java,12,120,C:\NCKH\VIDEO_LEARNING_RESEARCH\data\processed\keyframes\v3\v3_00120s.png,success
v3,Java,13,130,C:\NCKH\VIDEO_LEARNING_RESEARCH\data\processed\keyframes\v3\v3_00130s.png,success
v3,Java,14,140,C:\NCKH\VIDEO_LEARNING_RESEARCH\data\processed\keyframes\v3\v3_00140s.png,success
v3,Java,15,150,C:\NCKH\VIDEO_LEARNING_RESEARCH\data\processed\keyframes\v3\v3_00150s.png,success
v3,Java,16,160,C:\NCKH\VIDEO_LEARNING_RESEARCH\data\processed\keyframes\v3\v3_00160s.png,success
v3,Java,17,170,C:\NCKH\VIDEO_LEARNING_RESEARCH\data\processed\keyframes\v3\v3_00170s.png,success
v3,Java,18,180,C:\NCKH\VIDEO_LEARNING_RESEARCH\data\processed\keyframes\v3\v3_00180s.png,success
v3,Java,19,190,C:\NCKH\VIDEO_LEARNING_RESEARCH\data\processed\keyframes\v3\v3_00190s.png,success
v3,Java,20,200,C:\NCKH\VIDEO_LEARNING_RESEARCH\data\processed\keyframes\v3\v3_00200s.png,success
v3,Java,21,210,C:\NCKH\VIDEO_LEARNING_RESEARCH\data\processed\keyframes\v3\v3_00210s.png,success
v3,Java,22,220,C:\NCKH\VIDEO_LEARNING_RESEARCH\data\processed\keyframes\v3\v3_00220s.png,success
v3,Java,23,230,C:\NCKH\VIDEO_LEARNING_RESEARCH\data\processed\keyframes\v3\v3_00230s.png,success
v3,Java,24,240,C:\NCKH\VIDEO_LEARNING_RESEARCH\data\processed\keyframes\v3\v3_00240s.png,success
v3,Java,25,250,C:\NCKH\VIDEO_LEARNING_RESEARCH\data\processed\keyframes\v3\v3_00250s.png,success
v3,Java,26,260,C:\NCKH\VIDEO_LEARNING_RESEARCH\data\processed\keyframes\v3\v3_00260s.png,success
v3,Java,27,270,C:\NCKH\VIDEO_LEARNING_RESEARCH\data\processed\keyframes\v3\v3_00270s.png,success
v3,Java,28,280,C:\NCKH\VIDEO_LEARNING_RESEARCH\data\processed\keyframes\v3\v3_00280s.png,success
v3,Java,29,290,C:\NCKH\VIDEO_LEARNING_RESEARCH\data\processed\keyframes\v3\v3_00290s.png,success
v3,Java,30,300,C:\NCKH\VIDEO_LEARNING_RESEARCH\data\processed\keyframes\v3\v3_00300s.png,success
v3,Java,31,310,C:\NCKH\VIDEO_LEARNING_RESEARCH\data\processed\keyframes\v3\v3_00310s.png,success
v3,Java,32,320,C:\NCKH\VIDEO_LEARNING_RESEARCH\data\processed\keyframes\v3\v3_00320s.png,success
v3,Java,33,330,C:\NCKH\VIDEO_LEARNING_RESEARCH\data\processed\keyframes\v3\v3_00330s.png,success
v3,Java,34,340,C:\NCKH\VIDEO_LEARNING_RESEARCH\data\processed\keyframes\v3\v3_00340s.png,success
v3,Java,35,350,C:\NCKH\VIDEO_LEARNING_RESEARCH\data\processed\keyframes\v3\v3_00350s.png,success
v3,Java,36,360,C:\NCKH\VIDEO_LEARNING_RESEARCH\data\processed\keyframes\v3\v3_00360s.png,success
v3,Java,37,370,C:\NCKH\VIDEO_LEARNING_RESEARCH\data\processed\keyframes\v3\v3_00370s.png,success
v3,Java,38,380,C:\NCKH\VIDEO_LEARNING_RESEARCH\data\processed\keyframes\v3\v3_00380s.png,success
v3,Java,39,390,C:\NCKH\VIDEO_LEARNING_RESEARCH\data\processed\keyframes\v3\v3_00390s.png,success
v3,Java,40,400,C:\NCKH\VIDEO_LEARNING_RESEARCH\data\processed\keyframes\v3\v3_00400s.png,success
v3,Java,41,410,C:\NCKH\VIDEO_LEARNING_RESEARCH\data\processed\keyframes\v3\v3_00410s.png,success
v4,SQL,0,0,C:\NCKH\VIDEO_LEARNING_RESEARCH\data\processed\keyframes\v4\v4_00000s.png,success
v4,SQL,1,10,C:\NCKH\VIDEO_LEARNING_RESEARCH\data\processed\keyframes\v4\v4_00010s.png,success
v4,SQL,2,20,C:\NCKH\VIDEO_LEARNING_RESEARCH\data\processed\keyframes\v4\v4_00020s.png,success
v4,SQL,3,30,C:\NCKH\VIDEO_LEARNING_RESEARCH\data\processed\keyframes\v4\v4_00030s.png,success
v4,SQL,4,40,C:\NCKH\VIDEO_LEARNING_RESEARCH\data\processed\keyframes\v4\v4_00040s.png,success
v4,SQL,5,50,C:\NCKH\VIDEO_LEARNING_RESEARCH\data\processed\keyframes\v4\v4_00050s.png,success
v4,SQL,6,60,C:\NCKH\VIDEO_LEARNING_RESEARCH\data\processed\keyframes\v4\v4_00060s.png,success
v4,SQL,7,70,C:\NCKH\VIDEO_LEARNING_RESEARCH\data\processed\keyframes\v4\v4_00070s.png,success
v4,SQL,8,80,C:\NCKH\VIDEO_LEARNING_RESEARCH\data\processed\keyframes\v4\v4_00080s.png,success
v4,SQL,9,90,C:\NCKH\VIDEO_LEARNING_RESEARCH\data\processed\keyframes\v4\v4_00090s.png,success
v4,SQL,10,100,C:\NCKH\VIDEO_LEARNING_RESEARCH\data\processed\keyframes\v4\v4_00100s.png,success
v4,SQL,11,110,C:\NCKH\VIDEO_LEARNING_RESEARCH\data\processed\keyframes\v4\v4_00110s.png,success
v4,SQL,12,120,C:\NCKH\VIDEO_LEARNING_RESEARCH\data\processed\keyframes\v4\v4_00120s.png,success
v4,SQL,13,130,C:\NCKH\VIDEO_LEARNING_RESEARCH\data\processed\keyframes\v4\v4_00130s.png,success
v4,SQL,14,140,C:\NCKH\VIDEO_LEARNING_RESEARCH\data\processed\keyframes\v4\v4_00140s.png,success
v4,SQL,15,150,C:\NCKH\VIDEO_LEARNING_RESEARCH\data\processed\keyframes\v4\v4_00150s.png,success
v4,SQL,16,160,C:\NCKH\VIDEO_LEARNING_RESEARCH\data\processed\keyframes\v4\v4_00160s.png,success
v4,SQL,17,170,C:\NCKH\VIDEO_LEARNING_RESEARCH\data\processed\keyframes\v4\v4_00170s.png,success
v4,SQL,18,180,C:\NCKH\VIDEO_LEARNING_RESEARCH\data\processed\keyframes\v4\v4_00180s.png,success
v4,SQL,19,190,C:\NCKH\VIDEO_LEARNING_RESEARCH\data\processed\keyframes\v4\v4_00190s.png,success
v4,SQL,20,200,C:\NCKH\VIDEO_LEARNING_RESEARCH\data\processed\keyframes\v4\v4_00200s.png,success
v4,SQL,21,210,C:\NCKH\VIDEO_LEARNING_RESEARCH\data\processed\keyframes\v4\v4_00210s.png,success
v4,SQL,22,220,C:\NCKH\VIDEO_LEARNING_RESEARCH\data\processed\keyframes\v4\v4_00220s.png,success
v4,SQL,23,230,C:\NCKH\VIDEO_LEARNING_RESEARCH\data\processed\keyframes\v4\v4_00230s.png,success
v4,SQL,24,240,C:\NCKH\VIDEO_LEARNING_RESEARCH\data\processed\keyframes\v4\v4_00240s.png,success
v4,SQL,25,250,C:\NCKH\VIDEO_LEARNING_RESEARCH\data\processed\keyframes\v4\v4_00250s.png,success
v4,SQL,26,260,C:\NCKH\VIDEO_LEARNING_RESEARCH\data\processed\keyframes\v4\v4_00260s.png,success
v4,SQL,27,270,C:\NCKH\VIDEO_LEARNING_RESEARCH\data\processed\keyframes\v4\v4_00270s.png,success
v4,SQL,28,280,C:\NCKH\VIDEO_LEARNING_RESEARCH\data\processed\keyframes\v4\v4_00280s.png,success
v4,SQL,29,290,C:\NCKH\VIDEO_LEARNING_RESEARCH\data\processed\keyframes\v4\v4_00290s.png,success
v4,SQL,30,300,C:\NCKH\VIDEO_LEARNING_RESEARCH\data\processed\keyframes\v4\v4_00300s.png,success
v4,SQL,31,310,C:\NCKH\VIDEO_LEARNING_RESEARCH\data\processed\keyframes\v4\v4_00310s.png,success
v4,SQL,32,320,C:\NCKH\VIDEO_LEARNING_RESEARCH\data\processed\keyframes\v4\v4_00320s.png,success
v4,SQL,33,330,C:\NCKH\VIDEO_LEARNING_RESEARCH\data\processed\keyframes\v4\v4_00330s.png,success
v4,SQL,34,340,C:\NCKH\VIDEO_LEARNING_RESEARCH\data\processed\keyframes\v4\v4_00340s.png,success
v4,SQL,35,350,C:\NCKH\VIDEO_LEARNING_RESEARCH\data\processed\keyframes\v4\v4_00350s.png,success
v4,SQL,36,360,C:\NCKH\VIDEO_LEARNING_RESEARCH\data\processed\keyframes\v4\v4_00360s.png,success
v4,SQL,37,370,C:\NCKH\VIDEO_LEARNING_RESEARCH\data\processed\keyframes\v4\v4_00370s.png,success
v4,SQL,38,380,C:\NCKH\VIDEO_LEARNING_RESEARCH\data\processed\keyframes\v4\v4_00380s.png,success
v4,SQL,39,390,C:\NCKH\VIDEO_LEARNING_RESEARCH\data\processed\keyframes\v4\v4_00390s.png,success
v4,SQL,40,400,C:\NCKH\VIDEO_LEARNING_RESEARCH\data\processed\keyframes\v4\v4_00400s.png,success
v4,SQL,41,410,C:\NCKH\VIDEO_LEARNING_RESEARCH\data\processed\keyframes\v4\v4_00410s.png,success
v4,SQL,42,420,C:\NCKH\VIDEO_LEARNING_RESEARCH\data\processed\keyframes\v4\v4_00420s.png,success
v4,SQL,43,430,C:\NCKH\VIDEO_LEARNING_RESEARCH\data\processed\keyframes\v4\v4_00430s.png,success
v4,SQL,44,440,C:\NCKH\VIDEO_LEARNING_RESEARCH\data\processed\keyframes\v4\v4_00440s.png,success
v4,SQL,45,450,C:\NCKH\VIDEO_LEARNING_RESEARCH\data\processed\keyframes\v4\v4_00450s.png,success
v4,SQL,46,460,C:\NCKH\VIDEO_LEARNING_RESEARCH\data\processed\keyframes\v4\v4_00460s.png,success
v4,SQL,47,470,C:\NCKH\VIDEO_LEARNING_RESEARCH\data\processed\keyframes\v4\v4_00470s.png,success
v5,Java,0,0,C:\NCKH\VIDEO_LEARNING_RESEARCH\data\processed\keyframes\v5\v5_00000s.png,success
v5,Java,1,10,C:\NCKH\VIDEO_LEARNING_RESEARCH\data\processed\keyframes\v5\v5_00010s.png,success
v5,Java,2,20,C:\NCKH\VIDEO_LEARNING_RESEARCH\data\processed\keyframes\v5\v5_00020s.png,success
v5,Java,3,30,C:\NCKH\VIDEO_LEARNING_RESEARCH\data\processed\keyframes\v5\v5_00030s.png,success
v5,Java,4,40,C:\NCKH\VIDEO_LEARNING_RESEARCH\data\processed\keyframes\v5\v5_00040s.png,success
v5,Java,5,50,C:\NCKH\VIDEO_LEARNING_RESEARCH\data\processed\keyframes\v5\v5_00050s.png,success
v5,Java,6,60,C:\NCKH\VIDEO_LEARNING_RESEARCH\data\processed\keyframes\v5\v5_00060s.png,success
v5,Java,7,70,C:\NCKH\VIDEO_LEARNING_RESEARCH\data\processed\keyframes\v5\v5_00070s.png,success
v5,Java,8,80,C:\NCKH\VIDEO_LEARNING_RESEARCH\data\processed\keyframes\v5\v5_00080s.png,success
v5,Java,9,90,C:\NCKH\VIDEO_LEARNING_RESEARCH\data\processed\keyframes\v5\v5_00090s.png,success
v5,Java,10,100,C:\NCKH\VIDEO_LEARNING_RESEARCH\data\processed\keyframes\v5\v5_00100s.png,success
v5,Java,11,110,C:\NCKH\VIDEO_LEARNING_RESEARCH\data\processed\keyframes\v5\v5_00110s.png,success
v5,Java,12,120,C:\NCKH\VIDEO_LEARNING_RESEARCH\data\processed\keyframes\v5\v5_00120s.png,success
v5,Java,13,130,C:\NCKH\VIDEO_LEARNING_RESEARCH\data\processed\keyframes\v5\v5_00130s.png,success
v5,Java,14,140,C:\NCKH\VIDEO_LEARNING_RESEARCH\data\processed\keyframes\v5\v5_00140s.png,success
v5,Java,15,150,C:\NCKH\VIDEO_LEARNING_RESEARCH\data\processed\keyframes\v5\v5_00150s.png,success
v5,Java,16,160,C:\NCKH\VIDEO_LEARNING_RESEARCH\data\processed\keyframes\v5\v5_00160s.png,success
v5,Java,17,170,C:\NCKH\VIDEO_LEARNING_RESEARCH\data\processed\keyframes\v5\v5_00170s.png,success
v5,Java,18,180,C:\NCKH\VIDEO_LEARNING_RESEARCH\data\processed\keyframes\v5\v5_00180s.png,success
v5,Java,19,190,C:\NCKH\VIDEO_LEARNING_RESEARCH\data\processed\keyframes\v5\v5_00190s.png,success
v5,Java,20,200,C:\NCKH\VIDEO_LEARNING_RESEARCH\data\processed\keyframes\v5\v5_00200s.png,success
v5,Java,21,210,C:\NCKH\VIDEO_LEARNING_RESEARCH\data\processed\keyframes\v5\v5_00210s.png,success
v5,Java,22,220,C:\NCKH\VIDEO_LEARNING_RESEARCH\data\processed\keyframes\v5\v5_00220s.png,success
v5,Java,23,230,C:\NCKH\VIDEO_LEARNING_RESEARCH\data\processed\keyframes\v5\v5_00230s.png,success
v5,Java,24,240,C:\NCKH\VIDEO_LEARNING_RESEARCH\data\processed\keyframes\v5\v5_00240s.png,success
v5,Java,25,250,C:\NCKH\VIDEO_LEARNING_RESEARCH\data\processed\keyframes\v5\v5_00250s.png,success
v5,Java,26,260,C:\NCKH\VIDEO_LEARNING_RESEARCH\data\processed\keyframes\v5\v5_00260s.png,success
v5,Java,27,270,C:\NCKH\VIDEO_LEARNING_RESEARCH\data\processed\keyframes\v5\v5_00270s.png,success
v5,Java,28,280,C:\NCKH\VIDEO_LEARNING_RESEARCH\data\processed\keyframes\v5\v5_00280s.png,success
v5,Java,29,290,C:\NCKH\VIDEO_LEARNING_RESEARCH\data\processed\keyframes\v5\v5_00290s.png,success
v5,Java,30,300,C:\NCKH\VIDEO_LEARNING_RESEARCH\data\processed\keyframes\v5\v5_00300s.png,success
v5,Java,31,310,C:\NCKH\VIDEO_LEARNING_RESEARCH\data\processed\keyframes\v5\v5_00310s.png,success
v5,Java,32,320,C:\NCKH\VIDEO_LEARNING_RESEARCH\data\processed\keyframes\v5\v5_00320s.png,success
v5,Java,33,330,C:\NCKH\VIDEO_LEARNING_RESEARCH\data\processed\keyframes\v5\v5_00330s.png,success
v5,Java,34,340,C:\NCKH\VIDEO_LEARNING_RESEARCH\data\processed\keyframes\v5\v5_00340s.png,success
v5,Java,35,350,C:\NCKH\VIDEO_LEARNING_RESEARCH\data\processed\keyframes\v5\v5_00350s.png,success
v5,Java,36,360,C:\NCKH\VIDEO_LEARNING_RESEARCH\data\processed\keyframes\v5\v5_00360s.png,success
v5,Java,37,370,C:\NCKH\VIDEO_LEARNING_RESEARCH\data\processed\keyframes\v5\v5_00370s.png,success
