video_id,subject,method,concept,num_chunks,max_final_score,mean_final_score,top2_mean_score,top3_count,top3_ratio,top1_count,top1_ratio,max_lsa_score,max_lda_score,best_chunk_id,best_start_sec,best_end_sec,video_id_norm,concept_norm,predicted,threshold
v1,SQL,transcript_ocr,join,13,1.0,0.946439,1.0,13,1.0,12,0.923077,0.1301,0.20959,1,60.0,120.0,v1,join,1,0.4
v1,SQL,transcript_ocr,select,13,0.862706,0.661323,0.861023,12,0.923077,1,0.076923,0.11,0.121552,0,0.0,60.0,v1,select,1,0.4
v1,SQL,transcript_ocr,inner join,13,0.854891,0.664993,0.854891,11,0.846154,0,0.0,0.1384,0.143186,4,240.0,300.0,v1,inner join,1,0.4
v1,SQL,transcript_ocr,left join,13,0.816671,0.204756,0.731454,3,0.230769,0,0.0,0.0866,0.17633,1,60.0,120.0,v1,left join,1,0.4
v1,SQL,transcript_ocr,subquery,13,0.54894,0.390279,0.535624,0,0.0,0,0.0,0.0666,0.098127,8,480.0,540.0,v1,subquery,1,0.4
v1,SQL,transcript_ocr,order by,13,0.470353,0.270359,0.432135,0,0.0,0,0.0,0.0612,0.071877,8,480.0,540.0,v1,order by,1,0.4
v1,SQL,transcript_ocr,group by,13,0.512655,0.142127,0.427273,0,0.0,0,0.0,0.0791,0.041601,8,480.0,540.0,v1,group by,1,0.4
v2,Python,transcript_ocr,range,15,1.0,0.954105,1.0,15,1.0,13,0.866667,0.2458,0.425178,2,120.0,180.0,v2,range,1,0.4
v2,Python,transcript_ocr,for loop,15,0.887308,0.78266,0.886348,13,0.866667,1,0.066667,0.2118,0.304069,14,840.0,900.0,v2,for loop,1,0.4
v2,Python,transcript_ocr,for,15,0.878421,0.759724,0.859206,15,1.0,1,0.066667,0.1897,0.343446,7,420.0,480.0,v2,for,1,0.4
v2,Python,transcript_ocr,list,15,0.808928,0.486888,0.678869,1,0.066667,0,0.0,0.269,0.223307,11,660.0,720.0,v2,list,1,0.4
v2,Python,transcript_ocr,break,15,0.658734,0.209918,0.603097,1,0.066667,0,0.0,0.1715,0.064621,5,300.0,360.0,v2,break,1,0.4
v2,Python,transcript_ocr,nested loop,15,0.561219,0.205814,0.499897,0,0.0,0,0.0,0.1513,0.075378,6,360.0,420.0,v2,nested loop,1,0.4
v3,Java,transcript_ocr,abstract class,8,1.0,0.846685,1.0,7,0.875,7,0.875,0.301,0.431882,0,0.0,60.0,v3,abstract class,1,0.4
v3,Java,transcript_ocr,abstract method,8,0.806457,0.535087,0.791713,5,0.625,0,0.0,0.2909,0.265201,2,120.0,180.0,v3,abstract method,1,0.4
v3,Java,transcript_ocr,implements,8,0.785384,0.460149,0.737067,5,0.625,1,0.125,0.1918,0.25447,5,300.0,360.0,v3,implements,1,0.4
v3,Java,transcript_ocr,class,8,0.675694,0.334641,0.587687,4,0.5,0,0.0,0.1867,0.240193,1,60.0,120.0,v3,class,1,0.4
v3,Java,transcript_ocr,object,8,0.628982,0.326504,0.556758,2,0.25,0,0.0,0.1966,0.209214,1,60.0,120.0,v3,object,1,0.4
v3,Java,transcript_ocr,interface,8,0.516385,0.186741,0.493694,1,0.125,0,0.0,0.1618,0.13106,5,300.0,360.0,v3,interface,1,0.4
v4,SQL,transcript_ocr,group by,8,1.0,0.962432,1.0,8,1.0,7,0.875,0.3825,0.428097,0,0.0,60.0,v4,group by,1,0.4
v4,SQL,transcript_ocr,count,8,0.781414,0.503756,0.751843,5,0.625,1,0.125,0.2461,0.207777,7,420.0,480.0,v4,count,1,0.4
v4,SQL,transcript_ocr,aggregate function,8,0.679826,0.323652,0.542764,1,0.125,0,0.0,0.1218,0.172577,7,420.0,480.0,v4,aggregate function,1,0.4
v4,SQL,transcript_ocr,having,8,0.571775,0.336733,0.539579,3,0.375,0,0.0,0.2172,0.154319,5,300.0,360.0,v4,having,1,0.4
v4,SQL,transcript_ocr,order by,8,0.529739,0.434227,0.496841,6,0.75,0,0.0,0.1525,0.251142,5,300.0,360.0,v4,order by,1,0.4
v4,SQL,transcript_ocr,select,8,0.553249,0.314325,0.462515,1,0.125,0,0.0,0.1034,0.132512,6,360.0,420.0,v4,select,1,0.4
v5,Java,transcript_ocr,implements,7,1.0,0.924178,0.992397,5,0.714286,3,0.428571,0.2258,0.394753,2,120.0,180.0,v5,implements,1,0.4
v5,Java,transcript_ocr,object,7,0.968618,0.939923,0.968617,7,1.0,2,0.285714,0.263,0.370806,5,300.0,360.0,v5,object,1,0.4
v5,Java,transcript_ocr,inheritance,7,0.930112,0.739335,0.930094,3,0.428571,2,0.285714,0.2261,0.34143,0,0.0,60.0,v5,inheritance,1,0.4
v5,Java,transcript_ocr,class,7,0.903993,0.704,0.899976,2,0.285714,0,0.0,0.2172,0.343445,0,0.0,60.0,v5,class,1,0.4
v5,Java,transcript_ocr,interface,7,0.839089,0.773296,0.828775,4,0.571429,0,0.0,0.2115,0.316452,3,180.0,240.0,v5,interface,1,0.4
v5,Java,transcript_ocr,abstract class,7,0.8272,0.648288,0.816745,0,0.0,0,0.0,0.1952,0.339102,0,0.0,60.0,v5,abstract class,1,0.4
v5,Java,transcript_ocr,extends,7,0.823515,0.715637,0.810375,0,0.0,0,0.0,0.1902,0.348646,0,0.0,60.0,v5,extends,1,0.4
v5,Java,transcript_ocr,method,7,0.724215,0.578744,0.673825,0,0.0,0,0.0,0.1747,0.268649,6,360.0,420.0,v5,method,1,0.4
