video_id,title,url,variable,data type,pointer,reference,class,object,constructor,inheritance,polymorphism,template,annotator,review_status
v31,"C++ FOR BEGINNERS - Variables, Data Types, Overflow, Sizeof",https://www.youtube.com/watch?v=solufpKPDwY,1,1,0,0,0,0,0,0,0,0,A1,completed
v32,C++ Programming: Variables and Data Types Explained,https://www.youtube.com/watch?v=nrNdn6lSQwE,1,1,0,0,0,0,0,0,0,0,A1,completed
v33,C++ POINTERS - Introduction to C++ pointers for beginners,https://www.youtube.com/watch?v=eNofmKYzje4,1,0,1,0,0,0,0,0,0,0,A1,completed
v34,REFERENCES in C++,https://www.youtube.com/watch?v=IzoFn3dfsPA,0,0,0,1,0,0,0,0,0,0,A1,completed
v35,C++ Reference Variable | C++ Pointers vs References Explained,https://www.youtube.com/watch?v=LTXFr_RJE6M,0,0,1,1,0,0,0,0,0,0,A1,completed
v36,C++ OOP - Introduction to classes and objects for beginners,https://www.youtube.com/watch?v=iVLQeWbgbXs,0,0,0,0,1,1,0,0,0,0,A1,completed
v37,C++ CONSTRUCTORS explained easy,https://www.youtube.com/watch?v=5z3KEX9AZEQ,0,0,0,0,0,0,1,0,0,0,A1,completed
v38,Inheritance in C++,https://www.youtube.com/watch?v=X8nYM8wdNRE,0,0,0,0,0,0,0,1,0,0,A1,completed
v39,"Inheritance, Poly Morphism | Introduction | CPP OOPS",https://www.youtube.com/watch?v=zsqhrxlp-Fo,0,0,0,0,0,0,0,1,0,0,A1,completed
v40,Templates in C++,https://www.youtube.com/watch?v=I-hZkUa9mIs,0,0,0,0,0,0,0,0,0,1,A1,completed
