video_id,subject,concept,hit_count_shown,first_hit_start_sec,first_hit_end_sec,first_hit_snippet,evidence_file
v6,SQL,select,3,24.68,32.56,"In particular, you will learn about: SELECT / FROM WHERE ORDER BY GROUP BY",C:\NCKH\VIDEO_LEARNING_RESEARCH\data\ground_truth\annotation_working\review_assisted\evidence\v6_evidence.txt
v6,SQL,where,3,24.68,32.56,"In particular, you will learn about: SELECT / FROM WHERE ORDER BY GROUP BY",C:\NCKH\VIDEO_LEARNING_RESEARCH\data\ground_truth\annotation_working\review_assisted\evidence\v6_evidence.txt
v6,SQL,group by,3,28.09,34.95,SELECT / FROM WHERE ORDER BY GROUP BY HAVING,C:\NCKH\VIDEO_LEARNING_RESEARCH\data\ground_truth\annotation_working\review_assisted\evidence\v6_evidence.txt
v6,SQL,having,3,30.14,38.73,"ORDER BY GROUP BY HAVING In a relational database, data is stored in tables.",C:\NCKH\VIDEO_LEARNING_RESEARCH\data\ground_truth\annotation_working\review_assisted\evidence\v6_evidence.txt
v6,SQL,count,1,211.81,229.98,"Before we go into details about GROUP BY, I'd like to talk first about functions. The typical mathematical functions you see in SQL are SUM, AVG, COUNT, MAX, and MIN. Functions allow us to operate on the values of specific columns.",C:\NCKH\VIDEO_LEARNING_RESEARCH\data\ground_truth\annotation_working\review_assisted\evidence\v6_evidence.txt
v6,SQL,aggregate function,3,211.81,229.98,"Before we go into details about GROUP BY, I'd like to talk first about functions. The typical mathematical functions you see in SQL are SUM, AVG, COUNT, MAX, and MIN. Functions allow us to operate on the values of specific columns.",C:\NCKH\VIDEO_LEARNING_RESEARCH\data\ground_truth\annotation_working\review_assisted\evidence\v6_evidence.txt
v6,SQL,join,0,,,,C:\NCKH\VIDEO_LEARNING_RESEARCH\data\ground_truth\annotation_working\review_assisted\evidence\v6_evidence.txt
v6,SQL,inner join,0,,,,C:\NCKH\VIDEO_LEARNING_RESEARCH\data\ground_truth\annotation_working\review_assisted\evidence\v6_evidence.txt
v6,SQL,left join,0,,,,C:\NCKH\VIDEO_LEARNING_RESEARCH\data\ground_truth\annotation_working\review_assisted\evidence\v6_evidence.txt
v6,SQL,subquery,0,,,,C:\NCKH\VIDEO_LEARNING_RESEARCH\data\ground_truth\annotation_working\review_assisted\evidence\v6_evidence.txt
v6,SQL,order by,3,28.09,34.95,SELECT / FROM WHERE ORDER BY GROUP BY HAVING,C:\NCKH\VIDEO_LEARNING_RESEARCH\data\ground_truth\annotation_working\review_assisted\evidence\v6_evidence.txt
v7,SQL,select,3,15.12,20.9,So let’s do this. Let’s learn about the SELECT statement. I’m going in…,C:\NCKH\VIDEO_LEARNING_RESEARCH\data\ground_truth\annotation_working\review_assisted\evidence\v7_evidence.txt
v7,SQL,where,3,80.17,91.1,"The primary key is a value that uniquely identifies each row in the table. The next 4 columns tell you when and where the earthquake occurred, with the depth measured in kilometers.",C:\NCKH\VIDEO_LEARNING_RESEARCH\data\ground_truth\annotation_working\review_assisted\evidence\v7_evidence.txt
v7,SQL,group by,0,,,,C:\NCKH\VIDEO_LEARNING_RESEARCH\data\ground_truth\annotation_working\review_assisted\evidence\v7_evidence.txt
v7,SQL,having,0,,,,C:\NCKH\VIDEO_LEARNING_RESEARCH\data\ground_truth\annotation_working\review_assisted\evidence\v7_evidence.txt
v7,SQL,count,3,200.38,212.81,"Maybe try some Hot Yoga... But there is another way to find the number of rows in this table: use the COUNT function. That is right, my friends, there are functions you can use in your queries!",C:\NCKH\VIDEO_LEARNING_RESEARCH\data\ground_truth\annotation_working\review_assisted\evidence\v7_evidence.txt
v7,SQL,aggregate function,0,,,,C:\NCKH\VIDEO_LEARNING_RESEARCH\data\ground_truth\annotation_working\review_assisted\evidence\v7_evidence.txt
v7,SQL,join,1,25.97,37.84,"With the SELECT command, you can retrieve data from one table … Or multiple tables with a technique called “JOINS.” Today we will focus on using the SELECT statement to get data from a single table.",C:\NCKH\VIDEO_LEARNING_RESEARCH\data\ground_truth\annotation_working\review_assisted\evidence\v7_evidence.txt
v7,SQL,inner join,0,,,,C:\NCKH\VIDEO_LEARNING_RESEARCH\data\ground_truth\annotation_working\review_assisted\evidence\v7_evidence.txt
v7,SQL,left join,0,,,,C:\NCKH\VIDEO_LEARNING_RESEARCH\data\ground_truth\annotation_working\review_assisted\evidence\v7_evidence.txt
v7,SQL,subquery,0,,,,C:\NCKH\VIDEO_LEARNING_RESEARCH\data\ground_truth\annotation_working\review_assisted\evidence\v7_evidence.txt
v7,SQL,order by,3,368.97,378.86,"We can improve our query by sorting the quakes by magnitude. To do this, add an “ORDER BY” clause. After ORDER BY, specify the column to sort on.",C:\NCKH\VIDEO_LEARNING_RESEARCH\data\ground_truth\annotation_working\review_assisted\evidence\v7_evidence.txt
v8,SQL,select,3,101.34,110.85,of cases you'll need to write SQL queries to pre aggregate filter and select only the data necessary for the project that you are working on.,C:\NCKH\VIDEO_LEARNING_RESEARCH\data\ground_truth\annotation_working\review_assisted\evidence\v8_evidence.txt
v8,SQL,where,3,401.6,409.86,"Well, we can also use the equals operator to find any row where the text matches exactly with what we specify.",C:\NCKH\VIDEO_LEARNING_RESEARCH\data\ground_truth\annotation_working\review_assisted\evidence\v8_evidence.txt
v8,SQL,group by,3,861.09,871.47,"in the query how we want to group the data together. This is when we need to use the group by clause. When we use the group by clause,",C:\NCKH\VIDEO_LEARNING_RESEARCH\data\ground_truth\annotation_working\review_assisted\evidence\v8_evidence.txt
v8,SQL,having,3,959.58,969.21,"We're going to go one step further and filter this result. To do that, we can use the having clause. The having clause is only applied",C:\NCKH\VIDEO_LEARNING_RESEARCH\data\ground_truth\annotation_working\review_assisted\evidence\v8_evidence.txt
v8,SQL,count,1,938.43,950.61,"To find this out, we could add a count of B dot player name, and yes in this case, how about using an average?",C:\NCKH\VIDEO_LEARNING_RESEARCH\data\ground_truth\annotation_working\review_assisted\evidence\v8_evidence.txt
v8,SQL,aggregate function,3,845.64,853.5,we are going to want to aggregate the data using the sum aggregator. I'll add this to the overall rating field,C:\NCKH\VIDEO_LEARNING_RESEARCH\data\ground_truth\annotation_working\review_assisted\evidence\v8_evidence.txt
v8,SQL,join,3,654.66,660.69,Now we are going to look at how to join data from different tables. To demonstrate this,C:\NCKH\VIDEO_LEARNING_RESEARCH\data\ground_truth\annotation_working\review_assisted\evidence\v8_evidence.txt
v8,SQL,inner join,2,745.77,757.01,"in more detail, so don't forget to subscribe. So in this case we'll use an inner join and we'll say inner join player, the player table",C:\NCKH\VIDEO_LEARNING_RESEARCH\data\ground_truth\annotation_working\review_assisted\evidence\v8_evidence.txt
v8,SQL,left join,0,,,,C:\NCKH\VIDEO_LEARNING_RESEARCH\data\ground_truth\annotation_working\review_assisted\evidence\v8_evidence.txt
v8,SQL,subquery,0,,,,C:\NCKH\VIDEO_LEARNING_RESEARCH\data\ground_truth\annotation_working\review_assisted\evidence\v8_evidence.txt
v8,SQL,order by,3,596.73,604.68,and see how we can sort results. We can do this using the order by clause. The rose are currently sorted,C:\NCKH\VIDEO_LEARNING_RESEARCH\data\ground_truth\annotation_working\review_assisted\evidence\v8_evidence.txt
v9,SQL,select,3,216.04,224.72,"and this user is providing a query. Select, he's using an aggregate function count. We need parentheses because this",C:\NCKH\VIDEO_LEARNING_RESEARCH\data\ground_truth\annotation_working\review_assisted\evidence\v9_evidence.txt
v9,SQL,where,0,,,,C:\NCKH\VIDEO_LEARNING_RESEARCH\data\ground_truth\annotation_working\review_assisted\evidence\v9_evidence.txt
v9,SQL,group by,3,149.76,156.84,the power of this aggregate functions can be enhanced with group by and having clause.,C:\NCKH\VIDEO_LEARNING_RESEARCH\data\ground_truth\annotation_working\review_assisted\evidence\v9_evidence.txt
v9,SQL,having,3,149.76,156.84,the power of this aggregate functions can be enhanced with group by and having clause.,C:\NCKH\VIDEO_LEARNING_RESEARCH\data\ground_truth\annotation_working\review_assisted\evidence\v9_evidence.txt
v9,SQL,count,3,142.52,151.76,"is it ignores null values except for the count function. Anyway, when we see some examples, I will explain about this. And",C:\NCKH\VIDEO_LEARNING_RESEARCH\data\ground_truth\annotation_working\review_assisted\evidence\v9_evidence.txt
v9,SQL,aggregate function,3,14.0,24.16,"on the theoretical aspects about aggregate functions. Basically, these aggregate functions perform calculations",C:\NCKH\VIDEO_LEARNING_RESEARCH\data\ground_truth\annotation_working\review_assisted\evidence\v9_evidence.txt
v9,SQL,join,0,,,,C:\NCKH\VIDEO_LEARNING_RESEARCH\data\ground_truth\annotation_working\review_assisted\evidence\v9_evidence.txt
v9,SQL,inner join,0,,,,C:\NCKH\VIDEO_LEARNING_RESEARCH\data\ground_truth\annotation_working\review_assisted\evidence\v9_evidence.txt
v9,SQL,left join,0,,,,C:\NCKH\VIDEO_LEARNING_RESEARCH\data\ground_truth\annotation_working\review_assisted\evidence\v9_evidence.txt
v9,SQL,subquery,0,,,,C:\NCKH\VIDEO_LEARNING_RESEARCH\data\ground_truth\annotation_working\review_assisted\evidence\v9_evidence.txt
v9,SQL,order by,0,,,,C:\NCKH\VIDEO_LEARNING_RESEARCH\data\ground_truth\annotation_working\review_assisted\evidence\v9_evidence.txt
v10,SQL,select,3,15.9,25.46,discuss about the two more Clauses if select command that is a group by and having cross,C:\NCKH\VIDEO_LEARNING_RESEARCH\data\ground_truth\annotation_working\review_assisted\evidence\v10_evidence.txt
v10,SQL,where,2,59.94,69.96,the table so in this select command we have already seen the where class and the ordered by class so where class is,C:\NCKH\VIDEO_LEARNING_RESEARCH\data\ground_truth\annotation_working\review_assisted\evidence\v10_evidence.txt
v10,SQL,group by,3,15.9,25.46,discuss about the two more Clauses if select command that is a group by and having cross,C:\NCKH\VIDEO_LEARNING_RESEARCH\data\ground_truth\annotation_working\review_assisted\evidence\v10_evidence.txt
v10,SQL,having,3,18.24,25.46,select command that is a group by and having cross so Group by,C:\NCKH\VIDEO_LEARNING_RESEARCH\data\ground_truth\annotation_working\review_assisted\evidence\v10_evidence.txt
v10,SQL,count,3,108.84,118.68,functions like sum average minimum maximum count etcetera Etc we have seen these aggregate,C:\NCKH\VIDEO_LEARNING_RESEARCH\data\ground_truth\annotation_working\review_assisted\evidence\v10_evidence.txt
v10,SQL,aggregate function,3,102.54,108.84,here we are supposed to use the aggregate functions so which we have covered,C:\NCKH\VIDEO_LEARNING_RESEARCH\data\ground_truth\annotation_working\review_assisted\evidence\v10_evidence.txt
v10,SQL,join,0,,,,C:\NCKH\VIDEO_LEARNING_RESEARCH\data\ground_truth\annotation_working\review_assisted\evidence\v10_evidence.txt
v10,SQL,inner join,0,,,,C:\NCKH\VIDEO_LEARNING_RESEARCH\data\ground_truth\annotation_working\review_assisted\evidence\v10_evidence.txt
v10,SQL,left join,0,,,,C:\NCKH\VIDEO_LEARNING_RESEARCH\data\ground_truth\annotation_working\review_assisted\evidence\v10_evidence.txt
v10,SQL,subquery,0,,,,C:\NCKH\VIDEO_LEARNING_RESEARCH\data\ground_truth\annotation_working\review_assisted\evidence\v10_evidence.txt
v10,SQL,order by,1,69.96,80.22,conditions and the next one order by class is used to order I mean the getting the data in,C:\NCKH\VIDEO_LEARNING_RESEARCH\data\ground_truth\annotation_working\review_assisted\evidence\v10_evidence.txt
v11,SQL,select,3,16.74,24.36,sub query is in the where Clause then we'll take a look at the select in the from clause also let's take this,C:\NCKH\VIDEO_LEARNING_RESEARCH\data\ground_truth\annotation_working\review_assisted\evidence\v11_evidence.txt
v11,SQL,where,3,15.0,22.56,the first way that we're going to use a sub query is in the where Clause then we'll take a look at the select in the,C:\NCKH\VIDEO_LEARNING_RESEARCH\data\ground_truth\annotation_working\review_assisted\evidence\v11_evidence.txt
v11,SQL,group by,3,289.32,297.54,down and let's actually add that group by and we'll say Group by first name and,C:\NCKH\VIDEO_LEARNING_RESEARCH\data\ground_truth\annotation_working\review_assisted\evidence\v11_evidence.txt
v11,SQL,having,0,,,,C:\NCKH\VIDEO_LEARNING_RESEARCH\data\ground_truth\annotation_working\review_assisted\evidence\v11_evidence.txt
v11,SQL,count,2,394.98,407.52,them based off the age we'll just do age Min of age and count of age,C:\NCKH\VIDEO_LEARNING_RESEARCH\data\ground_truth\annotation_working\review_assisted\evidence\v11_evidence.txt
v11,SQL,aggregate function,3,260.34,269.28,but in a column next to it we also want to compare it to the average salary for everyone so we'll be able to see you,C:\NCKH\VIDEO_LEARNING_RESEARCH\data\ground_truth\annotation_working\review_assisted\evidence\v11_evidence.txt
v11,SQL,join,2,28.98,39.24,Parks and Rec Department well we could do that if we had a few joins we have the salary table and one actually,C:\NCKH\VIDEO_LEARNING_RESEARCH\data\ground_truth\annotation_working\review_assisted\evidence\v11_evidence.txt
v11,SQL,inner join,0,,,,C:\NCKH\VIDEO_LEARNING_RESEARCH\data\ground_truth\annotation_working\review_assisted\evidence\v11_evidence.txt
v11,SQL,left join,0,,,,C:\NCKH\VIDEO_LEARNING_RESEARCH\data\ground_truth\annotation_working\review_assisted\evidence\v11_evidence.txt
v11,SQL,subquery,1,2.04,11.76,going to be taking a look at sub queries in my sequel now subquery is basically just a query within another query we can,C:\NCKH\VIDEO_LEARNING_RESEARCH\data\ground_truth\annotation_working\review_assisted\evidence\v11_evidence.txt
v11,SQL,order by,0,,,,C:\NCKH\VIDEO_LEARNING_RESEARCH\data\ground_truth\annotation_working\review_assisted\evidence\v11_evidence.txt
v12,SQL,select,3,311.22,322.68,the actual columns let's say we wanted to select the employee ID and we wanted to select age and then we,C:\NCKH\VIDEO_LEARNING_RESEARCH\data\ground_truth\annotation_working\review_assisted\evidence\v12_evidence.txt
v12,SQL,where,2,426.18,432.78,table and then the join where we're actually joining on that's our right table so,C:\NCKH\VIDEO_LEARNING_RESEARCH\data\ground_truth\annotation_working\review_assisted\evidence\v12_evidence.txt
v12,SQL,group by,0,,,,C:\NCKH\VIDEO_LEARNING_RESEARCH\data\ground_truth\annotation_working\review_assisted\evidence\v12_evidence.txt
v12,SQL,having,1,351.0,361.32,we're able to get information from both tables in our output without having all of the information and if there are,C:\NCKH\VIDEO_LEARNING_RESEARCH\data\ground_truth\annotation_working\review_assisted\evidence\v12_evidence.txt
v12,SQL,count,0,,,,C:\NCKH\VIDEO_LEARNING_RESEARCH\data\ground_truth\annotation_working\review_assisted\evidence\v12_evidence.txt
v12,SQL,aggregate function,0,,,,C:\NCKH\VIDEO_LEARNING_RESEARCH\data\ground_truth\annotation_working\review_assisted\evidence\v12_evidence.txt
v12,SQL,join,3,0.0,9.9,hello everybody in this lesson we're gonna be taking a look at joins joins allow you to combine two tables or more,C:\NCKH\VIDEO_LEARNING_RESEARCH\data\ground_truth\annotation_working\review_assisted\evidence\v12_evidence.txt
v12,SQL,inner join,3,43.5,52.2,is also very similar so let's start by writing out an inner join this is probably one of the most common joins,C:\NCKH\VIDEO_LEARNING_RESEARCH\data\ground_truth\annotation_working\review_assisted\evidence\v12_evidence.txt
v12,SQL,left join,3,375.6,385.14,and let's put that right here now for outer joins we have a left join and we have a right join or a left outer and a,C:\NCKH\VIDEO_LEARNING_RESEARCH\data\ground_truth\annotation_working\review_assisted\evidence\v12_evidence.txt
v12,SQL,subquery,0,,,,C:\NCKH\VIDEO_LEARNING_RESEARCH\data\ground_truth\annotation_working\review_assisted\evidence\v12_evidence.txt
v12,SQL,order by,0,,,,C:\NCKH\VIDEO_LEARNING_RESEARCH\data\ground_truth\annotation_working\review_assisted\evidence\v12_evidence.txt
v13,SQL,select,3,100.12,109.6,you want these queries take the format select star from my table in English this is saying show me all the data,C:\NCKH\VIDEO_LEARNING_RESEARCH\data\ground_truth\annotation_working\review_assisted\evidence\v13_evidence.txt
v13,SQL,where,3,131.44,139.16,about how to query a database first we need an editor where we can write and run our SQL code there are all sorts of,C:\NCKH\VIDEO_LEARNING_RESEARCH\data\ground_truth\annotation_working\review_assisted\evidence\v13_evidence.txt
v13,SQL,group by,3,383.28,391.6,grade level so what I'm going to do here is add another Clause called a group by and I'm going to put in grade level,C:\NCKH\VIDEO_LEARNING_RESEARCH\data\ground_truth\annotation_working\review_assisted\evidence\v13_evidence.txt
v13,SQL,having,3,491.92,499.96,that I'm going to do that is by using something called the having Clause so at this point you might be thinking why am,C:\NCKH\VIDEO_LEARNING_RESEARCH\data\ground_truth\annotation_working\review_assisted\evidence\v13_evidence.txt
v13,SQL,count,3,455.32,465.48,in this case I used an average you can also use other keywords like a count or a min max and so on so this was an,C:\NCKH\VIDEO_LEARNING_RESEARCH\data\ground_truth\annotation_working\review_assisted\evidence\v13_evidence.txt
v13,SQL,aggregate function,3,337.36,346.4,step so the next thing we're going to do is try to look at the average GPA for each grade level to do that I'm going to,C:\NCKH\VIDEO_LEARNING_RESEARCH\data\ground_truth\annotation_working\review_assisted\evidence\v13_evidence.txt
v13,SQL,join,3,39.64,46.84,analysis using a technique called a left join by the end of this video you'll know enough Basics to start writing,C:\NCKH\VIDEO_LEARNING_RESEARCH\data\ground_truth\annotation_working\review_assisted\evidence\v13_evidence.txt
v13,SQL,inner join,0,,,,C:\NCKH\VIDEO_LEARNING_RESEARCH\data\ground_truth\annotation_working\review_assisted\evidence\v13_evidence.txt
v13,SQL,left join,2,860.64,870.04,grades information as well so I'm going to do a left join student grades and that's going to combine all the data in,C:\NCKH\VIDEO_LEARNING_RESEARCH\data\ground_truth\annotation_working\review_assisted\evidence\v13_evidence.txt
v13,SQL,subquery,0,,,,C:\NCKH\VIDEO_LEARNING_RESEARCH\data\ground_truth\annotation_working\review_assisted\evidence\v13_evidence.txt
v13,SQL,order by,3,300.32,310.8,their GPA I'm going to add on an order by Clause I'm going to say order by GPA so if I run this again you can see that,C:\NCKH\VIDEO_LEARNING_RESEARCH\data\ground_truth\annotation_working\review_assisted\evidence\v13_evidence.txt
v14,Python,for loop,3,3.32,11.68,and iterations specifically we'll be going over for loops and while Loops now we've seen Loops a couple of times in,C:\NCKH\VIDEO_LEARNING_RESEARCH\data\ground_truth\annotation_working\review_assisted\evidence\v14_evidence.txt
v14,Python,for,3,24.72,35.16,through this list so to do this we're going to use a for Loop so we'll say for num in nums and within here I'm just,C:\NCKH\VIDEO_LEARNING_RESEARCH\data\ground_truth\annotation_working\review_assisted\evidence\v14_evidence.txt
v14,Python,iteration,3,1.68,9.8,this video we'll be learning about loops and iterations specifically we'll be going over for loops and while Loops now,C:\NCKH\VIDEO_LEARNING_RESEARCH\data\ground_truth\annotation_working\review_assisted\evidence\v14_evidence.txt
v14,Python,range,3,314.08,323.0,number of times and there's a built-in function called range that is really useful for this so let's say that we,C:\NCKH\VIDEO_LEARNING_RESEARCH\data\ground_truth\annotation_working\review_assisted\evidence\v14_evidence.txt
v14,Python,list,3,9.8,18.32,our previous videos when looping through strings or lists but there's some more functionality that we haven't gone over,C:\NCKH\VIDEO_LEARNING_RESEARCH\data\ground_truth\annotation_working\review_assisted\evidence\v14_evidence.txt
v14,Python,nested loop,0,,,,C:\NCKH\VIDEO_LEARNING_RESEARCH\data\ground_truth\annotation_working\review_assisted\evidence\v14_evidence.txt
v14,Python,index,0,,,,C:\NCKH\VIDEO_LEARNING_RESEARCH\data\ground_truth\annotation_working\review_assisted\evidence\v14_evidence.txt
v14,Python,break,3,62.0,73.68,when working with loops and these are the break and continue keywords so the break keyword will completely break out,C:\NCKH\VIDEO_LEARNING_RESEARCH\data\ground_truth\annotation_working\review_assisted\evidence\v14_evidence.txt
v14,Python,continue,3,62.0,73.68,when working with loops and these are the break and continue keywords so the break keyword will completely break out,C:\NCKH\VIDEO_LEARNING_RESEARCH\data\ground_truth\annotation_working\review_assisted\evidence\v14_evidence.txt
v15,Python,for loop,3,2.32,12.48,another Python 3 tutorial. This tutorial is going to be covering the for loop. The for loop is used for pretty much the,C:\NCKH\VIDEO_LEARNING_RESEARCH\data\ground_truth\annotation_working\review_assisted\evidence\v15_evidence.txt
v15,Python,for,3,2.32,12.48,another Python 3 tutorial. This tutorial is going to be covering the for loop. The for loop is used for pretty much the,C:\NCKH\VIDEO_LEARNING_RESEARCH\data\ground_truth\annotation_working\review_assisted\evidence\v15_evidence.txt
v15,Python,iteration,1,81.36,89.92,"going to see the for loop being used to iterate through a list. And what iterate means is just go through a list. So,",C:\NCKH\VIDEO_LEARNING_RESEARCH\data\ground_truth\annotation_working\review_assisted\evidence\v15_evidence.txt
v15,Python,range,3,391.84,403.04,with the for loop you can do 4x in range. And range is a built-in function in Python. Um so first I'll just show,C:\NCKH\VIDEO_LEARNING_RESEARCH\data\ground_truth\annotation_working\review_assisted\evidence\v15_evidence.txt
v15,Python,list,3,81.36,89.92,"going to see the for loop being used to iterate through a list. And what iterate means is just go through a list. So,",C:\NCKH\VIDEO_LEARNING_RESEARCH\data\ground_truth\annotation_working\review_assisted\evidence\v15_evidence.txt
v15,Python,nested loop,0,,,,C:\NCKH\VIDEO_LEARNING_RESEARCH\data\ground_truth\annotation_working\review_assisted\evidence\v15_evidence.txt
v15,Python,index,0,,,,C:\NCKH\VIDEO_LEARNING_RESEARCH\data\ground_truth\annotation_working\review_assisted\evidence\v15_evidence.txt
v15,Python,break,0,,,,C:\NCKH\VIDEO_LEARNING_RESEARCH\data\ground_truth\annotation_working\review_assisted\evidence\v15_evidence.txt
v15,Python,continue,3,252.96,263.44,here and um we'll just say print continue program like that. Run it. And you'll see here,C:\NCKH\VIDEO_LEARNING_RESEARCH\data\ground_truth\annotation_working\review_assisted\evidence\v15_evidence.txt
v16,Python,for loop,0,,,,C:\NCKH\VIDEO_LEARNING_RESEARCH\data\ground_truth\annotation_working\review_assisted\evidence\v16_evidence.txt
v16,Python,for,0,,,,C:\NCKH\VIDEO_LEARNING_RESEARCH\data\ground_truth\annotation_working\review_assisted\evidence\v16_evidence.txt
v16,Python,iteration,0,,,,C:\NCKH\VIDEO_LEARNING_RESEARCH\data\ground_truth\annotation_working\review_assisted\evidence\v16_evidence.txt
v16,Python,range,1,156.48,166.83,Another way to access values in a list is by slicing. This lets you retrieve a range of values from your list. We will continue to use our list of primes.,C:\NCKH\VIDEO_LEARNING_RESEARCH\data\ground_truth\annotation_working\review_assisted\evidence\v16_evidence.txt
v16,Python,list,3,2.24,13.26,"Order.. matters.. And in Python, lists make it easy to work with ordered data. Lists are a built-in data structure for storing and accessing objects which belong in a specific",C:\NCKH\VIDEO_LEARNING_RESEARCH\data\ground_truth\annotation_working\review_assisted\evidence\v16_evidence.txt
v16,Python,nested loop,0,,,,C:\NCKH\VIDEO_LEARNING_RESEARCH\data\ground_truth\annotation_working\review_assisted\evidence\v16_evidence.txt
v16,Python,index,3,68.3,86.43,"In lists, order is everything. You do not have to view the entire list. If you want to see a specific value, you can access it by its index. In computer science, you start counting with 0, not 1. So the elements in our list “primes” are indexed 0.. 1..",C:\NCKH\VIDEO_LEARNING_RESEARCH\data\ground_truth\annotation_working\review_assisted\evidence\v16_evidence.txt
v16,Python,break,0,,,,C:\NCKH\VIDEO_LEARNING_RESEARCH\data\ground_truth\annotation_working\review_assisted\evidence\v16_evidence.txt
v16,Python,continue,2,158.52,173.56,"by slicing. This lets you retrieve a range of values from your list. We will continue to use our list of primes. To slice this list, type the name of the list, bracket, a starting index, a colon, a stopping",C:\NCKH\VIDEO_LEARNING_RESEARCH\data\ground_truth\annotation_working\review_assisted\evidence\v16_evidence.txt
v17,Python,for loop,3,0.16,9.04,hi everybody today we will talk about for loops a for loop is a control instruction,C:\NCKH\VIDEO_LEARNING_RESEARCH\data\ground_truth\annotation_working\review_assisted\evidence\v17_evidence.txt
v17,Python,for,3,2.72,12.24,for loops a for loop is a control instruction which we use for two main purposes,C:\NCKH\VIDEO_LEARNING_RESEARCH\data\ground_truth\annotation_working\review_assisted\evidence\v17_evidence.txt
v17,Python,iteration,3,6.4,15.44,which we use for two main purposes iteration and repetition let me show you what i mean,C:\NCKH\VIDEO_LEARNING_RESEARCH\data\ground_truth\annotation_working\review_assisted\evidence\v17_evidence.txt
v17,Python,range,3,202.16,211.36,once we often combine it with a range function which we use to quickly create,C:\NCKH\VIDEO_LEARNING_RESEARCH\data\ground_truth\annotation_working\review_assisted\evidence\v17_evidence.txt
v17,Python,list,3,15.44,25.36,performing the same action on different items so if we have a list of guitar strings for example and we,C:\NCKH\VIDEO_LEARNING_RESEARCH\data\ground_truth\annotation_working\review_assisted\evidence\v17_evidence.txt
v17,Python,nested loop,0,,,,C:\NCKH\VIDEO_LEARNING_RESEARCH\data\ground_truth\annotation_working\review_assisted\evidence\v17_evidence.txt
v17,Python,index,0,,,,C:\NCKH\VIDEO_LEARNING_RESEARCH\data\ground_truth\annotation_working\review_assisted\evidence\v17_evidence.txt
v17,Python,break,0,,,,C:\NCKH\VIDEO_LEARNING_RESEARCH\data\ground_truth\annotation_working\review_assisted\evidence\v17_evidence.txt
v17,Python,continue,0,,,,C:\NCKH\VIDEO_LEARNING_RESEARCH\data\ground_truth\annotation_working\review_assisted\evidence\v17_evidence.txt
v18,Python,for loop,3,26.28,37.6,simple lists are considered iterable we use them within a for Loop in the context of a for loop we're going to be,C:\NCKH\VIDEO_LEARNING_RESEARCH\data\ground_truth\annotation_working\review_assisted\evidence\v18_evidence.txt
v18,Python,for,3,26.28,37.6,simple lists are considered iterable we use them within a for Loop in the context of a for loop we're going to be,C:\NCKH\VIDEO_LEARNING_RESEARCH\data\ground_truth\annotation_working\review_assisted\evidence\v18_evidence.txt
v18,Python,iteration,3,58.88,66.76,iterable should should be descriptive of what we're iterating over for example I don't want to rename the current number,C:\NCKH\VIDEO_LEARNING_RESEARCH\data\ground_truth\annotation_working\review_assisted\evidence\v18_evidence.txt
v18,Python,range,0,,,,C:\NCKH\VIDEO_LEARNING_RESEARCH\data\ground_truth\annotation_working\review_assisted\evidence\v18_evidence.txt
v18,Python,list,3,15.28,24.32,iterable then it can be iterated over in a loop for example let's create a list of,C:\NCKH\VIDEO_LEARNING_RESEARCH\data\ground_truth\annotation_working\review_assisted\evidence\v18_evidence.txt
v18,Python,nested loop,0,,,,C:\NCKH\VIDEO_LEARNING_RESEARCH\data\ground_truth\annotation_working\review_assisted\evidence\v18_evidence.txt
v18,Python,index,0,,,,C:\NCKH\VIDEO_LEARNING_RESEARCH\data\ground_truth\annotation_working\review_assisted\evidence\v18_evidence.txt
v18,Python,break,0,,,,C:\NCKH\VIDEO_LEARNING_RESEARCH\data\ground_truth\annotation_working\review_assisted\evidence\v18_evidence.txt
v18,Python,continue,0,,,,C:\NCKH\VIDEO_LEARNING_RESEARCH\data\ground_truth\annotation_working\review_assisted\evidence\v18_evidence.txt
v19,Python,for loop,3,9.57,18.72,about loops right we have talked about for loop and while loop in this video we'll talk about three keywords break,C:\NCKH\VIDEO_LEARNING_RESEARCH\data\ground_truth\annotation_working\review_assisted\evidence\v19_evidence.txt
v19,Python,for,3,9.57,18.72,about loops right we have talked about for loop and while loop in this video we'll talk about three keywords break,C:\NCKH\VIDEO_LEARNING_RESEARCH\data\ground_truth\annotation_working\review_assisted\evidence\v19_evidence.txt
v19,Python,iteration,0,,,,C:\NCKH\VIDEO_LEARNING_RESEARCH\data\ground_truth\annotation_working\review_assisted\evidence\v19_evidence.txt
v19,Python,range,1,402.66,414.15,so what will happen now is when you say for I in range 1 200 every time you say if it is 3 in that case I don't want to,C:\NCKH\VIDEO_LEARNING_RESEARCH\data\ground_truth\annotation_working\review_assisted\evidence\v19_evidence.txt
v19,Python,list,0,,,,C:\NCKH\VIDEO_LEARNING_RESEARCH\data\ground_truth\annotation_working\review_assisted\evidence\v19_evidence.txt
v19,Python,nested loop,0,,,,C:\NCKH\VIDEO_LEARNING_RESEARCH\data\ground_truth\annotation_working\review_assisted\evidence\v19_evidence.txt
v19,Python,index,0,,,,C:\NCKH\VIDEO_LEARNING_RESEARCH\data\ground_truth\annotation_working\review_assisted\evidence\v19_evidence.txt
v19,Python,break,3,11.07,20.49,for loop and while loop in this video we'll talk about three keywords break continue and pass again why do we need,C:\NCKH\VIDEO_LEARNING_RESEARCH\data\ground_truth\annotation_working\review_assisted\evidence\v19_evidence.txt
v19,Python,continue,3,13.71,22.2,we'll talk about three keywords break continue and pass again why do we need that let's see in the code itself,C:\NCKH\VIDEO_LEARNING_RESEARCH\data\ground_truth\annotation_working\review_assisted\evidence\v19_evidence.txt
v20,Python,for loop,3,0.09,14.07,today's topic is for statement in Python for statement is also known as for loop so to begin I have py charm open so let,C:\NCKH\VIDEO_LEARNING_RESEARCH\data\ground_truth\annotation_working\review_assisted\evidence\v20_evidence.txt
v20,Python,for,3,0.09,10.98,today's topic is for statement in Python for statement is also known as for loop,C:\NCKH\VIDEO_LEARNING_RESEARCH\data\ground_truth\annotation_working\review_assisted\evidence\v20_evidence.txt
v20,Python,iteration,3,238.47,251.91,the diagram here so as you see in the diagram at each iteration it is taking each of these individual items and,C:\NCKH\VIDEO_LEARNING_RESEARCH\data\ground_truth\annotation_working\review_assisted\evidence\v20_evidence.txt
v20,Python,range,3,416.43,429.77,whenever you want to do same operation on a range of things okay next thing I want to cover is a range function what,C:\NCKH\VIDEO_LEARNING_RESEARCH\data\ground_truth\annotation_working\review_assisted\evidence\v20_evidence.txt
v20,Python,list,3,20.79,31.68,understand this we will work on a sample problem let's say you have a list of your monthly expenses so for January,C:\NCKH\VIDEO_LEARNING_RESEARCH\data\ground_truth\annotation_working\review_assisted\evidence\v20_evidence.txt
v20,Python,nested loop,0,,,,C:\NCKH\VIDEO_LEARNING_RESEARCH\data\ground_truth\annotation_working\review_assisted\evidence\v20_evidence.txt
v20,Python,index,3,444.42,455.46,stop so my start index is one and your stop as it is indicated by the tooltip this,C:\NCKH\VIDEO_LEARNING_RESEARCH\data\ground_truth\annotation_working\review_assisted\evidence\v20_evidence.txt
v20,Python,break,3,761.28,773.28,your specified here but often there is a need to break in between you want to do some operation and one certain goal is,C:\NCKH\VIDEO_LEARNING_RESEARCH\data\ground_truth\annotation_working\review_assisted\evidence\v20_evidence.txt
v20,Python,continue,3,986.61,998.16,right your goal is achieved why do you want to continue with the full loop and go over the remaining elements another,C:\NCKH\VIDEO_LEARNING_RESEARCH\data\ground_truth\annotation_working\review_assisted\evidence\v20_evidence.txt
v21,Python,for loop,0,,,,C:\NCKH\VIDEO_LEARNING_RESEARCH\data\ground_truth\annotation_working\review_assisted\evidence\v21_evidence.txt
v21,Python,for,0,,,,C:\NCKH\VIDEO_LEARNING_RESEARCH\data\ground_truth\annotation_working\review_assisted\evidence\v21_evidence.txt
v21,Python,iteration,0,,,,C:\NCKH\VIDEO_LEARNING_RESEARCH\data\ground_truth\annotation_working\review_assisted\evidence\v21_evidence.txt
v21,Python,range,0,,,,C:\NCKH\VIDEO_LEARNING_RESEARCH\data\ground_truth\annotation_working\review_assisted\evidence\v21_evidence.txt
v21,Python,list,0,,,,C:\NCKH\VIDEO_LEARNING_RESEARCH\data\ground_truth\annotation_working\review_assisted\evidence\v21_evidence.txt
v21,Python,nested loop,2,2.79,12.63,rank and in this video we are going to talk about nested loops in Bai long so we'll begin by giving you an overview,C:\NCKH\VIDEO_LEARNING_RESEARCH\data\ground_truth\annotation_working\review_assisted\evidence\v21_evidence.txt
v21,Python,index,0,,,,C:\NCKH\VIDEO_LEARNING_RESEARCH\data\ground_truth\annotation_working\review_assisted\evidence\v21_evidence.txt
v21,Python,break,2,158.48,169.61,we take a look at this field of stars we can break this down into small pieces right so what you have are rows of stars,C:\NCKH\VIDEO_LEARNING_RESEARCH\data\ground_truth\annotation_working\review_assisted\evidence\v21_evidence.txt
v21,Python,continue,0,,,,C:\NCKH\VIDEO_LEARNING_RESEARCH\data\ground_truth\annotation_working\review_assisted\evidence\v21_evidence.txt
v22,Python,for loop,0,,,,C:\NCKH\VIDEO_LEARNING_RESEARCH\data\ground_truth\annotation_working\review_assisted\evidence\v22_evidence.txt
v22,Python,for,0,,,,C:\NCKH\VIDEO_LEARNING_RESEARCH\data\ground_truth\annotation_working\review_assisted\evidence\v22_evidence.txt
v22,Python,iteration,1,93.04,102.56,"memory efficient. And it is widely used for iteration purpose, right? So, this is very important about range.",C:\NCKH\VIDEO_LEARNING_RESEARCH\data\ground_truth\annotation_working\review_assisted\evidence\v22_evidence.txt
v22,Python,range,3,0.32,7.48,The next is range. The range data type generates the,C:\NCKH\VIDEO_LEARNING_RESEARCH\data\ground_truth\annotation_working\review_assisted\evidence\v22_evidence.txt
v22,Python,list,0,,,,C:\NCKH\VIDEO_LEARNING_RESEARCH\data\ground_truth\annotation_working\review_assisted\evidence\v22_evidence.txt
v22,Python,nested loop,0,,,,C:\NCKH\VIDEO_LEARNING_RESEARCH\data\ground_truth\annotation_working\review_assisted\evidence\v22_evidence.txt
v22,Python,index,0,,,,C:\NCKH\VIDEO_LEARNING_RESEARCH\data\ground_truth\annotation_working\review_assisted\evidence\v22_evidence.txt
v22,Python,break,0,,,,C:\NCKH\VIDEO_LEARNING_RESEARCH\data\ground_truth\annotation_working\review_assisted\evidence\v22_evidence.txt
v22,Python,continue,0,,,,C:\NCKH\VIDEO_LEARNING_RESEARCH\data\ground_truth\annotation_working\review_assisted\evidence\v22_evidence.txt
v23,Java,class,3,53.68,64.4,"primitive types, you can design your own reference types. I wrote a dog class. This is a common way to declare and",C:\NCKH\VIDEO_LEARNING_RESEARCH\data\ground_truth\annotation_working\review_assisted\evidence\v23_evidence.txt
v23,Java,object,3,0.16,6.56,"AL we're going to cover using objects. If you don't like the pace of the video,",C:\NCKH\VIDEO_LEARNING_RESEARCH\data\ground_truth\annotation_working\review_assisted\evidence\v23_evidence.txt
v23,Java,method,3,305.44,315.44,they have behaviors that in Java we represent with methods. Imagine a light bulb object. Two states might be color,C:\NCKH\VIDEO_LEARNING_RESEARCH\data\ground_truth\annotation_working\review_assisted\evidence\v23_evidence.txt
v23,Java,interface,0,,,,C:\NCKH\VIDEO_LEARNING_RESEARCH\data\ground_truth\annotation_working\review_assisted\evidence\v23_evidence.txt
v23,Java,implements,0,,,,C:\NCKH\VIDEO_LEARNING_RESEARCH\data\ground_truth\annotation_working\review_assisted\evidence\v23_evidence.txt
v23,Java,extends,0,,,,C:\NCKH\VIDEO_LEARNING_RESEARCH\data\ground_truth\annotation_working\review_assisted\evidence\v23_evidence.txt
v23,Java,inheritance,0,,,,C:\NCKH\VIDEO_LEARNING_RESEARCH\data\ground_truth\annotation_working\review_assisted\evidence\v23_evidence.txt
v23,Java,abstract class,0,,,,C:\NCKH\VIDEO_LEARNING_RESEARCH\data\ground_truth\annotation_working\review_assisted\evidence\v23_evidence.txt
v23,Java,abstract method,0,,,,C:\NCKH\VIDEO_LEARNING_RESEARCH\data\ground_truth\annotation_working\review_assisted\evidence\v23_evidence.txt
v24,Java,class,0,,,,C:\NCKH\VIDEO_LEARNING_RESEARCH\data\ground_truth\annotation_working\review_assisted\evidence\v24_evidence.txt
v24,Java,object,0,,,,C:\NCKH\VIDEO_LEARNING_RESEARCH\data\ground_truth\annotation_working\review_assisted\evidence\v24_evidence.txt
v24,Java,method,3,3.12,10.08,video i'm going to explain methods in java so sit back relax and enjoy the show,C:\NCKH\VIDEO_LEARNING_RESEARCH\data\ground_truth\annotation_working\review_assisted\evidence\v24_evidence.txt
v24,Java,interface,0,,,,C:\NCKH\VIDEO_LEARNING_RESEARCH\data\ground_truth\annotation_working\review_assisted\evidence\v24_evidence.txt
v24,Java,implements,0,,,,C:\NCKH\VIDEO_LEARNING_RESEARCH\data\ground_truth\annotation_working\review_assisted\evidence\v24_evidence.txt
v24,Java,extends,0,,,,C:\NCKH\VIDEO_LEARNING_RESEARCH\data\ground_truth\annotation_working\review_assisted\evidence\v24_evidence.txt
v24,Java,inheritance,0,,,,C:\NCKH\VIDEO_LEARNING_RESEARCH\data\ground_truth\annotation_working\review_assisted\evidence\v24_evidence.txt
v24,Java,abstract class,0,,,,C:\NCKH\VIDEO_LEARNING_RESEARCH\data\ground_truth\annotation_working\review_assisted\evidence\v24_evidence.txt
v24,Java,abstract method,0,,,,C:\NCKH\VIDEO_LEARNING_RESEARCH\data\ground_truth\annotation_working\review_assisted\evidence\v24_evidence.txt
v25,Java,class,3,39.53,53.73,hit finish and now inside the source folder go to new class and call it just something like interface example and,C:\NCKH\VIDEO_LEARNING_RESEARCH\data\ground_truth\annotation_working\review_assisted\evidence\v25_evidence.txt
v25,Java,object,1,82.11,92.34,where we write the code outside any object your class in Java has attributes and things that can do so to create an,C:\NCKH\VIDEO_LEARNING_RESEARCH\data\ground_truth\annotation_working\review_assisted\evidence\v25_evidence.txt
v25,Java,method,3,45.6,59.4,something like interface example and then add the main method with that checkbox and we're good to go and in,C:\NCKH\VIDEO_LEARNING_RESEARCH\data\ground_truth\annotation_working\review_assisted\evidence\v25_evidence.txt
v25,Java,interface,3,0.06,5.04,interface possibly one of the most boring words in the human language if,C:\NCKH\VIDEO_LEARNING_RESEARCH\data\ground_truth\annotation_working\review_assisted\evidence\v25_evidence.txt
v25,Java,implements,3,150.1,164.41,why don't I just use the outline so we can just do that by saying implements the water bottle interface I think it's,C:\NCKH\VIDEO_LEARNING_RESEARCH\data\ground_truth\annotation_working\review_assisted\evidence\v25_evidence.txt
v25,Java,extends,0,,,,C:\NCKH\VIDEO_LEARNING_RESEARCH\data\ground_truth\annotation_working\review_assisted\evidence\v25_evidence.txt
v25,Java,inheritance,0,,,,C:\NCKH\VIDEO_LEARNING_RESEARCH\data\ground_truth\annotation_working\review_assisted\evidence\v25_evidence.txt
v25,Java,abstract class,0,,,,C:\NCKH\VIDEO_LEARNING_RESEARCH\data\ground_truth\annotation_working\review_assisted\evidence\v25_evidence.txt
v25,Java,abstract method,0,,,,C:\NCKH\VIDEO_LEARNING_RESEARCH\data\ground_truth\annotation_working\review_assisted\evidence\v25_evidence.txt
v26,Java,class,3,22.44,31.68,order to declare an interface what we need to do is instead of our class keyword we need to write the interface,C:\NCKH\VIDEO_LEARNING_RESEARCH\data\ground_truth\annotation_working\review_assisted\evidence\v26_evidence.txt
v26,Java,object,0,,,,C:\NCKH\VIDEO_LEARNING_RESEARCH\data\ground_truth\annotation_working\review_assisted\evidence\v26_evidence.txt
v26,Java,method,3,43.56,54.56,variable speed and below that we have a run method and you can notice one thing that you know this method run resembles,C:\NCKH\VIDEO_LEARNING_RESEARCH\data\ground_truth\annotation_working\review_assisted\evidence\v26_evidence.txt
v26,Java,interface,3,2.96,15.8,for beginners in our today's video we will talk about interface in Java so without wasting time let's get started,C:\NCKH\VIDEO_LEARNING_RESEARCH\data\ground_truth\annotation_working\review_assisted\evidence\v26_evidence.txt
v26,Java,implements,3,82.08,93.96,method right now next thing that we can see is the use of this implements keyword so in Java whenever we want to,C:\NCKH\VIDEO_LEARNING_RESEARCH\data\ground_truth\annotation_working\review_assisted\evidence\v26_evidence.txt
v26,Java,extends,1,93.96,104.2,write the implements keyword we cannot write the extends keyword similar to our abstract class right so we need to call,C:\NCKH\VIDEO_LEARNING_RESEARCH\data\ground_truth\annotation_working\review_assisted\evidence\v26_evidence.txt
v26,Java,inheritance,0,,,,C:\NCKH\VIDEO_LEARNING_RESEARCH\data\ground_truth\annotation_working\review_assisted\evidence\v26_evidence.txt
v26,Java,abstract class,2,52.24,61.92,the abstract method which we have already seen in our abstract class video right so we can tell that this is an,C:\NCKH\VIDEO_LEARNING_RESEARCH\data\ground_truth\annotation_working\review_assisted\evidence\v26_evidence.txt
v26,Java,abstract method,2,50.12,60.04,that you know this method run resembles the abstract method which we have already seen in our abstract class video,C:\NCKH\VIDEO_LEARNING_RESEARCH\data\ground_truth\annotation_working\review_assisted\evidence\v26_evidence.txt
v27,Java,class,3,42.19,51.58,that is to create a calculator so what we'll do is we create a class first calculator okay so that's our class here,C:\NCKH\VIDEO_LEARNING_RESEARCH\data\ground_truth\annotation_working\review_assisted\evidence\v27_evidence.txt
v27,Java,object,3,9.55,18.34,of java we have talked about arrays and objects static keyword and all the stuff now let's move towards the oops concept,C:\NCKH\VIDEO_LEARNING_RESEARCH\data\ground_truth\annotation_working\review_assisted\evidence\v27_evidence.txt
v27,Java,method,3,55.96,64.69,numbers so what I will do I will say public which returns int the method name is add which takes parameter which is I,C:\NCKH\VIDEO_LEARNING_RESEARCH\data\ground_truth\annotation_working\review_assisted\evidence\v27_evidence.txt
v27,Java,interface,0,,,,C:\NCKH\VIDEO_LEARNING_RESEARCH\data\ground_truth\annotation_working\review_assisted\evidence\v27_evidence.txt
v27,Java,implements,0,,,,C:\NCKH\VIDEO_LEARNING_RESEARCH\data\ground_truth\annotation_working\review_assisted\evidence\v27_evidence.txt
v27,Java,extends,3,251.41,261.34,of inheritance so we'll simply say extends calculator now in this scenario this class becomes a super class and,C:\NCKH\VIDEO_LEARNING_RESEARCH\data\ground_truth\annotation_working\review_assisted\evidence\v27_evidence.txt
v27,Java,inheritance,3,18.34,27.25,lots of features so I need to write you inheritance abstraction data hiding and capsulation so we start with the first,C:\NCKH\VIDEO_LEARNING_RESEARCH\data\ground_truth\annotation_working\review_assisted\evidence\v27_evidence.txt
v27,Java,abstract class,0,,,,C:\NCKH\VIDEO_LEARNING_RESEARCH\data\ground_truth\annotation_working\review_assisted\evidence\v27_evidence.txt
v27,Java,abstract method,0,,,,C:\NCKH\VIDEO_LEARNING_RESEARCH\data\ground_truth\annotation_working\review_assisted\evidence\v27_evidence.txt
v28,Java,class,3,4.08,17.64,beginners and in this video we will see what is class inheritance in Java and how to use class inheritance in Java so,C:\NCKH\VIDEO_LEARNING_RESEARCH\data\ground_truth\annotation_working\review_assisted\evidence\v28_evidence.txt
v28,Java,object,3,599.68,613.4,now what we can do in our main method we can uh use or we can create the instance of rectangle class so rectangle re C for,C:\NCKH\VIDEO_LEARNING_RESEARCH\data\ground_truth\annotation_working\review_assisted\evidence\v28_evidence.txt
v28,Java,method,3,88.56,104.04,value in this polygon class using a method set value and in this rectangle or and triangle class I can create uh,C:\NCKH\VIDEO_LEARNING_RESEARCH\data\ground_truth\annotation_working\review_assisted\evidence\v28_evidence.txt
v28,Java,interface,0,,,,C:\NCKH\VIDEO_LEARNING_RESEARCH\data\ground_truth\annotation_working\review_assisted\evidence\v28_evidence.txt
v28,Java,implements,0,,,,C:\NCKH\VIDEO_LEARNING_RESEARCH\data\ground_truth\annotation_working\review_assisted\evidence\v28_evidence.txt
v28,Java,extends,1,381.44,393.48,using keyword extends okay just use the keyword extend and then,C:\NCKH\VIDEO_LEARNING_RESEARCH\data\ground_truth\annotation_working\review_assisted\evidence\v28_evidence.txt
v28,Java,inheritance,3,4.08,17.64,beginners and in this video we will see what is class inheritance in Java and how to use class inheritance in Java so,C:\NCKH\VIDEO_LEARNING_RESEARCH\data\ground_truth\annotation_working\review_assisted\evidence\v28_evidence.txt
v28,Java,abstract class,0,,,,C:\NCKH\VIDEO_LEARNING_RESEARCH\data\ground_truth\annotation_working\review_assisted\evidence\v28_evidence.txt
v28,Java,abstract method,0,,,,C:\NCKH\VIDEO_LEARNING_RESEARCH\data\ground_truth\annotation_working\review_assisted\evidence\v28_evidence.txt
v29,Java,class,3,0.0,7.17,hey how's it going you're probably confused about abstract classes right now which is why you click this video,C:\NCKH\VIDEO_LEARNING_RESEARCH\data\ground_truth\annotation_working\review_assisted\evidence\v29_evidence.txt
v29,Java,object,1,165.78,178.75,and now if we do that it'll work because now the Chihuahua object is an extension of dog so if it's an extension then it,C:\NCKH\VIDEO_LEARNING_RESEARCH\data\ground_truth\annotation_working\review_assisted\evidence\v29_evidence.txt
v29,Java,method,3,41.13,53.13,gonna call it abstract tutorial hit this main method check box and then hit finish an abstract class is basically a,C:\NCKH\VIDEO_LEARNING_RESEARCH\data\ground_truth\annotation_working\review_assisted\evidence\v29_evidence.txt
v29,Java,interface,3,366.7,380.77,is is what this example is so how is this different than an interface an interface is like this you type the,C:\NCKH\VIDEO_LEARNING_RESEARCH\data\ground_truth\annotation_working\review_assisted\evidence\v29_evidence.txt
v29,Java,implements,1,474.25,485.59,dog interface and change this from extends to implements because we're implementing the methods from the,C:\NCKH\VIDEO_LEARNING_RESEARCH\data\ground_truth\annotation_working\review_assisted\evidence\v29_evidence.txt
v29,Java,extends,3,137.62,161.89,new class class Chihuahua Chihuahua class okay and say extends dot so now we can use these through the Chihuahua,C:\NCKH\VIDEO_LEARNING_RESEARCH\data\ground_truth\annotation_working\review_assisted\evidence\v29_evidence.txt
v29,Java,inheritance,0,,,,C:\NCKH\VIDEO_LEARNING_RESEARCH\data\ground_truth\annotation_working\review_assisted\evidence\v29_evidence.txt
v29,Java,abstract class,3,0.0,7.17,hey how's it going you're probably confused about abstract classes right now which is why you click this video,C:\NCKH\VIDEO_LEARNING_RESEARCH\data\ground_truth\annotation_working\review_assisted\evidence\v29_evidence.txt
v29,Java,abstract method,3,202.9,211.9,most important part about abstract classes in Java its abstract methods I'll close this up so we can see,C:\NCKH\VIDEO_LEARNING_RESEARCH\data\ground_truth\annotation_working\review_assisted\evidence\v29_evidence.txt
v30,Java,class,3,3.77,16.19,to use abstract methods and abstract class here you can see class car which is abstract class and it has engine,C:\NCKH\VIDEO_LEARNING_RESEARCH\data\ground_truth\annotation_working\review_assisted\evidence\v30_evidence.txt
v30,Java,object,3,68.34,77.82,behaviors at the top of an object-oriented programming class hierarchy and use its subclasses to,C:\NCKH\VIDEO_LEARNING_RESEARCH\data\ground_truth\annotation_working\review_assisted\evidence\v30_evidence.txt
v30,Java,method,3,0.29,13.52,hi this video tutorial I will cover went to use abstract methods and abstract class here you can see class car which,C:\NCKH\VIDEO_LEARNING_RESEARCH\data\ground_truth\annotation_working\review_assisted\evidence\v30_evidence.txt
v30,Java,interface,0,,,,C:\NCKH\VIDEO_LEARNING_RESEARCH\data\ground_truth\annotation_working\review_assisted\evidence\v30_evidence.txt
v30,Java,implements,0,,,,C:\NCKH\VIDEO_LEARNING_RESEARCH\data\ground_truth\annotation_working\review_assisted\evidence\v30_evidence.txt
v30,Java,extends,3,16.19,27.17,method and here you can see Honda car which extends abstract class car and provide implementation of abstract,C:\NCKH\VIDEO_LEARNING_RESEARCH\data\ground_truth\annotation_working\review_assisted\evidence\v30_evidence.txt
v30,Java,inheritance,0,,,,C:\NCKH\VIDEO_LEARNING_RESEARCH\data\ground_truth\annotation_working\review_assisted\evidence\v30_evidence.txt
v30,Java,abstract class,3,6.14,19.28,class here you can see class car which is abstract class and it has engine method this engine method is abstract,C:\NCKH\VIDEO_LEARNING_RESEARCH\data\ground_truth\annotation_working\review_assisted\evidence\v30_evidence.txt
v30,Java,abstract method,3,0.29,13.52,hi this video tutorial I will cover went to use abstract methods and abstract class here you can see class car which,C:\NCKH\VIDEO_LEARNING_RESEARCH\data\ground_truth\annotation_working\review_assisted\evidence\v30_evidence.txt
v31,C++,variable,3,5.19,15.48,beginners in this video we are going to talk about variables data types and also I'm going to explain how you can enter,C:\NCKH\VIDEO_LEARNING_RESEARCH\data\ground_truth\annotation_working\review_assisted\evidence\v31_evidence.txt
v31,C++,data type,3,5.19,15.48,beginners in this video we are going to talk about variables data types and also I'm going to explain how you can enter,C:\NCKH\VIDEO_LEARNING_RESEARCH\data\ground_truth\annotation_working\review_assisted\evidence\v31_evidence.txt
v31,C++,pointer,0,,,,C:\NCKH\VIDEO_LEARNING_RESEARCH\data\ground_truth\annotation_working\review_assisted\evidence\v31_evidence.txt
v31,C++,reference,0,,,,C:\NCKH\VIDEO_LEARNING_RESEARCH\data\ground_truth\annotation_working\review_assisted\evidence\v31_evidence.txt
v31,C++,class,1,127.92,137.49,that variables so the same way would with the water inside this class if you decide to put,C:\NCKH\VIDEO_LEARNING_RESEARCH\data\ground_truth\annotation_working\review_assisted\evidence\v31_evidence.txt
v31,C++,object,0,,,,C:\NCKH\VIDEO_LEARNING_RESEARCH\data\ground_truth\annotation_working\review_assisted\evidence\v31_evidence.txt
v31,C++,constructor,0,,,,C:\NCKH\VIDEO_LEARNING_RESEARCH\data\ground_truth\annotation_working\review_assisted\evidence\v31_evidence.txt
v31,C++,inheritance,0,,,,C:\NCKH\VIDEO_LEARNING_RESEARCH\data\ground_truth\annotation_working\review_assisted\evidence\v31_evidence.txt
v31,C++,polymorphism,0,,,,C:\NCKH\VIDEO_LEARNING_RESEARCH\data\ground_truth\annotation_working\review_assisted\evidence\v31_evidence.txt
v31,C++,template,0,,,,C:\NCKH\VIDEO_LEARNING_RESEARCH\data\ground_truth\annotation_working\review_assisted\evidence\v31_evidence.txt
v32,C++,variable,3,3.78,13.2,in today's class we are looking at variables and data types by the end of the class we should,C:\NCKH\VIDEO_LEARNING_RESEARCH\data\ground_truth\annotation_working\review_assisted\evidence\v32_evidence.txt
v32,C++,data type,3,3.78,13.2,in today's class we are looking at variables and data types by the end of the class we should,C:\NCKH\VIDEO_LEARNING_RESEARCH\data\ground_truth\annotation_working\review_assisted\evidence\v32_evidence.txt
v32,C++,pointer,0,,,,C:\NCKH\VIDEO_LEARNING_RESEARCH\data\ground_truth\annotation_working\review_assisted\evidence\v32_evidence.txt
v32,C++,reference,0,,,,C:\NCKH\VIDEO_LEARNING_RESEARCH\data\ground_truth\annotation_working\review_assisted\evidence\v32_evidence.txt
v32,C++,class,3,0.54,8.04,hello everyone welcome to today's class in today's class we are looking at,C:\NCKH\VIDEO_LEARNING_RESEARCH\data\ground_truth\annotation_working\review_assisted\evidence\v32_evidence.txt
v32,C++,object,3,360.3,369.74,so that if you are in if you intend for instance to store water your compiler will not,C:\NCKH\VIDEO_LEARNING_RESEARCH\data\ground_truth\annotation_working\review_assisted\evidence\v32_evidence.txt
v32,C++,constructor,0,,,,C:\NCKH\VIDEO_LEARNING_RESEARCH\data\ground_truth\annotation_working\review_assisted\evidence\v32_evidence.txt
v32,C++,inheritance,0,,,,C:\NCKH\VIDEO_LEARNING_RESEARCH\data\ground_truth\annotation_working\review_assisted\evidence\v32_evidence.txt
v32,C++,polymorphism,0,,,,C:\NCKH\VIDEO_LEARNING_RESEARCH\data\ground_truth\annotation_working\review_assisted\evidence\v32_evidence.txt
v32,C++,template,0,,,,C:\NCKH\VIDEO_LEARNING_RESEARCH\data\ground_truth\annotation_working\review_assisted\evidence\v32_evidence.txt
v33,C++,variable,3,44.32,55.76,is what are pointers. So we already have explained the concept of a variable and you should be familiar with that. So we,C:\NCKH\VIDEO_LEARNING_RESEARCH\data\ground_truth\annotation_working\review_assisted\evidence\v33_evidence.txt
v33,C++,data type,0,,,,C:\NCKH\VIDEO_LEARNING_RESEARCH\data\ground_truth\annotation_working\review_assisted\evidence\v33_evidence.txt
v33,C++,pointer,3,3.44,12.88,"this video, I want to talk about pointers. So I will go straight to the point. Uh pointers are very important",C:\NCKH\VIDEO_LEARNING_RESEARCH\data\ground_truth\annotation_working\review_assisted\evidence\v33_evidence.txt
v33,C++,reference,1,605.12,615.52,solve is you can use pointers in order to pass values by a reference to a function. And then you can use them to,C:\NCKH\VIDEO_LEARNING_RESEARCH\data\ground_truth\annotation_working\review_assisted\evidence\v33_evidence.txt
v33,C++,class,2,626.96,638.4,"programming, you can use a pointer of a base class in order to access a object of derived class. And then there is this",C:\NCKH\VIDEO_LEARNING_RESEARCH\data\ground_truth\annotation_working\review_assisted\evidence\v33_evidence.txt
v33,C++,object,2,622.4,633.04,"memory allocation. And then if you're familiar with OOP object-oriented programming, you can use a pointer of a",C:\NCKH\VIDEO_LEARNING_RESEARCH\data\ground_truth\annotation_working\review_assisted\evidence\v33_evidence.txt
v33,C++,constructor,0,,,,C:\NCKH\VIDEO_LEARNING_RESEARCH\data\ground_truth\annotation_working\review_assisted\evidence\v33_evidence.txt
v33,C++,inheritance,2,626.96,638.4,"programming, you can use a pointer of a base class in order to access a object of derived class. And then there is this",C:\NCKH\VIDEO_LEARNING_RESEARCH\data\ground_truth\annotation_working\review_assisted\evidence\v33_evidence.txt
v33,C++,polymorphism,0,,,,C:\NCKH\VIDEO_LEARNING_RESEARCH\data\ground_truth\annotation_working\review_assisted\evidence\v33_evidence.txt
v33,C++,template,0,,,,C:\NCKH\VIDEO_LEARNING_RESEARCH\data\ground_truth\annotation_working\review_assisted\evidence\v33_evidence.txt
v34,C++,variable,3,62.48,70.32,sounds like it's a way for us to reference an existing variable unlike a pointer where you could create a new,C:\NCKH\VIDEO_LEARNING_RESEARCH\data\ground_truth\annotation_working\review_assisted\evidence\v34_evidence.txt
v34,C++,data type,0,,,,C:\NCKH\VIDEO_LEARNING_RESEARCH\data\ground_truth\annotation_working\review_assisted\evidence\v34_evidence.txt
v34,C++,pointer,3,6.44,15.72,references last week we talked about pointers so if you didn't see that video you are 100% going to have to because,C:\NCKH\VIDEO_LEARNING_RESEARCH\data\ground_truth\annotation_working\review_assisted\evidence\v34_evidence.txt
v34,C++,reference,3,5.56,13.88,we're going to be talking about references last week we talked about pointers so if you didn't see that video,C:\NCKH\VIDEO_LEARNING_RESEARCH\data\ground_truth\annotation_working\review_assisted\evidence\v34_evidence.txt
v34,C++,class,0,,,,C:\NCKH\VIDEO_LEARNING_RESEARCH\data\ground_truth\annotation_working\review_assisted\evidence\v34_evidence.txt
v34,C++,object,0,,,,C:\NCKH\VIDEO_LEARNING_RESEARCH\data\ground_truth\annotation_working\review_assisted\evidence\v34_evidence.txt
v34,C++,constructor,0,,,,C:\NCKH\VIDEO_LEARNING_RESEARCH\data\ground_truth\annotation_working\review_assisted\evidence\v34_evidence.txt
v34,C++,inheritance,0,,,,C:\NCKH\VIDEO_LEARNING_RESEARCH\data\ground_truth\annotation_working\review_assisted\evidence\v34_evidence.txt
v34,C++,polymorphism,0,,,,C:\NCKH\VIDEO_LEARNING_RESEARCH\data\ground_truth\annotation_working\review_assisted\evidence\v34_evidence.txt
v34,C++,template,0,,,,C:\NCKH\VIDEO_LEARNING_RESEARCH\data\ground_truth\annotation_working\review_assisted\evidence\v34_evidence.txt
v35,C++,variable,3,10.4,21.24,alias or an alternative name for an existing variable it can be used to access and modify another variable let's,C:\NCKH\VIDEO_LEARNING_RESEARCH\data\ground_truth\annotation_working\review_assisted\evidence\v35_evidence.txt
v35,C++,data type,2,24.16,34.08,of a reference as you can see here first of all we mention the data type name then we men mention the reference name,C:\NCKH\VIDEO_LEARNING_RESEARCH\data\ground_truth\annotation_working\review_assisted\evidence\v35_evidence.txt
v35,C++,pointer,3,425.04,435.72,difference between a reference and a pointer a reference by definition means an alternative name for an existing,C:\NCKH\VIDEO_LEARNING_RESEARCH\data\ground_truth\annotation_working\review_assisted\evidence\v35_evidence.txt
v35,C++,reference,3,2.76,13.24,in this video we are going to learn about references in C++ a reference may be defined as an,C:\NCKH\VIDEO_LEARNING_RESEARCH\data\ground_truth\annotation_working\review_assisted\evidence\v35_evidence.txt
v35,C++,class,0,,,,C:\NCKH\VIDEO_LEARNING_RESEARCH\data\ground_truth\annotation_working\review_assisted\evidence\v35_evidence.txt
v35,C++,object,0,,,,C:\NCKH\VIDEO_LEARNING_RESEARCH\data\ground_truth\annotation_working\review_assisted\evidence\v35_evidence.txt
v35,C++,constructor,0,,,,C:\NCKH\VIDEO_LEARNING_RESEARCH\data\ground_truth\annotation_working\review_assisted\evidence\v35_evidence.txt
v35,C++,inheritance,0,,,,C:\NCKH\VIDEO_LEARNING_RESEARCH\data\ground_truth\annotation_working\review_assisted\evidence\v35_evidence.txt
v35,C++,polymorphism,0,,,,C:\NCKH\VIDEO_LEARNING_RESEARCH\data\ground_truth\annotation_working\review_assisted\evidence\v35_evidence.txt
v35,C++,template,0,,,,C:\NCKH\VIDEO_LEARNING_RESEARCH\data\ground_truth\annotation_working\review_assisted\evidence\v35_evidence.txt
v36,C++,variable,3,192.4,201.68,channel has a name so that is going to be a string variable let's say string,C:\NCKH\VIDEO_LEARNING_RESEARCH\data\ground_truth\annotation_working\review_assisted\evidence\v36_evidence.txt
v36,C++,data type,3,144.56,153.6,is that class is user defined data type we have already talked about,C:\NCKH\VIDEO_LEARNING_RESEARCH\data\ground_truth\annotation_working\review_assisted\evidence\v36_evidence.txt
v36,C++,pointer,0,,,,C:\NCKH\VIDEO_LEARNING_RESEARCH\data\ground_truth\annotation_working\review_assisted\evidence\v36_evidence.txt
v36,C++,reference,0,,,,C:\NCKH\VIDEO_LEARNING_RESEARCH\data\ground_truth\annotation_working\review_assisted\evidence\v36_evidence.txt
v36,C++,class,3,38.4,46.64,concepts of oop are classes and objects so let me explain the difference,C:\NCKH\VIDEO_LEARNING_RESEARCH\data\ground_truth\annotation_working\review_assisted\evidence\v36_evidence.txt
v36,C++,object,3,14.4,22.32,now in this particular video i want to talk about object-oriented programming so what is object-oriented,C:\NCKH\VIDEO_LEARNING_RESEARCH\data\ground_truth\annotation_working\review_assisted\evidence\v36_evidence.txt
v36,C++,constructor,1,701.84,709.44,about constructors and class methods because there is a more simple way to do this,C:\NCKH\VIDEO_LEARNING_RESEARCH\data\ground_truth\annotation_working\review_assisted\evidence\v36_evidence.txt
v36,C++,inheritance,0,,,,C:\NCKH\VIDEO_LEARNING_RESEARCH\data\ground_truth\annotation_working\review_assisted\evidence\v36_evidence.txt
v36,C++,polymorphism,0,,,,C:\NCKH\VIDEO_LEARNING_RESEARCH\data\ground_truth\annotation_working\review_assisted\evidence\v36_evidence.txt
v36,C++,template,1,46.64,55.68,an object a class is going to represent a template meaning a blueprint and then an,C:\NCKH\VIDEO_LEARNING_RESEARCH\data\ground_truth\annotation_working\review_assisted\evidence\v36_evidence.txt
v37,C++,variable,0,,,,C:\NCKH\VIDEO_LEARNING_RESEARCH\data\ground_truth\annotation_working\review_assisted\evidence\v37_evidence.txt
v37,C++,data type,0,,,,C:\NCKH\VIDEO_LEARNING_RESEARCH\data\ground_truth\annotation_working\review_assisted\evidence\v37_evidence.txt
v37,C++,pointer,0,,,,C:\NCKH\VIDEO_LEARNING_RESEARCH\data\ground_truth\annotation_working\review_assisted\evidence\v37_evidence.txt
v37,C++,reference,0,,,,C:\NCKH\VIDEO_LEARNING_RESEARCH\data\ground_truth\annotation_working\review_assisted\evidence\v37_evidence.txt
v37,C++,class,3,5.44,16.32,constructors a constructor is a special method within a class that is automatically called when an object is,C:\NCKH\VIDEO_LEARNING_RESEARCH\data\ground_truth\annotation_working\review_assisted\evidence\v37_evidence.txt
v37,C++,object,3,8.64,19.84,method within a class that is automatically called when an object is instantiated it's useful for assigning,C:\NCKH\VIDEO_LEARNING_RESEARCH\data\ground_truth\annotation_working\review_assisted\evidence\v37_evidence.txt
v37,C++,constructor,3,4.24,13.6,video we're going to discuss constructors a constructor is a special method within a class that is,C:\NCKH\VIDEO_LEARNING_RESEARCH\data\ground_truth\annotation_working\review_assisted\evidence\v37_evidence.txt
v37,C++,inheritance,0,,,,C:\NCKH\VIDEO_LEARNING_RESEARCH\data\ground_truth\annotation_working\review_assisted\evidence\v37_evidence.txt
v37,C++,polymorphism,0,,,,C:\NCKH\VIDEO_LEARNING_RESEARCH\data\ground_truth\annotation_working\review_assisted\evidence\v37_evidence.txt
v37,C++,template,0,,,,C:\NCKH\VIDEO_LEARNING_RESEARCH\data\ground_truth\annotation_working\review_assisted\evidence\v37_evidence.txt
v38,C++,variable,0,,,,C:\NCKH\VIDEO_LEARNING_RESEARCH\data\ground_truth\annotation_working\review_assisted\evidence\v38_evidence.txt
v38,C++,data type,0,,,,C:\NCKH\VIDEO_LEARNING_RESEARCH\data\ground_truth\annotation_working\review_assisted\evidence\v38_evidence.txt
v38,C++,pointer,1,222.72,231.47,"code here so that we only have everything that's new. Such as the name, which is a const char pointer, and the PrintName function which is kind of our additional functionality example.",C:\NCKH\VIDEO_LEARNING_RESEARCH\data\ground_truth\annotation_working\review_assisted\evidence\v38_evidence.txt
v38,C++,reference,0,,,,C:\NCKH\VIDEO_LEARNING_RESEARCH\data\ground_truth\annotation_working\review_assisted\evidence\v38_evidence.txt
v38,C++,class,3,8.68,16.12,"in c++. So, in object oriented programming there's a huge huge huge paradigm, and inheritance between classes is one of the fundamental",C:\NCKH\VIDEO_LEARNING_RESEARCH\data\ground_truth\annotation_working\review_assisted\evidence\v38_evidence.txt
v38,C++,object,1,4.4,11.51,"Today, we're going to be continuing  on our adventure in object-orientated programming and talking about inheritance in c++. So, in object oriented programming",C:\NCKH\VIDEO_LEARNING_RESEARCH\data\ground_truth\annotation_working\review_assisted\evidence\v38_evidence.txt
v38,C++,constructor,0,,,,C:\NCKH\VIDEO_LEARNING_RESEARCH\data\ground_truth\annotation_working\review_assisted\evidence\v38_evidence.txt
v38,C++,inheritance,3,4.4,11.51,"Today, we're going to be continuing  on our adventure in object-orientated programming and talking about inheritance in c++. So, in object oriented programming",C:\NCKH\VIDEO_LEARNING_RESEARCH\data\ground_truth\annotation_working\review_assisted\evidence\v38_evidence.txt
v38,C++,polymorphism,0,,,,C:\NCKH\VIDEO_LEARNING_RESEARCH\data\ground_truth\annotation_working\review_assisted\evidence\v38_evidence.txt
v38,C++,template,1,69.19,78.48,"that common code between a number of classes into a base class so that we don't have to keep repeating ourselves. Kind of like a template. So, let's take a look at how we can actually define that in our source code.",C:\NCKH\VIDEO_LEARNING_RESEARCH\data\ground_truth\annotation_working\review_assisted\evidence\v38_evidence.txt
v39,C++,variable,0,,,,C:\NCKH\VIDEO_LEARNING_RESEARCH\data\ground_truth\annotation_working\review_assisted\evidence\v39_evidence.txt
v39,C++,data type,0,,,,C:\NCKH\VIDEO_LEARNING_RESEARCH\data\ground_truth\annotation_working\review_assisted\evidence\v39_evidence.txt
v39,C++,pointer,0,,,,C:\NCKH\VIDEO_LEARNING_RESEARCH\data\ground_truth\annotation_working\review_assisted\evidence\v39_evidence.txt
v39,C++,reference,0,,,,C:\NCKH\VIDEO_LEARNING_RESEARCH\data\ground_truth\annotation_working\review_assisted\evidence\v39_evidence.txt
v39,C++,class,3,13.12,25.12,inheritance allows us to Define one class in terms of another class or in other words inheritance allows us to use,C:\NCKH\VIDEO_LEARNING_RESEARCH\data\ground_truth\annotation_working\review_assisted\evidence\v39_evidence.txt
v39,C++,object,3,389.16,399.32,person person okay now in our main function we're going to create an object of this class student to do that I'm,C:\NCKH\VIDEO_LEARNING_RESEARCH\data\ground_truth\annotation_working\review_assisted\evidence\v39_evidence.txt
v39,C++,constructor,0,,,,C:\NCKH\VIDEO_LEARNING_RESEARCH\data\ground_truth\annotation_working\review_assisted\evidence\v39_evidence.txt
v39,C++,inheritance,3,7.76,18.6,important Concepts in objectoriented programming that's inheritance so inheritance allows us to Define one,C:\NCKH\VIDEO_LEARNING_RESEARCH\data\ground_truth\annotation_working\review_assisted\evidence\v39_evidence.txt
v39,C++,polymorphism,0,,,,C:\NCKH\VIDEO_LEARNING_RESEARCH\data\ground_truth\annotation_working\review_assisted\evidence\v39_evidence.txt
v39,C++,template,0,,,,C:\NCKH\VIDEO_LEARNING_RESEARCH\data\ground_truth\annotation_working\review_assisted\evidence\v39_evidence.txt
v40,C++,variable,3,318.85,328.3,and so what happens is this specific variable name this template kind of argument name we can use that throughout,C:\NCKH\VIDEO_LEARNING_RESEARCH\data\ground_truth\annotation_working\review_assisted\evidence\v40_evidence.txt
v40,C++,data type,1,726.73,734.77,we don't just have to use types we can even use integers or other data types to basically specify how we want to,C:\NCKH\VIDEO_LEARNING_RESEARCH\data\ground_truth\annotation_working\review_assisted\evidence\v40_evidence.txt
v40,C++,pointer,0,,,,C:\NCKH\VIDEO_LEARNING_RESEARCH\data\ground_truth\annotation_working\review_assisted\evidence\v40_evidence.txt
v40,C++,reference,1,112.44,120.21,just give you the definition that's on like say BP reference or on Wikipedia I'm trying not to do that obviously I,C:\NCKH\VIDEO_LEARNING_RESEARCH\data\ground_truth\annotation_working\review_assisted\evidence\v40_evidence.txt
v40,C++,class,3,371.02,380.29,accepts a type name now you can also write this as class by the way it is exactly the same synonymous right class,C:\NCKH\VIDEO_LEARNING_RESEARCH\data\ground_truth\annotation_working\review_assisted\evidence\v40_evidence.txt
v40,C++,object,0,,,,C:\NCKH\VIDEO_LEARNING_RESEARCH\data\ground_truth\annotation_working\review_assisted\evidence\v40_evidence.txt
v40,C++,constructor,0,,,,C:\NCKH\VIDEO_LEARNING_RESEARCH\data\ground_truth\annotation_working\review_assisted\evidence\v40_evidence.txt
v40,C++,inheritance,0,,,,C:\NCKH\VIDEO_LEARNING_RESEARCH\data\ground_truth\annotation_working\review_assisted\evidence\v40_evidence.txt
v40,C++,polymorphism,0,,,,C:\NCKH\VIDEO_LEARNING_RESEARCH\data\ground_truth\annotation_working\review_assisted\evidence\v40_evidence.txt
v40,C++,template,3,3.36,10.35,so today we're going to be talking all about templates and I know that you guys have been requesting this for a while,C:\NCKH\VIDEO_LEARNING_RESEARCH\data\ground_truth\annotation_working\review_assisted\evidence\v40_evidence.txt
