video_id,title,url,for loop,for,iteration,range,list,nested loop,index,break,continue,annotator,review_status
v14,Python Tutorial for Beginners 7: Loops and Iterations - For/While Loops,https://www.youtube.com/watch?v=6iF8Xb7Z3wQ,1,1,1,1,0,0,0,1,1,A1,completed
v15,Python 3 Programming Tutorial - For loop,https://www.youtube.com/watch?v=xtXexPSfcZg,1,1,1,1,0,0,0,0,0,A1,completed
v16,Python Lists,https://www.youtube.com/watch?v=ohCDWZgNIU0,0,0,0,0,1,0,1,0,0,A1,completed
v17,Python For Loops - Programming for Beginners,https://www.youtube.com/watch?v=dHANJ4l6fwA,1,1,1,1,0,0,0,0,0,A1,completed
v18,Learn Python iterables in 6 minutes!,https://www.youtube.com/watch?v=VL_g3LjsFqs,1,1,1,0,0,0,0,0,0,A1,completed
v19,Python Tutorial for Beginners - Break Continue Pass,https://www.youtube.com/watch?v=yCZBnjF4_tU,0,0,0,0,0,0,0,1,1,A1,completed
v20,For loop - Python 3 Programming Tutorials,https://www.youtube.com/watch?v=3ykIpmAxdoY,1,1,1,1,1,0,0,1,1,A1,completed
v21,Python Tutorial: Nested Loops,https://www.youtube.com/watch?v=HVqcW9k9RPU,0,0,0,0,0,1,0,0,0,A1,completed
v22,Range Function in Python Step-by-Step Tutorial,https://www.youtube.com/watch?v=Evycb99_XIc,0,0,0,1,0,0,0,0,0,A1,completed
