video_id,subject,subject_norm,concept,concept_norm,y_true,score_D,score_D_chunks_used,score_F,score_F_chunks_used,pred_D,pred_F
v1,SQL,sql,aggregate function,aggregate function,1,0.1735759679869906,2,0.29424760565309693,2,0,0
v1,SQL,sql,count,count,1,0.20601112257846316,2,0.3576803781444991,2,0,0
v1,SQL,sql,group by,group by,1,0.3700438768246024,2,0.5298574428736571,2,0,1
v1,SQL,sql,having,having,1,0.3120814888913743,2,0.3839554406136551,2,0,0
v1,SQL,sql,inner join,inner join,1,0.7147529159681022,2,0.664422200450261,2,1,1
v1,SQL,sql,join,join,1,1.0,2,0.6718961371071741,2,1,1
v1,SQL,sql,left join,left join,1,0.48272760223445366,2,0.5429593063771111,2,1,1
v1,SQL,sql,order by,order by,0,0.39698618922024426,2,0.5627243521902652,2,0,1
v1,SQL,sql,select,select,1,0.8714109803970131,2,0.8091925397592807,2,1,1
v1,SQL,sql,subquery,subquery,1,0.5379313011281621,2,0.5300250654555223,2,1,1
v1,SQL,sql,where,where,1,0.255307369911824,2,0.4076043972048605,2,0,1
v2,Python,python,break,break,1,0.384611272959377,2,0.49978622699327313,2,0,1
v2,Python,python,continue,continue,0,0.08017737173207184,2,0.1035969674603617,2,0,0
v2,Python,python,for,for,1,1.0,2,1.0,2,1,1
v2,Python,python,for loop,for loop,1,0.6857437528690361,2,0.7390084302984694,2,1,1
v2,Python,python,index,index,0,0.0856780427255888,2,0.1400986722711734,2,0,0
v2,Python,python,iteration,iteration,1,0.09322008617350735,2,0.134177145209902,2,0,0
v2,Python,python,list,list,1,0.7376919334289118,2,0.5022465333668911,2,1,1
v2,Python,python,nested loop,nested loop,1,0.0793935748299146,2,0.11370377760834516,2,0,0
v2,Python,python,range,range,1,0.9590589063766732,2,0.9431201461519837,2,1,1
v3,Java,java,abstract class,abstract class,1,0.9382941813126836,2,0.9691470906563417,2,1,1
v3,Java,java,abstract method,abstract method,1,0.4593530357993701,2,0.4893834973059097,2,1,1
v3,Java,java,class,class,1,0.7833733907606999,2,0.7512670470242855,2,1,1
v3,Java,java,extends,extends,1,0.7154717374280344,2,0.6195323870387643,2,1,1
v3,Java,java,implements,implements,1,0.9467119543772153,2,0.9507670688464143,2,1,1
v3,Java,java,inheritance,inheritance,1,0.8192077988355373,2,0.678836509780909,2,1,1
v3,Java,java,interface,interface,1,0.49218232658227024,2,0.3889048737811041,2,1,0
v3,Java,java,method,method,1,0.33477803617619467,2,0.1682363330984024,2,0,0
v3,Java,java,object,object,1,0.5018300656237231,2,0.5520540769890626,2,1,1
v4,SQL,sql,aggregate function,aggregate function,1,0.4522545457480564,2,0.4803852847914472,2,1,1
v4,SQL,sql,count,count,1,0.7838848622535397,2,0.7487614847323468,2,1,1
v4,SQL,sql,group by,group by,1,1.0,2,1.0,2,1,1
v4,SQL,sql,having,having,1,0.6103206138582865,2,0.60875791864282,2,1,1
v4,SQL,sql,inner join,inner join,0,0.0857320616840956,2,0.08682343638818785,2,0,0
v4,SQL,sql,join,join,0,0.13811619401342534,2,0.11211161591450969,2,0,0
v4,SQL,sql,left join,left join,0,0.1694417141496127,2,0.1527233450307858,2,0,0
v4,SQL,sql,order by,order by,0,0.5177263565635061,2,0.614703256430896,2,1,1
v4,SQL,sql,select,select,1,0.7229735641824113,2,0.7053342451788246,2,1,1
v4,SQL,sql,subquery,subquery,0,0.172998352924696,2,0.23059612389284323,2,0,0
v4,SQL,sql,where,where,1,0.30832862355174606,2,0.2836937716301487,2,0,0
v5,Java,java,abstract class,abstract class,1,0.7481080543975435,2,0.8677165739501553,2,1,1
v5,Java,java,abstract method,abstract method,1,0.04362540414101905,2,0.16506393198991026,2,0,0
v5,Java,java,class,class,1,0.8980717761357889,2,0.8777942013600308,2,1,1
v5,Java,java,extends,extends,0,0.6707122865040704,2,0.6226623505345761,2,1,1
v5,Java,java,implements,implements,1,0.9578677602209111,2,0.9784726924909666,2,1,1
v5,Java,java,inheritance,inheritance,1,0.8144612497599717,2,0.8156480296263062,2,1,1
v5,Java,java,interface,interface,1,0.46685983296528377,2,0.46911113854280984,2,1,1
v5,Java,java,method,method,1,0.5738589805966912,2,0.510041654725526,2,1,1
v5,Java,java,object,object,1,0.629329614487936,2,0.5359395282928686,2,1,1
v6,SQL,sql,aggregate function,aggregate function,1,0.5264358343634357,2,0.48505737192349135,2,1,1
v6,SQL,sql,count,count,0,0.5982435472168866,2,0.5017927472457482,2,1,1
v6,SQL,sql,group by,group by,1,1.0,2,1.0,2,1,1
v6,SQL,sql,having,having,1,0.6049095153588531,2,0.6059271167732235,2,1,1
v6,SQL,sql,inner join,inner join,0,0.21012345122148346,2,0.35576016746737327,2,0,0
v6,SQL,sql,join,join,0,0.31937424065561837,2,0.44005460132454577,2,0,1
v6,SQL,sql,left join,left join,0,0.4522811075975972,2,0.5845044406648332,2,1,1
v6,SQL,sql,order by,order by,1,0.8246103587995547,2,0.8526068112494292,2,1,1
v6,SQL,sql,select,select,1,0.900106605422524,2,0.7342703998857274,2,1,1
v6,SQL,sql,subquery,subquery,0,0.399554520325241,2,0.4255767754486527,2,0,1
v6,SQL,sql,where,where,1,0.5226969866333679,2,0.5705479722093694,2,1,1
v7,SQL,sql,aggregate function,aggregate function,1,0.6270290095358684,1,0.6674012333380527,1,1,1
v7,SQL,sql,count,count,1,0.6045088300876452,1,0.616247232204157,1,1,1
v7,SQL,sql,group by,group by,0,0.5406761438101668,1,0.6472964752829738,1,1,1
v7,SQL,sql,having,having,0,0.5523545298834783,1,0.5013076995943762,1,1,1
v7,SQL,sql,inner join,inner join,0,0.2306733886147247,1,0.1644679776949491,1,0,0
v7,SQL,sql,join,join,0,0.3758234655478475,1,0.3166085555504977,1,0,0
v7,SQL,sql,left join,left join,0,0.5168802268089392,1,0.5268140173564784,1,1,1
v7,SQL,sql,order by,order by,1,0.4,1,0.5057522758634296,1,1,1
v7,SQL,sql,select,select,1,0.3070555043270368,1,0.2527203573976661,1,0,0
v7,SQL,sql,subquery,subquery,0,0.127819970466283,1,0.1447266349682657,1,0,0
v7,SQL,sql,where,where,1,0.680848484477923,1,0.5372364216947326,1,1,1
v8,SQL,sql,aggregate function,aggregate function,1,0.3365475063583552,2,0.4843476258486301,2,0,1
v8,SQL,sql,count,count,1,0.5431259023417304,2,0.642749977295229,2,1,1
v8,SQL,sql,group by,group by,1,0.6448279110372422,2,0.752447833359993,2,1,1
v8,SQL,sql,having,having,1,0.28764724531359864,2,0.3932853320691512,2,0,0
v8,SQL,sql,inner join,inner join,1,0.7446947884870745,2,0.6792108039774545,2,1,1
v8,SQL,sql,join,join,1,0.6384404186054995,2,0.5995648833333447,2,1,1
v8,SQL,sql,left join,left join,0,0.6682049177316038,2,0.7522608349100728,2,1,1
v8,SQL,sql,order by,order by,1,0.7109621954969498,2,0.7147849555153993,2,1,1
v8,SQL,sql,select,select,1,1.0,2,0.8306461398204922,2,1,1
v8,SQL,sql,subquery,subquery,0,0.8002293318223632,2,0.5926161436723,2,1,1
v8,SQL,sql,where,where,1,0.5898900822284485,2,0.572292965459869,2,1,1
v9,SQL,sql,aggregate function,aggregate function,1,0.7123762082335011,2,0.7326727939143971,2,1,1
v9,SQL,sql,count,count,1,0.7530013870177799,2,0.757537939549054,2,1,1
v9,SQL,sql,group by,group by,0,0.8982016369484653,2,0.8850377144963423,2,1,1
v9,SQL,sql,having,having,0,0.20801560398383295,2,0.21414821202566825,2,0,0
v9,SQL,sql,inner join,inner join,0,0.4829081697287748,2,0.5268423704899979,2,1,1
v9,SQL,sql,join,join,0,0.46650848583136345,2,0.5640004566338153,2,1,1
v9,SQL,sql,left join,left join,0,0.5229079026544359,2,0.6322850008245651,2,1,1
v9,SQL,sql,order by,order by,0,0.7884690521226286,2,0.848536085634054,2,1,1
v9,SQL,sql,select,select,0,0.8911156369270308,2,0.8382807068540157,2,1,1
v9,SQL,sql,subquery,subquery,0,0.1198194244508051,2,0.10909719145846085,2,0,0
v9,SQL,sql,where,where,0,0.36850271976192306,2,0.48138262370932683,2,0,1
v10,SQL,sql,aggregate function,aggregate function,1,0.64372754322476,2,0.6895579084962921,2,1,1
v10,SQL,sql,count,count,1,0.784692877532405,2,0.6544342302537071,2,1,1
v10,SQL,sql,group by,group by,1,1.0,2,1.0,2,1,1
v10,SQL,sql,having,having,1,0.7037728812309758,2,0.6411790931946586,2,1,1
v10,SQL,sql,inner join,inner join,0,0.28006632576429114,2,0.1826439981797758,2,0,0
v10,SQL,sql,join,join,0,0.4183612221273768,2,0.21756070342202533,2,1,0
v10,SQL,sql,left join,left join,0,0.5771960424555784,2,0.3470191355670988,2,1,0
v10,SQL,sql,order by,order by,0,0.5464609331669711,2,0.4612770457694364,2,1,1
v10,SQL,sql,select,select,0,0.9385698130409623,2,0.8642218770858132,2,1,1
v10,SQL,sql,subquery,subquery,0,0.38580760413964765,2,0.2838983221868264,2,0,0
v10,SQL,sql,where,where,0,0.48012336822086477,2,0.34257006103762083,2,1,0
v11,SQL,sql,aggregate function,aggregate function,1,0.3880081252878306,1,0.4059287959397983,1,0,1
v11,SQL,sql,count,count,1,0.3966488968116195,1,0.4674816582158264,1,0,1
v11,SQL,sql,group by,group by,1,0.9968480059708872,1,0.7546939577329339,1,1,1
v11,SQL,sql,having,having,0,0.0482168090956209,1,0.1549020047673469,1,0,0
v11,SQL,sql,inner join,inner join,0,0.6534293960726955,1,0.4399158384743921,1,1,1
v11,SQL,sql,join,join,0,0.6922273863114826,1,0.3968481817080526,1,1,0
v11,SQL,sql,left join,left join,0,0.1636599523946072,1,0.4192463635651743,1,0,1
v11,SQL,sql,order by,order by,0,0.8300214396306782,1,0.5501718316995533,1,1,1
v11,SQL,sql,select,select,1,0.9110044061241064,1,0.6083096876792968,1,1,1
v11,SQL,sql,subquery,subquery,1,0.5700280420734135,1,0.3521503210561952,1,1,0
v11,SQL,sql,where,where,1,0.1507138366350237,1,0.1692695718806193,1,0,0
v12,SQL,sql,aggregate function,aggregate function,0,0.0699596210205756,1,0.4090823085772277,1,0,1
v12,SQL,sql,count,count,0,0.0822313067354051,1,0.2534062989591643,1,0,0
v12,SQL,sql,group by,group by,0,0.7307204229630795,1,0.661874994631064,1,1,1
v12,SQL,sql,having,having,0,0.1830889618959111,1,0.1124104944117569,1,0,0
v12,SQL,sql,inner join,inner join,1,0.4168137730563537,1,0.5206177728634487,1,1,1
v12,SQL,sql,join,join,1,0.5207002543254999,1,0.4828641111778072,1,1,1
v12,SQL,sql,left join,left join,1,0.0953295588659135,1,0.2988682888465552,1,0,0
v12,SQL,sql,order by,order by,0,0.8874808554034256,1,0.6337468056667892,1,1,1
v12,SQL,sql,select,select,1,0.325330022028167,1,0.2586565547111135,1,0,0
v12,SQL,sql,subquery,subquery,0,0.2896382722536428,1,0.217343154443389,1,0,0
v12,SQL,sql,where,where,0,0.062398873365119,1,0.1182265366896423,1,0,0
v13,SQL,sql,aggregate function,aggregate function,1,0.22417733587861166,2,0.34195776655987786,2,0,0
v13,SQL,sql,count,count,1,0.30813083045383605,2,0.43728305735286344,2,0,1
v13,SQL,sql,group by,group by,1,0.861702665869864,2,0.8895487787923395,2,1,1
v13,SQL,sql,having,having,1,0.5496484944555098,2,0.4818485271805183,2,1,1
v13,SQL,sql,inner join,inner join,0,0.41112752422071985,2,0.3438983112115731,2,1,0
v13,SQL,sql,join,join,1,0.564301246937412,2,0.39195646284413393,2,1,0
v13,SQL,sql,left join,left join,1,0.6652704700865579,2,0.7483115226549958,2,1,1
v13,SQL,sql,order by,order by,1,1.0,2,0.9738675689013049,2,1,1
v13,SQL,sql,select,select,1,0.918685179698651,2,0.8095556583149824,2,1,1
v13,SQL,sql,subquery,subquery,0,0.31907729082096603,2,0.2953541956452964,2,0,0
v13,SQL,sql,where,where,1,0.6880096706292131,2,0.7168313790009886,2,1,1
v14,Python,python,break,break,1,0.6230426754468588,2,0.6475124878645822,2,1,1
v14,Python,python,continue,continue,1,0.4083565364134305,2,0.5624482975114903,2,1,1
v14,Python,python,for,for,1,1.0,2,0.9933652355408178,2,1,1
v14,Python,python,for loop,for loop,1,0.6957754413085817,2,0.7304704487616529,2,1,1
v14,Python,python,index,index,0,0.20965512689763316,2,0.23473017238925015,2,0,0
v14,Python,python,iteration,iteration,1,0.23251770201394012,2,0.20987066512487518,2,0,0
v14,Python,python,list,list,0,0.4887846455026006,2,0.5616664876483158,2,1,1
v14,Python,python,nested loop,nested loop,0,0.1373425912963273,2,0.12854758792811893,2,0,0
v14,Python,python,range,range,1,0.9128388435468844,2,0.8968058003241213,2,1,1
v15,Python,python,break,break,0,0.22878843596099405,2,0.255356278821931,2,0,0
v15,Python,python,continue,continue,0,0.6035844248666526,2,0.6398411469526983,2,1,1
v15,Python,python,for,for,1,0.9853116991067391,2,0.9863989279487413,2,1,1
v15,Python,python,for loop,for loop,1,0.6826668254553327,2,0.7520832287952043,2,1,1
v15,Python,python,index,index,0,0.7024953113347779,2,0.5935873509624627,2,1,1
v15,Python,python,iteration,iteration,1,0.4933730111514432,2,0.45064680731017703,2,1,1
v15,Python,python,list,list,0,0.35451353900270155,2,0.30569393094680897,2,0,0
v15,Python,python,nested loop,nested loop,0,0.14382244370878325,2,0.27110553203754845,2,0,0
v15,Python,python,range,range,1,0.8172023096844975,2,0.7576836450603961,2,1,1
v16,Python,python,break,break,0,0.44230918441519496,2,0.5021826956371701,2,1,1
v16,Python,python,continue,continue,0,0.39116279800577247,2,0.3935754468144126,2,0,0
v16,Python,python,for,for,0,0.5957465729687831,2,0.673308590688183,2,1,1
v16,Python,python,for loop,for loop,0,0.5328318157283163,2,0.6939518856964664,2,1,1
v16,Python,python,index,index,1,0.5356975306022017,2,0.5863015765282966,2,1,1
v16,Python,python,iteration,iteration,0,0.1074841102839071,2,0.3108542115250736,2,0,0
v16,Python,python,list,list,1,0.761711337448611,2,0.5574284619662853,2,1,1
v16,Python,python,nested loop,nested loop,0,0.23398187665872489,2,0.3232499624934288,2,0,0
v16,Python,python,range,range,0,0.9694620781226948,2,0.8797143900328799,2,1,1
v17,Python,python,break,break,0,0.3180582344322028,2,0.3995615151153856,2,0,0
v17,Python,python,continue,continue,0,0.2807107637502717,2,0.3635310313646354,2,0,0
v17,Python,python,for,for,1,1.0,2,0.9933755599220114,2,1,1
v17,Python,python,for loop,for loop,1,0.9399078530029932,2,0.9100640204106004,2,1,1
v17,Python,python,index,index,0,0.21124128455173785,2,0.2806264814051914,2,0,0
v17,Python,python,iteration,iteration,1,0.19560085176357994,2,0.3340841766571751,2,0,0
v17,Python,python,list,list,0,0.709170289573989,2,0.7196502146575096,2,1,1
v17,Python,python,nested loop,nested loop,0,0.3920224360952953,2,0.3783185932513863,2,0,0
v17,Python,python,range,range,1,0.8353913435411484,2,0.7751119642136027,2,1,1
v18,Python,python,break,break,0,0.32266344503569494,2,0.2544019136450648,2,0,0
v18,Python,python,continue,continue,0,0.30347109621354385,2,0.5038170307436857,2,0,1
v18,Python,python,for,for,1,0.6520776095088325,2,0.571535787209952,2,1,1
v18,Python,python,for loop,for loop,1,0.660566788314638,2,0.6043810137924635,2,1,1
v18,Python,python,index,index,0,0.32227286238259606,2,0.27651212209050796,2,0,0
v18,Python,python,iteration,iteration,1,0.20712135715844715,2,0.1834115018361255,2,0,0
v18,Python,python,list,list,0,0.23264075849109972,2,0.20808409124817198,2,0,0
v18,Python,python,nested loop,nested loop,0,0.28089516657859137,2,0.20740976644519896,2,0,0
v18,Python,python,range,range,0,0.5820570360232398,2,0.4802595496466563,2,1,1
v19,Python,python,break,break,1,0.5697976105552294,2,0.557997140718947,2,1,1
v19,Python,python,continue,continue,1,0.3022127393061318,2,0.24493068669359308,2,0,0
v19,Python,python,for,for,0,1.0,2,1.0,2,1,1
v19,Python,python,for loop,for loop,0,0.872922504581818,2,0.7915476746533506,2,1,1
v19,Python,python,index,index,0,0.13043648477270148,2,0.1349335286960833,2,0,0
v19,Python,python,iteration,iteration,0,0.5103787782012698,2,0.388306895247408,2,1,0
v19,Python,python,list,list,0,0.7427145246789053,2,0.7249204045578324,2,1,1
v19,Python,python,nested loop,nested loop,0,0.2124331989078744,2,0.19642001873707704,2,0,0
v19,Python,python,range,range,0,0.9726723992000852,2,0.9499008881444352,2,1,1
v20,Python,python,break,break,1,0.1979661441462045,2,0.24807703621414595,2,0,0
v20,Python,python,continue,continue,1,0.176522902740861,2,0.21984100240986643,2,0,0
v20,Python,python,for,for,1,1.0,2,1.0,2,1,1
v20,Python,python,for loop,for loop,1,0.7037911528998866,2,0.7228474315890616,2,1,1
v20,Python,python,index,index,0,0.2258871216042706,2,0.21982669925254464,2,0,0
v20,Python,python,iteration,iteration,1,0.38506005346719724,2,0.3939489501723588,2,0,0
v20,Python,python,list,list,1,0.5330597996602621,2,0.4787440903601331,2,1,1
v20,Python,python,nested loop,nested loop,0,0.22493247416243564,2,0.2055085460017847,2,0,0
v20,Python,python,range,range,1,0.7573273411718056,2,0.7503179439783392,2,1,1
v21,Python,python,break,break,0,0.5781704635210768,2,0.5242565085078374,2,1,1
v21,Python,python,continue,continue,0,0.613755090983064,2,0.6612425373076434,2,1,1
v21,Python,python,for,for,0,1.0,2,0.9988645667389731,2,1,1
v21,Python,python,for loop,for loop,0,0.9063568481114598,2,0.8514916976809965,2,1,1
v21,Python,python,index,index,0,0.6034728163938539,2,0.6123506753355172,2,1,1
v21,Python,python,iteration,iteration,0,0.6271614313672921,2,0.5790579207581202,2,1,1
v21,Python,python,list,list,0,0.7410980895117041,2,0.7231751890333386,2,1,1
v21,Python,python,nested loop,nested loop,1,0.6055774623823222,2,0.602788731191161,2,1,1
v21,Python,python,range,range,0,0.9725867770109251,2,0.8206280174888669,2,1,1
v22,Python,python,break,break,0,0.03788818340927955,2,0.06239456170023925,2,0,0
v22,Python,python,continue,continue,0,0.03702010520695735,2,0.06390838121111746,2,0,0
v22,Python,python,for,for,0,0.4349741145745955,2,0.43590312543013443,2,1,1
v22,Python,python,for loop,for loop,0,0.3633741539664326,2,0.3904308618938624,2,0,0
v22,Python,python,index,index,0,0.01360748197048835,2,0.023657384461134648,2,0,0
v22,Python,python,iteration,iteration,0,0.44511505709235943,2,0.3959858055997667,2,1,0
v22,Python,python,list,list,0,0.16263361754996208,2,0.11980637454463144,2,0,0
v22,Python,python,nested loop,nested loop,0,0.02754763939913385,2,0.029401635746687797,2,0,0
v22,Python,python,range,range,1,0.9719883908011544,2,0.9505596692753867,2,1,1
v23,Java,java,abstract class,abstract class,0,0.9148490157534148,2,0.9310440944814227,2,1,1
v23,Java,java,abstract method,abstract method,0,0.6,2,0.5075046772642746,2,1,1
v23,Java,java,class,class,1,0.9421415715826631,2,0.9515048876043211,2,1,1
v23,Java,java,extends,extends,0,0.8508627651882139,2,0.8535000726587083,2,1,1
v23,Java,java,implements,implements,0,0.979993706063996,2,0.9309511260618636,2,1,1
v23,Java,java,inheritance,inheritance,0,0.8353350780467246,2,0.8183628283322653,2,1,1
v23,Java,java,interface,interface,0,0.6607474743089303,2,0.5545322556564023,2,1,1
v23,Java,java,method,method,1,0.7155078646570496,2,0.7830292657784891,2,1,1
v23,Java,java,object,object,1,0.8820393513165448,2,0.9296975580055652,2,1,1
v24,Java,java,abstract class,abstract class,0,0.5412130450230936,2,0.43683902861690876,2,1,1
v24,Java,java,abstract method,abstract method,0,0.2357323554034447,2,0.5032259307461634,2,0,1
v24,Java,java,class,class,0,0.5005154648486059,2,0.43312602669822925,2,1,1
v24,Java,java,extends,extends,0,0.5873373152336163,2,0.4085220498426523,2,1,1
v24,Java,java,implements,implements,0,0.9396855422628042,2,0.645798576831178,2,1,1
v24,Java,java,inheritance,inheritance,0,0.5020012478704496,2,0.37602723821242345,2,1,0
v24,Java,java,interface,interface,0,0.4787119522731567,2,0.4105074740077965,2,1,1
v24,Java,java,method,method,1,0.722867598047231,2,0.8614337990236155,2,1,1
v24,Java,java,object,object,0,0.5340404719340862,2,0.38732244592313286,2,1,0
v25,Java,java,abstract class,abstract class,0,0.6754371515861923,2,0.6575514263676783,2,1,1
v25,Java,java,abstract method,abstract method,0,0.33216348071757557,2,0.29127566226483625,2,0,0
v25,Java,java,class,class,0,0.5253520137522987,2,0.5072981565782227,2,1,1
v25,Java,java,extends,extends,0,0.7528094884020711,2,0.5564214445967166,2,1,1
v25,Java,java,implements,implements,1,0.9658442460281969,2,0.9660990069273871,2,1,1
v25,Java,java,inheritance,inheritance,0,0.7227374986117084,2,0.5556803579031668,2,1,1
v25,Java,java,interface,interface,1,0.6150495482330518,2,0.6006446954648068,2,1,1
v25,Java,java,method,method,0,0.6211544572675802,2,0.4302267979350576,2,1,1
v25,Java,java,object,object,0,0.6599807596652463,2,0.6906646056047115,2,1,1
v26,Java,java,abstract class,abstract class,0,0.6351976603552832,2,0.6105152110604285,2,1,1
v26,Java,java,abstract method,abstract method,1,0.10130365040549905,2,0.19762141957110219,2,0,0
v26,Java,java,class,class,0,0.5944274972887936,2,0.4992690863233236,2,1,1
v26,Java,java,extends,extends,0,0.44138869269598047,2,0.36786141342409495,2,1,0
v26,Java,java,implements,implements,1,1.0,2,0.99959267807352,2,1,1
v26,Java,java,inheritance,inheritance,0,0.45848098821878513,2,0.39863836696853544,2,1,0
v26,Java,java,interface,interface,1,0.29447733804002885,2,0.23117829497730624,2,0,0
v26,Java,java,method,method,0,0.13281331896819304,2,0.10045288092278601,2,0,0
v26,Java,java,object,object,0,0.4068012758518269,2,0.36614657242142296,2,1,0
v27,Java,java,abstract class,abstract class,0,0.8686667871935864,2,0.7556101136490233,2,1,1
v27,Java,java,abstract method,abstract method,0,0.0,2,0.01238411902329705,2,0,0
v27,Java,java,class,class,0,0.8521913339477393,2,0.8025784276561889,2,1,1
v27,Java,java,extends,extends,1,0.9611710706414877,2,0.9750819571195692,2,1,1
v27,Java,java,implements,implements,0,0.9434626418395623,2,0.9362697588631468,2,1,1
v27,Java,java,inheritance,inheritance,1,0.7954825622906598,2,0.7289464939352699,2,1,1
v27,Java,java,interface,interface,0,0.40249152103375974,2,0.437857481934877,2,1,1
v27,Java,java,method,method,0,0.42966022379641655,2,0.4377555933805699,2,1,1
v27,Java,java,object,object,0,0.8641890261985543,2,0.9178281983398904,2,1,1
v28,Java,java,abstract class,abstract class,0,0.9181915115149872,2,0.9169823706666178,2,1,1
v28,Java,java,abstract method,abstract method,0,0.490676382572596,2,0.30806373269410614,2,1,0
v28,Java,java,class,class,0,0.877970109609167,2,0.9167675936681723,2,1,1
v28,Java,java,extends,extends,1,0.9614105202542143,2,0.9751993714333285,2,1,1
v28,Java,java,implements,implements,0,0.9578552394508132,2,0.9435091704946288,2,1,1
v28,Java,java,inheritance,inheritance,1,0.8943143665751274,2,0.885242040393319,2,1,1
v28,Java,java,interface,interface,0,0.3866723254783465,2,0.5218139180097792,2,0,1
v28,Java,java,method,method,0,0.5482837089527907,2,0.5956615873978143,2,1,1
v28,Java,java,object,object,0,0.7812765352402844,2,0.8049434158169037,2,1,1
v29,Java,java,abstract class,abstract class,1,0.9383017287214281,2,0.943306419320372,2,1,1
v29,Java,java,abstract method,abstract method,1,0.26377167007027436,2,0.2674922829120717,2,0,0
v29,Java,java,class,class,0,0.6405018513331225,2,0.6447250783548912,2,1,1
v29,Java,java,extends,extends,1,0.677813135965758,2,0.6261759736916034,2,1,1
v29,Java,java,implements,implements,1,0.9025247943300865,2,0.841565051252302,2,1,1
v29,Java,java,inheritance,inheritance,1,0.6268180113767892,2,0.5641679488455412,2,1,1
v29,Java,java,interface,interface,1,0.43224304423846044,2,0.42241023967578517,2,1,1
v29,Java,java,method,method,0,0.3720098006851562,2,0.3082426706261923,2,0,0
v29,Java,java,object,object,0,0.5300234407817389,2,0.5419177696728077,2,1,1
v30,Java,java,abstract class,abstract class,1,0.9301959890980518,2,0.9506653527844668,2,1,1
v30,Java,java,abstract method,abstract method,1,0.48179599678880813,2,0.4990752732130252,2,1,1
v30,Java,java,class,class,0,0.5152853505693079,2,0.49788668738186204,2,1,1
v30,Java,java,extends,extends,1,0.643792596093093,2,0.5757584955233859,2,1,1
v30,Java,java,implements,implements,0,0.6021266775296306,2,0.5630119182184155,2,1,1
v30,Java,java,inheritance,inheritance,1,0.5678182857042559,2,0.49665365238643766,2,1,1
v30,Java,java,interface,interface,0,0.16224009485809598,2,0.13869123523603089,2,0,0
v30,Java,java,method,method,0,0.15376459350857355,2,0.1260004601294918,2,0,0
v30,Java,java,object,object,0,0.3937463210424845,2,0.42710593087940546,2,0,1
v31,C++,c++,class,class,0,0.7837142547521827,2,0.7220066403429487,2,1,1
v31,C++,c++,constructor,constructor,0,0.8011436981947615,2,0.9005718490973807,2,1,1
v31,C++,c++,data type,data type,1,0.7597315692536892,2,0.7529704050740047,2,1,1
v31,C++,c++,inheritance,inheritance,0,0.518812519563396,2,0.4716944740936894,2,1,1
v31,C++,c++,object,object,0,0.6423097300035221,2,0.6572220222442882,2,1,1
v31,C++,c++,pointer,pointer,0,0.5979699652925174,2,0.43941084744810566,2,1,1
v31,C++,c++,polymorphism,polymorphism,0,0.4880109455475876,2,0.44056763008810407,2,1,1
v31,C++,c++,reference,reference,0,1.0,2,0.8085176247835344,2,1,1
v31,C++,c++,template,template,0,0.9263572381452431,2,0.9042296374440808,2,1,1
v31,C++,c++,variable,variable,1,0.8994175040289244,2,0.8625986619176171,2,1,1
v32,C++,c++,class,class,0,0.6405315938482791,2,0.7838600681001591,2,1,1
v32,C++,c++,constructor,constructor,0,0.4802329228520772,2,0.5829127869016179,2,1,1
v32,C++,c++,data type,data type,1,0.9479017943704633,2,0.8607892919889711,2,1,1
v32,C++,c++,inheritance,inheritance,0,0.28172527385190693,2,0.4012408537120516,2,0,1
v32,C++,c++,object,object,0,0.3277304450219475,2,0.38688414276545563,2,0,0
v32,C++,c++,pointer,pointer,0,0.4224377256725374,2,0.41831775759063894,2,1,1
v32,C++,c++,polymorphism,polymorphism,0,0.20002006901508065,2,0.22393583090082786,2,0,0
v32,C++,c++,reference,reference,0,0.266413997034587,2,0.2750039755834208,2,0,0
v32,C++,c++,template,template,0,0.228707556533836,2,0.32646452286789673,2,0,0
v32,C++,c++,variable,variable,1,0.7233966891977046,2,0.7388024611777917,2,1,1
v33,C++,c++,class,class,0,0.6963845193222897,2,0.7204692656166025,2,1,1
v33,C++,c++,constructor,constructor,0,0.7979073908539125,2,0.8769272239602679,2,1,1
v33,C++,c++,data type,data type,0,0.6772203013234568,2,0.5645270530605973,2,1,1
v33,C++,c++,inheritance,inheritance,0,0.2660151857992661,2,0.32444715067268715,2,0,0
v33,C++,c++,object,object,0,0.6096138744091789,2,0.6447587601601719,2,1,1
v33,C++,c++,pointer,pointer,1,0.28607819643002025,2,0.4509932792697199,2,0,1
v33,C++,c++,polymorphism,polymorphism,0,0.43172632395901944,2,0.5131836488536997,2,1,1
v33,C++,c++,reference,reference,0,1.0,2,0.8652852139939957,2,1,1
v33,C++,c++,template,template,0,0.9262973220608877,2,0.8000654068278303,2,1,1
v33,C++,c++,variable,variable,1,0.8877965434885181,2,0.7714473673153723,2,1,1
v34,C++,c++,class,class,0,0.7939950319538155,2,0.8774770890776831,2,1,1
v34,C++,c++,constructor,constructor,0,0.805623933287217,2,0.6712587956941496,2,1,1
v34,C++,c++,data type,data type,0,0.6612214274985055,2,0.6826177832993623,2,1,1
v34,C++,c++,inheritance,inheritance,0,0.5788775625798448,2,0.6088625024850816,2,1,1
v34,C++,c++,object,object,0,0.6828335398621623,2,0.674221597899398,2,1,1
v34,C++,c++,pointer,pointer,0,0.5677224058705592,2,0.4440059767972926,2,1,1
v34,C++,c++,polymorphism,polymorphism,0,0.5207261907331511,2,0.46570431120148004,2,1,1
v34,C++,c++,reference,reference,1,0.8829177918474928,2,0.764371686550098,2,1,1
v34,C++,c++,template,template,0,0.9263142307695182,2,0.8060595983830923,2,1,1
v34,C++,c++,variable,variable,0,0.8994293210577349,2,0.7724488364444245,2,1,1
v35,C++,c++,class,class,0,0.5365279000234129,2,0.4967232536052951,2,1,1
v35,C++,c++,constructor,constructor,0,0.35723699533333203,2,0.4009900374868801,2,0,1
v35,C++,c++,data type,data type,0,0.44058914825585244,2,0.3240549826094121,2,1,0
v35,C++,c++,inheritance,inheritance,0,0.3057068422704806,2,0.2831210058672614,2,0,0
v35,C++,c++,object,object,0,0.26778534939496046,2,0.3360514689234425,2,0,0
v35,C++,c++,pointer,pointer,1,0.206337624174598,2,0.32636134024786567,2,0,0
v35,C++,c++,polymorphism,polymorphism,0,0.22493297773495755,2,0.20168392402165547,2,0,0
v35,C++,c++,reference,reference,1,1.0,2,0.9188395747246108,2,1,1
v35,C++,c++,template,template,0,0.8629863813773193,2,0.7047380394381852,2,1,1
v35,C++,c++,variable,variable,0,0.7242384203019241,2,0.7342937306418831,2,1,1
v36,C++,c++,class,class,1,0.7640241771683237,1,0.7030764939416281,1,1,1
v36,C++,c++,constructor,constructor,0,0.3160936609324912,1,0.4738215037310925,1,0,1
v36,C++,c++,data type,data type,0,0.4736213138369955,1,0.4119288311791397,1,1,1
v36,C++,c++,inheritance,inheritance,0,0.3336531936387479,1,0.4493492340348193,1,0,1
v36,C++,c++,object,object,1,0.8966234527979242,1,0.7129725231087429,1,1,1
v36,C++,c++,pointer,pointer,0,0.4468993323225658,1,0.5234496661612829,1,1,1
v36,C++,c++,polymorphism,polymorphism,0,0.3794987096958477,1,0.3062631750502424,1,0,0
v36,C++,c++,reference,reference,0,0.4561337053500954,1,0.3807471521739712,1,1,0
v36,C++,c++,template,template,0,0.3945692352894698,1,0.5574883141682097,1,0,1
v36,C++,c++,variable,variable,0,0.4146528783628623,1,0.3023252815334894,1,1,0
v37,C++,c++,class,class,0,0.7418179111716355,2,0.7306279520628379,2,1,1
v37,C++,c++,constructor,constructor,1,0.3618798769801052,2,0.5716354610903573,2,0,1
v37,C++,c++,data type,data type,0,0.4042583022460099,2,0.3998173355976591,2,1,0
v37,C++,c++,inheritance,inheritance,0,0.6971356008268289,2,0.624937638239824,2,1,1
v37,C++,c++,object,object,0,0.6825578010064486,2,0.6718698556555589,2,1,1
v37,C++,c++,pointer,pointer,0,0.5348000290768237,2,0.3651035846484042,2,1,0
v37,C++,c++,polymorphism,polymorphism,0,0.37756612858568095,2,0.3256885929092544,2,0,0
v37,C++,c++,reference,reference,0,0.269045170493518,2,0.44171492090331954,2,0,1
v37,C++,c++,template,template,0,0.5703628607920856,2,0.5094062708771845,2,1,1
v37,C++,c++,variable,variable,0,0.36414188428741134,2,0.4118838513833498,2,0,1
v38,C++,c++,class,class,0,1.0,2,0.998444476634694,2,1,1
v38,C++,c++,constructor,constructor,0,0.7313636846075872,2,0.7865571943137122,2,1,1
v38,C++,c++,data type,data type,0,0.5301706559503663,2,0.42989706298420294,2,1,1
v38,C++,c++,inheritance,inheritance,1,0.5699287855933786,2,0.6191977748820998,2,1,1
v38,C++,c++,object,object,0,0.7621593916649572,2,0.697217236279875,2,1,1
v38,C++,c++,pointer,pointer,0,0.5168544852368868,2,0.5224407631400388,2,1,1
v38,C++,c++,polymorphism,polymorphism,0,0.27138624075455453,2,0.3515588724628057,2,0,0
v38,C++,c++,reference,reference,0,0.6900528367194825,2,0.7050242400920386,2,1,1
v38,C++,c++,template,template,0,0.5897739341087378,2,0.5333700434608896,2,1,1
v38,C++,c++,variable,variable,0,0.5599858637915787,2,0.4013295871066441,2,1,1
v39,C++,c++,class,class,0,1.0,2,0.9897999722746682,2,1,1
v39,C++,c++,constructor,constructor,0,0.7019228473768084,2,0.8509614236884042,2,1,1
v39,C++,c++,data type,data type,0,0.6810164234397527,2,0.6256122927964258,2,1,1
v39,C++,c++,inheritance,inheritance,1,0.49601637461576187,2,0.4987499215127213,2,1,1
v39,C++,c++,object,object,0,0.5293805712424456,2,0.5010181973305871,2,1,1
v39,C++,c++,pointer,pointer,0,0.12088038630034353,2,0.10968019695652725,2,0,0
v39,C++,c++,polymorphism,polymorphism,0,0.11633896364093754,2,0.1191387925926168,2,0,0
v39,C++,c++,reference,reference,0,0.42561965187919926,2,0.4809351000976365,2,1,1
v39,C++,c++,template,template,0,0.5526848490242204,2,0.506904633996567,2,1,1
v39,C++,c++,variable,variable,0,0.5344711068970108,2,0.5074707994751394,2,1,1
v40,C++,c++,class,class,0,0.7821277457561913,1,0.6347501654877531,1,1,1
v40,C++,c++,constructor,constructor,0,0.2135446027134458,1,0.5661371062584811,1,0,1
v40,C++,c++,data type,data type,0,0.6865279956542184,1,0.4430955194854875,1,1,1
v40,C++,c++,inheritance,inheritance,0,0.6952880587970762,1,0.4723142584468367,1,1,1
v40,C++,c++,object,object,0,0.8457427426512258,1,0.6989600796530095,1,1,1
v40,C++,c++,pointer,pointer,0,0.4217533423233319,1,0.269761305922623,1,1,0
v40,C++,c++,polymorphism,polymorphism,0,0.4561351623913376,1,0.3944292965395634,1,1,0
v40,C++,c++,reference,reference,0,0.3506468766518098,1,0.4328858969360734,1,0,1
v40,C++,c++,template,template,1,0.0707827753543513,1,0.3557915915794311,1,0,0
v40,C++,c++,variable,variable,0,0.4424671612919451,1,0.397555442486882,1,1,0
