video_id,subject,concepts,gt_positive,D_TP,D_FP,D_FN,D_TN,D_precision,D_recall,D_f1,D_specificity,D_fpr,D_mcc,D_balanced_accuracy,D_pr_auc,D_roc_auc,D_predicted_positive,D_actual_positive,F_TP,F_FP,F_FN,F_TN,F_precision,F_recall,F_f1,F_specificity,F_fpr,F_mcc,F_balanced_accuracy,F_pr_auc,F_roc_auc,F_predicted_positive,F_actual_positive,delta_f1_F_minus_D
v1,SQL,11,10,5,0,5,1,1.0,0.5,0.6666666666666666,1.0,0.0,0.28867513459481287,0.75,0.9430122655122654,0.5,5,10,7,1,3,0,0.875,0.7,0.7777777777777778,0.0,1.0,-0.19364916731037085,0.35,0.9063455988455987,0.3,8,10,0.11111111111111116
v2,Python,9,7,4,0,3,2,1.0,0.5714285714285714,0.7272727272727273,1.0,0.0,0.47809144373375745,0.7857142857142857,0.9682539682539681,0.8571428571428571,4,7,5,0,2,2,1.0,0.7142857142857143,0.8333333333333334,1.0,0.0,0.5976143046671968,0.8571428571428572,0.9617346938775511,0.8571428571428572,5,7,0.10606060606060608
v3,Java,9,9,8,0,1,0,1.0,0.8888888888888888,0.9411764705882353,0.0,0.0,0.0,0.8888888888888888,,,8,9,7,0,2,0,1.0,0.7777777777777778,0.875,0.0,0.0,0.0,0.7777777777777778,,,7,9,-0.06617647058823528
v4,SQL,11,6,5,1,1,4,0.8333333333333334,0.8333333333333334,0.8333333333333334,0.8,0.2,0.6333333333333333,0.8166666666666667,0.9484126984126984,0.9333333333333333,6,6,5,1,1,4,0.8333333333333334,0.8333333333333334,0.8333333333333334,0.8,0.2,0.6333333333333333,0.8166666666666667,0.9150793650793649,0.9,6,6,0.0
v5,Java,9,8,7,1,1,0,0.875,0.875,0.875,0.0,1.0,-0.125,0.4375,0.9317956349206349,0.5,8,8,7,1,1,0,0.875,0.875,0.875,0.0,1.0,-0.125,0.4375,0.9317956349206349,0.5,8,8,0.0
v6,SQL,11,6,6,2,0,3,0.75,1.0,0.8571428571428571,0.6,0.4,0.6708203932499369,0.8,0.9484126984126984,0.9333333333333333,8,6,6,4,0,1,0.6,1.0,0.75,0.2,0.8,0.3464101615137754,0.6,0.9305555555555556,0.9,10,6,-0.1071428571428571
v7,SQL,11,5,4,3,1,3,0.5714285714285714,0.8,0.6666666666666666,0.5,0.5,0.3105295017040594,0.65,0.8253968253968254,0.7666666666666666,7,5,4,3,1,3,0.5714285714285714,0.8,0.6666666666666666,0.5,0.5,0.3105295017040594,0.65,0.7277777777777779,0.7333333333333334,7,5,0.0
v8,SQL,11,9,7,2,2,0,0.7777777777777778,0.7777777777777778,0.7777777777777778,0.0,1.0,-0.2222222222222222,0.3888888888888889,0.7715087381754049,0.2222222222222222,9,9,8,2,1,0,0.8,0.8888888888888888,0.8421052631578947,0.0,1.0,-0.14907119849998599,0.4444444444444444,0.848492865159532,0.4444444444444444,10,9,0.0643274853801169
v9,SQL,11,2,2,6,0,3,0.25,1.0,0.4,0.3333333333333333,0.6666666666666666,0.28867513459481287,0.6666666666666666,0.325,0.6666666666666667,8,2,2,7,0,2,0.2222222222222222,1.0,0.36363636363636365,0.2222222222222222,0.7777777777777778,0.2222222222222222,0.6111111111111112,0.325,0.6666666666666667,9,2,-0.036363636363636376
v10,SQL,11,4,4,5,0,2,0.4444444444444444,1.0,0.6153846153846154,0.2857142857142857,0.7142857142857143,0.3563483225498992,0.6428571428571428,0.8041666666666667,0.8928571428571429,9,4,4,2,0,5,0.6666666666666666,1.0,0.8,0.7142857142857143,0.2857142857142857,0.6900655593423543,0.8571428571428572,0.8041666666666667,0.8928571428571429,6,4,0.18461538461538463
v11,SQL,11,6,3,3,3,2,0.5,0.5,0.5,0.4,0.6,-0.1,0.45,0.7160714285714285,0.5666666666666667,6,6,4,3,2,2,0.5714285714285714,0.6666666666666666,0.6153846153846154,0.4,0.6,0.06900655593423542,0.5333333333333333,0.7461640211640211,0.6,7,6,0.11538461538461542
v12,SQL,11,4,2,2,2,5,0.5,0.5,0.5,0.7142857142857143,0.2857142857142857,0.21428571428571427,0.6071428571428572,0.48333333333333334,0.6428571428571429,4,4,2,3,2,4,0.4,0.5,0.4444444444444444,0.5714285714285714,0.42857142857142855,0.06900655593423542,0.5357142857142857,0.47619047619047616,0.6428571428571428,5,4,-0.05555555555555558
v13,SQL,11,9,7,1,2,1,0.875,0.7777777777777778,0.8235294117647058,0.5,0.5,0.24056261216234406,0.6388888888888888,0.9575757575757577,0.7777777777777778,8,9,7,0,2,2,1.0,0.7777777777777778,0.875,1.0,0.0,0.6236095644623235,0.8888888888888888,0.9888888888888889,0.9444444444444444,7,9,0.05147058823529416
v14,Python,9,6,5,1,1,2,0.8333333333333334,0.8333333333333334,0.8333333333333334,0.6666666666666666,0.3333333333333333,0.5,0.75,0.9484126984126984,0.888888888888889,6,6,5,1,1,2,0.8333333333333334,0.8333333333333334,0.8333333333333334,0.6666666666666666,0.3333333333333333,0.5,0.75,0.9583333333333334,0.888888888888889,6,6,0.0
v15,Python,9,4,4,2,0,3,0.6666666666666666,1.0,0.8,0.6,0.4,0.6324555320336759,0.8,0.8541666666666666,0.85,6,4,4,2,0,3,0.6666666666666666,1.0,0.8,0.6,0.4,0.6324555320336759,0.8,0.9166666666666666,0.9,6,4,0.0
v16,Python,9,2,2,4,0,3,0.3333333333333333,1.0,0.5,0.42857142857142855,0.5714285714285714,0.3779644730092272,0.7142857142857143,0.5,0.7857142857142857,6,2,2,4,0,3,0.3333333333333333,1.0,0.5,0.42857142857142855,0.5714285714285714,0.3779644730092272,0.7142857142857143,0.325,0.5714285714285714,6,2,0.0
v17,Python,9,4,3,1,1,4,0.75,0.75,0.75,0.8,0.2,0.55,0.775,0.8611111111111112,0.75,4,4,3,1,1,4,0.75,0.75,0.75,0.8,0.2,0.55,0.775,0.875,0.8,4,4,0.0
v18,Python,9,3,2,1,1,5,0.6666666666666666,0.6666666666666666,0.6666666666666666,0.8333333333333334,0.16666666666666666,0.5,0.75,0.7777777777777777,0.6666666666666666,3,3,2,2,1,4,0.5,0.6666666666666666,0.5714285714285714,0.6666666666666666,0.3333333333333333,0.31622776601683794,0.6666666666666666,0.7777777777777777,0.6666666666666666,4,3,-0.09523809523809523
v19,Python,9,2,1,5,1,2,0.16666666666666666,0.5,0.25,0.2857142857142857,0.7142857142857143,-0.1889822365046136,0.39285714285714285,0.24285714285714285,0.35714285714285715,6,2,1,4,1,3,0.2,0.5,0.2857142857142857,0.42857142857142855,0.5714285714285714,-0.05976143046671968,0.4642857142857143,0.24285714285714285,0.35714285714285715,5,2,0.0357142857142857
v20,Python,9,7,4,0,3,2,1.0,0.5714285714285714,0.7272727272727273,1.0,0.0,0.47809144373375745,0.7857142857142857,0.9325396825396826,0.7142857142857143,4,7,4,0,3,2,1.0,0.5714285714285714,0.7272727272727273,1.0,0.0,0.47809144373375745,0.7857142857142857,1.0,1.0,4,7,0.0
v21,Python,9,1,1,8,0,0,0.1111111111111111,1.0,0.2,0.0,1.0,0.0,0.5,0.14285714285714285,0.25,9,1,1,8,0,0,0.1111111111111111,1.0,0.2,0.0,1.0,0.0,0.5,0.14285714285714285,0.25,9,1,0.0
v22,Python,9,1,1,2,0,6,0.3333333333333333,1.0,0.5,0.75,0.25,0.5,0.875,1.0,1.0,3,1,1,1,0,7,0.5,1.0,0.6666666666666666,0.875,0.125,0.6614378277661476,0.9375,1.0,1.0,2,1,0.16666666666666663
v23,Java,9,3,3,6,0,0,0.3333333333333333,1.0,0.5,0.0,1.0,0.0,0.5,0.47619047619047616,0.6111111111111112,9,3,3,6,0,0,0.3333333333333333,1.0,0.5,0.0,1.0,0.0,0.5,0.6428571428571428,0.6666666666666667,9,3,0.0
v24,Java,9,1,1,7,0,1,0.125,1.0,0.2222222222222222,0.125,0.875,0.125,0.5625,0.5,0.875,8,1,1,6,0,2,0.14285714285714285,1.0,0.25,0.25,0.75,0.1889822365046136,0.625,1.0,1.0,7,1,0.02777777777777779
v25,Java,9,2,2,6,0,1,0.25,1.0,0.4,0.14285714285714285,0.8571428571428571,0.1889822365046136,0.5714285714285714,0.6428571428571428,0.6428571428571428,8,2,2,6,0,1,0.25,1.0,0.4,0.14285714285714285,0.8571428571428571,0.1889822365046136,0.5714285714285714,0.75,0.8571428571428572,8,2,0.0
v26,Java,9,3,1,5,2,1,0.16666666666666666,0.3333333333333333,0.2222222222222222,0.16666666666666666,0.8333333333333334,-0.5,0.25,0.5396825396825397,0.38888888888888884,6,3,1,2,2,4,0.3333333333333333,0.3333333333333333,0.3333333333333333,0.6666666666666666,0.3333333333333333,0.0,0.5,0.5535714285714286,0.4444444444444444,3,3,0.1111111111111111
v27,Java,9,2,2,6,0,1,0.25,1.0,0.4,0.14285714285714285,0.8571428571428571,0.1889822365046136,0.5714285714285714,0.6666666666666666,0.7142857142857143,8,2,2,6,0,1,0.25,1.0,0.4,0.14285714285714285,0.8571428571428571,0.1889822365046136,0.5714285714285714,0.6666666666666666,0.7142857142857143,8,2,0.0
v28,Java,9,2,2,6,0,1,0.25,1.0,0.4,0.14285714285714285,0.8571428571428571,0.1889822365046136,0.5714285714285714,0.75,0.8571428571428572,8,2,2,6,0,1,0.25,1.0,0.4,0.14285714285714285,0.8571428571428571,0.1889822365046136,0.5714285714285714,0.7,0.7857142857142857,8,2,0.0
v29,Java,9,6,5,2,1,1,0.7142857142857143,0.8333333333333334,0.7692307692307693,0.3333333333333333,0.6666666666666666,0.1889822365046136,0.5833333333333334,0.8634920634920634,0.6666666666666666,7,6,5,2,1,1,0.7142857142857143,0.8333333333333334,0.7692307692307693,0.3333333333333333,0.6666666666666666,0.1889822365046136,0.5833333333333334,0.8218253968253967,0.6111111111111112,7,6,0.0
v30,Java,9,4,4,2,0,3,0.6666666666666666,1.0,0.8,0.6,0.4,0.6324555320336759,0.8,0.8541666666666666,0.85,6,4,4,3,0,2,0.5714285714285714,1.0,0.7272727272727273,0.4,0.6,0.47809144373375745,0.7,0.8541666666666666,0.85,7,4,-0.07272727272727275
v31,C++,10,2,2,8,0,0,0.2,1.0,0.3333333333333333,0.0,1.0,0.0,0.5,0.3333333333333333,0.625,10,2,2,8,0,0,0.2,1.0,0.3333333333333333,0.0,1.0,0.0,0.5,0.3666666666666667,0.6875,10,2,0.0
v32,C++,10,2,2,3,0,5,0.4,1.0,0.5714285714285714,0.625,0.375,0.5,0.8125,1.0,1.0,5,2,2,4,0,4,0.3333333333333333,1.0,0.5,0.5,0.5,0.4082482904638631,0.75,0.8333333333333333,0.9375,6,2,-0.0714285714285714
v33,C++,10,2,1,7,1,1,0.125,0.5,0.2,0.125,0.875,-0.375,0.3125,0.2777777777777778,0.4375,8,2,2,7,0,1,0.2222222222222222,1.0,0.36363636363636365,0.125,0.875,0.16666666666666666,0.5625,0.2361111111111111,0.375,9,2,0.16363636363636364
v34,C++,10,1,1,9,0,0,0.1,1.0,0.18181818181818182,0.0,1.0,0.0,0.5,0.3333333333333333,0.7777777777777778,10,1,1,9,0,0,0.1,1.0,0.18181818181818182,0.0,1.0,0.0,0.5,0.25,0.6666666666666667,10,1,0.0
v35,C++,10,2,1,4,1,4,0.2,0.5,0.2857142857142857,0.5,0.5,0.0,0.5,0.6,0.5,5,2,1,4,1,4,0.2,0.5,0.2857142857142857,0.5,0.5,0.0,0.5,0.6428571428571428,0.6875,5,2,0.0
v36,C++,10,2,2,4,0,4,0.3333333333333333,1.0,0.5,0.5,0.5,0.4082482904638631,0.75,1.0,1.0,6,2,2,5,0,3,0.2857142857142857,1.0,0.4444444444444444,0.375,0.625,0.3273268353539886,0.6875,1.0,1.0,7,2,-0.05555555555555558
v37,C++,10,1,0,6,1,3,0.0,0.0,0.0,0.3333333333333333,0.6666666666666666,-0.408248290463863,0.16666666666666666,0.1111111111111111,0.11111111111111116,6,1,1,6,0,3,0.14285714285714285,1.0,0.25,0.3333333333333333,0.6666666666666666,0.21821789023599236,0.6666666666666666,0.25,0.6666666666666667,7,1,0.25
v38,C++,10,1,1,8,0,1,0.1111111111111111,1.0,0.2,0.1111111111111111,0.8888888888888888,0.1111111111111111,0.5555555555555556,0.16666666666666666,0.4444444444444444,9,1,1,8,0,1,0.1111111111111111,1.0,0.2,0.1111111111111111,0.8888888888888888,0.1111111111111111,0.5555555555555556,0.2,0.5555555555555556,9,1,0.0
v39,C++,10,1,1,7,0,2,0.125,1.0,0.2222222222222222,0.2222222222222222,0.7777777777777778,0.16666666666666666,0.6111111111111112,0.14285714285714285,0.33333333333333337,8,1,1,7,0,2,0.125,1.0,0.2222222222222222,0.2222222222222222,0.7777777777777778,0.16666666666666666,0.6111111111111112,0.14285714285714285,0.33333333333333337,8,1,0.0
v40,C++,10,1,0,7,1,2,0.0,0.0,0.0,0.2222222222222222,0.7777777777777778,-0.5091750772173156,0.1111111111111111,0.1,0.0,7,1,0,6,1,3,0.0,0.0,0.0,0.3333333333333333,0.6666666666666666,-0.408248290463863,0.16666666666666666,0.1111111111111111,0.11111111111111116,6,1,0.0
