video_id,subject,title,url,transcript_file,review_file
v6,SQL,Learn Basic SQL Commands,https://www.youtube.com/watch?v=OlT3FispsMU,C:\NCKH\VIDEO_LEARNING_RESEARCH\data\raw\transcripts\v6_transcript.csv,C:\NCKH\VIDEO_LEARNING_RESEARCH\data\ground_truth\annotation_working\video_review\v6_review.txt
v7,SQL,SQL SELECT Tutorial,https://www.youtube.com/watch?v=YufocuHbYZo,C:\NCKH\VIDEO_LEARNING_RESEARCH\data\raw\transcripts\v7_transcript.csv,C:\NCKH\VIDEO_LEARNING_RESEARCH\data\ground_truth\annotation_working\video_review\v7_review.txt
v8,SQL,Learn Basic SQL in 15 Minutes,https://www.youtube.com/watch?v=kbKty5ZVKMY,C:\NCKH\VIDEO_LEARNING_RESEARCH\data\raw\transcripts\v8_transcript.csv,C:\NCKH\VIDEO_LEARNING_RESEARCH\data\ground_truth\annotation_working\video_review\v8_review.txt
v9,SQL,Aggregate Functions in SQL,https://www.youtube.com/watch?v=RGIVS8RGBaI,C:\NCKH\VIDEO_LEARNING_RESEARCH\data\raw\transcripts\v9_transcript.csv,C:\NCKH\VIDEO_LEARNING_RESEARCH\data\ground_truth\annotation_working\video_review\v9_review.txt
v10,SQL,GROUP BY and HAVING Clause in SELECT Command,https://www.youtube.com/watch?v=wsbp1J-AFhY,C:\NCKH\VIDEO_LEARNING_RESEARCH\data\raw\transcripts\v10_transcript.csv,C:\NCKH\VIDEO_LEARNING_RESEARCH\data\ground_truth\annotation_working\video_review\v10_review.txt
v11,SQL,Subqueries in MySQL,https://www.youtube.com/watch?v=Vj6RqA_X-IE,C:\NCKH\VIDEO_LEARNING_RESEARCH\data\raw\transcripts\v11_transcript.csv,C:\NCKH\VIDEO_LEARNING_RESEARCH\data\ground_truth\annotation_working\video_review\v11_review.txt
v12,SQL,Joins in MySQL,https://www.youtube.com/watch?v=lXQzD09BOH0,C:\NCKH\VIDEO_LEARNING_RESEARCH\data\raw\transcripts\v12_transcript.csv,C:\NCKH\VIDEO_LEARNING_RESEARCH\data\ground_truth\annotation_working\video_review\v12_review.txt
v13,SQL,Beginner SQL - Analyzing Student Records,https://www.youtube.com/watch?v=_vxobA36UN4,C:\NCKH\VIDEO_LEARNING_RESEARCH\data\raw\transcripts\v13_transcript.csv,C:\NCKH\VIDEO_LEARNING_RESEARCH\data\ground_truth\annotation_working\video_review\v13_review.txt
v14,Python,Python Tutorial for Beginners 7: Loops and Iterations - For/While Loops,https://www.youtube.com/watch?v=6iF8Xb7Z3wQ,C:\NCKH\VIDEO_LEARNING_RESEARCH\data\raw\transcripts\v14_transcript.csv,C:\NCKH\VIDEO_LEARNING_RESEARCH\data\ground_truth\annotation_working\video_review\v14_review.txt
v15,Python,Python 3 Programming Tutorial - For loop,https://www.youtube.com/watch?v=xtXexPSfcZg,C:\NCKH\VIDEO_LEARNING_RESEARCH\data\raw\transcripts\v15_transcript.csv,C:\NCKH\VIDEO_LEARNING_RESEARCH\data\ground_truth\annotation_working\video_review\v15_review.txt
v16,Python,Python Lists,https://www.youtube.com/watch?v=ohCDWZgNIU0,C:\NCKH\VIDEO_LEARNING_RESEARCH\data\raw\transcripts\v16_transcript.csv,C:\NCKH\VIDEO_LEARNING_RESEARCH\data\ground_truth\annotation_working\video_review\v16_review.txt
v17,Python,Python For Loops - Programming for Beginners,https://www.youtube.com/watch?v=dHANJ4l6fwA,C:\NCKH\VIDEO_LEARNING_RESEARCH\data\raw\transcripts\v17_transcript.csv,C:\NCKH\VIDEO_LEARNING_RESEARCH\data\ground_truth\annotation_working\video_review\v17_review.txt
v18,Python,Learn Python iterables in 6 minutes!,https://www.youtube.com/watch?v=VL_g3LjsFqs,C:\NCKH\VIDEO_LEARNING_RESEARCH\data\raw\transcripts\v18_transcript.csv,C:\NCKH\VIDEO_LEARNING_RESEARCH\data\ground_truth\annotation_working\video_review\v18_review.txt
v19,Python,Python Tutorial for Beginners - Break Continue Pass,https://www.youtube.com/watch?v=yCZBnjF4_tU,C:\NCKH\VIDEO_LEARNING_RESEARCH\data\raw\transcripts\v19_transcript.csv,C:\NCKH\VIDEO_LEARNING_RESEARCH\data\ground_truth\annotation_working\video_review\v19_review.txt
v20,Python,For loop - Python 3 Programming Tutorials,https://www.youtube.com/watch?v=3ykIpmAxdoY,C:\NCKH\VIDEO_LEARNING_RESEARCH\data\raw\transcripts\v20_transcript.csv,C:\NCKH\VIDEO_LEARNING_RESEARCH\data\ground_truth\annotation_working\video_review\v20_review.txt
v21,Python,Python Tutorial: Nested Loops,https://www.youtube.com/watch?v=HVqcW9k9RPU,C:\NCKH\VIDEO_LEARNING_RESEARCH\data\raw\transcripts\v21_transcript.csv,C:\NCKH\VIDEO_LEARNING_RESEARCH\data\ground_truth\annotation_working\video_review\v21_review.txt
v22,Python,Range Function in Python Step-by-Step Tutorial,https://www.youtube.com/watch?v=Evycb99_XIc,C:\NCKH\VIDEO_LEARNING_RESEARCH\data\raw\transcripts\v22_transcript.csv,C:\NCKH\VIDEO_LEARNING_RESEARCH\data\ground_truth\annotation_working\video_review\v22_review.txt
v23,Java,Java Classes and Objects (Complete Tutorial),https://www.youtube.com/watch?v=Pt-gPG9LOV8,C:\NCKH\VIDEO_LEARNING_RESEARCH\data\raw\transcripts\v23_transcript.csv,C:\NCKH\VIDEO_LEARNING_RESEARCH\data\ground_truth\annotation_working\video_review\v23_review.txt
v24,Java,Java methods explained in 10+ minutes!,https://www.youtube.com/watch?v=v5p_SUfi710,C:\NCKH\VIDEO_LEARNING_RESEARCH\data\raw\transcripts\v24_transcript.csv,C:\NCKH\VIDEO_LEARNING_RESEARCH\data\ground_truth\annotation_working\video_review\v24_review.txt
v25,Java,Java Interface Tutorial #78,https://www.youtube.com/watch?v=kTpp5n_CppQ,C:\NCKH\VIDEO_LEARNING_RESEARCH\data\raw\transcripts\v25_transcript.csv,C:\NCKH\VIDEO_LEARNING_RESEARCH\data\ground_truth\annotation_working\video_review\v25_review.txt
v26,Java,Java Interface & Implements Keyword | Java Tutorial for Beginners,https://www.youtube.com/watch?v=KjEkdELJua4,C:\NCKH\VIDEO_LEARNING_RESEARCH\data\raw\transcripts\v26_transcript.csv,C:\NCKH\VIDEO_LEARNING_RESEARCH\data\ground_truth\annotation_working\video_review\v26_review.txt
v27,Java,#6.1 Java Tutorial | Inheritance,https://www.youtube.com/watch?v=_9R_in_7cT4,C:\NCKH\VIDEO_LEARNING_RESEARCH\data\raw\transcripts\v27_transcript.csv,C:\NCKH\VIDEO_LEARNING_RESEARCH\data\ground_truth\annotation_working\video_review\v27_review.txt
v28,Java,Java Tutorial For Beginners 25 - Inheritance in Java,https://www.youtube.com/watch?v=lz1Cx6GzOuc,C:\NCKH\VIDEO_LEARNING_RESEARCH\data\raw\transcripts\v28_transcript.csv,C:\NCKH\VIDEO_LEARNING_RESEARCH\data\ground_truth\annotation_working\video_review\v28_review.txt
v29,Java,Abstract Class In Java Tutorial #79,https://www.youtube.com/watch?v=52frlN8webg,C:\NCKH\VIDEO_LEARNING_RESEARCH\data\raw\transcripts\v29_transcript.csv,C:\NCKH\VIDEO_LEARNING_RESEARCH\data\ground_truth\annotation_working\video_review\v29_review.txt
v30,Java,When and How to Utilize Java Abstract Classes and Abstract Methods?,https://www.youtube.com/watch?v=ZRdgrLs-rRo,C:\NCKH\VIDEO_LEARNING_RESEARCH\data\raw\transcripts\v30_transcript.csv,C:\NCKH\VIDEO_LEARNING_RESEARCH\data\ground_truth\annotation_working\video_review\v30_review.txt
v31,C++,"C++ FOR BEGINNERS - Variables, Data Types, Overflow, Sizeof",https://www.youtube.com/watch?v=solufpKPDwY,C:\NCKH\VIDEO_LEARNING_RESEARCH\data\raw\transcripts\v31_transcript.csv,C:\NCKH\VIDEO_LEARNING_RESEARCH\data\ground_truth\annotation_working\video_review\v31_review.txt
v32,C++,C++ Programming: Variables and Data Types Explained,https://www.youtube.com/watch?v=nrNdn6lSQwE,C:\NCKH\VIDEO_LEARNING_RESEARCH\data\raw\transcripts\v32_transcript.csv,C:\NCKH\VIDEO_LEARNING_RESEARCH\data\ground_truth\annotation_working\video_review\v32_review.txt
v33,C++,C++ POINTERS - Introduction to C++ pointers for beginners,https://www.youtube.com/watch?v=eNofmKYzje4,C:\NCKH\VIDEO_LEARNING_RESEARCH\data\raw\transcripts\v33_transcript.csv,C:\NCKH\VIDEO_LEARNING_RESEARCH\data\ground_truth\annotation_working\video_review\v33_review.txt
v34,C++,REFERENCES in C++,https://www.youtube.com/watch?v=IzoFn3dfsPA,C:\NCKH\VIDEO_LEARNING_RESEARCH\data\raw\transcripts\v34_transcript.csv,C:\NCKH\VIDEO_LEARNING_RESEARCH\data\ground_truth\annotation_working\video_review\v34_review.txt
v35,C++,C++ Reference Variable | C++ Pointers vs References Explained,https://www.youtube.com/watch?v=LTXFr_RJE6M,C:\NCKH\VIDEO_LEARNING_RESEARCH\data\raw\transcripts\v35_transcript.csv,C:\NCKH\VIDEO_LEARNING_RESEARCH\data\ground_truth\annotation_working\video_review\v35_review.txt
v36,C++,C++ OOP - Introduction to classes and objects for beginners,https://www.youtube.com/watch?v=iVLQeWbgbXs,C:\NCKH\VIDEO_LEARNING_RESEARCH\data\raw\transcripts\v36_transcript.csv,C:\NCKH\VIDEO_LEARNING_RESEARCH\data\ground_truth\annotation_working\video_review\v36_review.txt
v37,C++,C++ CONSTRUCTORS explained easy,https://www.youtube.com/watch?v=5z3KEX9AZEQ,C:\NCKH\VIDEO_LEARNING_RESEARCH\data\raw\transcripts\v37_transcript.csv,C:\NCKH\VIDEO_LEARNING_RESEARCH\data\ground_truth\annotation_working\video_review\v37_review.txt
v38,C++,Inheritance in C++,https://www.youtube.com/watch?v=X8nYM8wdNRE,C:\NCKH\VIDEO_LEARNING_RESEARCH\data\raw\transcripts\v38_transcript.csv,C:\NCKH\VIDEO_LEARNING_RESEARCH\data\ground_truth\annotation_working\video_review\v38_review.txt
v39,C++,"Inheritance, Poly Morphism | Introduction | CPP OOPS",https://www.youtube.com/watch?v=zsqhrxlp-Fo,C:\NCKH\VIDEO_LEARNING_RESEARCH\data\raw\transcripts\v39_transcript.csv,C:\NCKH\VIDEO_LEARNING_RESEARCH\data\ground_truth\annotation_working\video_review\v39_review.txt
v40,C++,Templates in C++,https://www.youtube.com/watch?v=I-hZkUa9mIs,C:\NCKH\VIDEO_LEARNING_RESEARCH\data\raw\transcripts\v40_transcript.csv,C:\NCKH\VIDEO_LEARNING_RESEARCH\data\ground_truth\annotation_working\video_review\v40_review.txt
