video_id,subject,title,url,concept,concept_description,positive,evidence_start_sec,evidence_end_sec,evidence_note,annotator,review_status
v6,SQL,Learn Basic SQL Commands,https://www.youtube.com/watch?v=OlT3FispsMU,select,select data columns from a database table using SQL select query,,,,,,pending
v6,SQL,Learn Basic SQL Commands,https://www.youtube.com/watch?v=OlT3FispsMU,where,filter database rows using a where condition,,,,,,pending
v6,SQL,Learn Basic SQL Commands,https://www.youtube.com/watch?v=OlT3FispsMU,group by,group database rows by one or more columns,,,,,,pending
v6,SQL,Learn Basic SQL Commands,https://www.youtube.com/watch?v=OlT3FispsMU,having,filter grouped SQL results after aggregation,,,,,,pending
v6,SQL,Learn Basic SQL Commands,https://www.youtube.com/watch?v=OlT3FispsMU,count,count rows or values using SQL aggregate function,,,,,,pending
v6,SQL,Learn Basic SQL Commands,https://www.youtube.com/watch?v=OlT3FispsMU,aggregate function,perform SQL aggregation such as count sum average minimum maximum,,,,,,pending
v6,SQL,Learn Basic SQL Commands,https://www.youtube.com/watch?v=OlT3FispsMU,join,combine rows from multiple database tables,,,,,,pending
v6,SQL,Learn Basic SQL Commands,https://www.youtube.com/watch?v=OlT3FispsMU,inner join,combine matching rows from two database tables using inner join,,,,,,pending
v6,SQL,Learn Basic SQL Commands,https://www.youtube.com/watch?v=OlT3FispsMU,left join,keep all rows from the left table and matching rows from another table,,,,,,pending
v6,SQL,Learn Basic SQL Commands,https://www.youtube.com/watch?v=OlT3FispsMU,subquery,use a query nested inside another SQL query,,,,,,pending
v6,SQL,Learn Basic SQL Commands,https://www.youtube.com/watch?v=OlT3FispsMU,order by,sort SQL query results by one or more columns,,,,,,pending
v7,SQL,SQL SELECT Tutorial,https://www.youtube.com/watch?v=YufocuHbYZo,select,select data columns from a database table using SQL select query,,,,,,pending
v7,SQL,SQL SELECT Tutorial,https://www.youtube.com/watch?v=YufocuHbYZo,where,filter database rows using a where condition,,,,,,pending
v7,SQL,SQL SELECT Tutorial,https://www.youtube.com/watch?v=YufocuHbYZo,group by,group database rows by one or more columns,,,,,,pending
v7,SQL,SQL SELECT Tutorial,https://www.youtube.com/watch?v=YufocuHbYZo,having,filter grouped SQL results after aggregation,,,,,,pending
v7,SQL,SQL SELECT Tutorial,https://www.youtube.com/watch?v=YufocuHbYZo,count,count rows or values using SQL aggregate function,,,,,,pending
v7,SQL,SQL SELECT Tutorial,https://www.youtube.com/watch?v=YufocuHbYZo,aggregate function,perform SQL aggregation such as count sum average minimum maximum,,,,,,pending
v7,SQL,SQL SELECT Tutorial,https://www.youtube.com/watch?v=YufocuHbYZo,join,combine rows from multiple database tables,,,,,,pending
v7,SQL,SQL SELECT Tutorial,https://www.youtube.com/watch?v=YufocuHbYZo,inner join,combine matching rows from two database tables using inner join,,,,,,pending
v7,SQL,SQL SELECT Tutorial,https://www.youtube.com/watch?v=YufocuHbYZo,left join,keep all rows from the left table and matching rows from another table,,,,,,pending
v7,SQL,SQL SELECT Tutorial,https://www.youtube.com/watch?v=YufocuHbYZo,subquery,use a query nested inside another SQL query,,,,,,pending
v7,SQL,SQL SELECT Tutorial,https://www.youtube.com/watch?v=YufocuHbYZo,order by,sort SQL query results by one or more columns,,,,,,pending
v8,SQL,Learn Basic SQL in 15 Minutes,https://www.youtube.com/watch?v=kbKty5ZVKMY,select,select data columns from a database table using SQL select query,,,,,,pending
v8,SQL,Learn Basic SQL in 15 Minutes,https://www.youtube.com/watch?v=kbKty5ZVKMY,where,filter database rows using a where condition,,,,,,pending
v8,SQL,Learn Basic SQL in 15 Minutes,https://www.youtube.com/watch?v=kbKty5ZVKMY,group by,group database rows by one or more columns,,,,,,pending
v8,SQL,Learn Basic SQL in 15 Minutes,https://www.youtube.com/watch?v=kbKty5ZVKMY,having,filter grouped SQL results after aggregation,,,,,,pending
v8,SQL,Learn Basic SQL in 15 Minutes,https://www.youtube.com/watch?v=kbKty5ZVKMY,count,count rows or values using SQL aggregate function,,,,,,pending
v8,SQL,Learn Basic SQL in 15 Minutes,https://www.youtube.com/watch?v=kbKty5ZVKMY,aggregate function,perform SQL aggregation such as count sum average minimum maximum,,,,,,pending
v8,SQL,Learn Basic SQL in 15 Minutes,https://www.youtube.com/watch?v=kbKty5ZVKMY,join,combine rows from multiple database tables,,,,,,pending
v8,SQL,Learn Basic SQL in 15 Minutes,https://www.youtube.com/watch?v=kbKty5ZVKMY,inner join,combine matching rows from two database tables using inner join,,,,,,pending
v8,SQL,Learn Basic SQL in 15 Minutes,https://www.youtube.com/watch?v=kbKty5ZVKMY,left join,keep all rows from the left table and matching rows from another table,,,,,,pending
v8,SQL,Learn Basic SQL in 15 Minutes,https://www.youtube.com/watch?v=kbKty5ZVKMY,subquery,use a query nested inside another SQL query,,,,,,pending
v8,SQL,Learn Basic SQL in 15 Minutes,https://www.youtube.com/watch?v=kbKty5ZVKMY,order by,sort SQL query results by one or more columns,,,,,,pending
v9,SQL,Aggregate Functions in SQL,https://www.youtube.com/watch?v=RGIVS8RGBaI,select,select data columns from a database table using SQL select query,,,,,,pending
v9,SQL,Aggregate Functions in SQL,https://www.youtube.com/watch?v=RGIVS8RGBaI,where,filter database rows using a where condition,,,,,,pending
v9,SQL,Aggregate Functions in SQL,https://www.youtube.com/watch?v=RGIVS8RGBaI,group by,group database rows by one or more columns,,,,,,pending
v9,SQL,Aggregate Functions in SQL,https://www.youtube.com/watch?v=RGIVS8RGBaI,having,filter grouped SQL results after aggregation,,,,,,pending
v9,SQL,Aggregate Functions in SQL,https://www.youtube.com/watch?v=RGIVS8RGBaI,count,count rows or values using SQL aggregate function,,,,,,pending
v9,SQL,Aggregate Functions in SQL,https://www.youtube.com/watch?v=RGIVS8RGBaI,aggregate function,perform SQL aggregation such as count sum average minimum maximum,,,,,,pending
v9,SQL,Aggregate Functions in SQL,https://www.youtube.com/watch?v=RGIVS8RGBaI,join,combine rows from multiple database tables,,,,,,pending
v9,SQL,Aggregate Functions in SQL,https://www.youtube.com/watch?v=RGIVS8RGBaI,inner join,combine matching rows from two database tables using inner join,,,,,,pending
v9,SQL,Aggregate Functions in SQL,https://www.youtube.com/watch?v=RGIVS8RGBaI,left join,keep all rows from the left table and matching rows from another table,,,,,,pending
v9,SQL,Aggregate Functions in SQL,https://www.youtube.com/watch?v=RGIVS8RGBaI,subquery,use a query nested inside another SQL query,,,,,,pending
v9,SQL,Aggregate Functions in SQL,https://www.youtube.com/watch?v=RGIVS8RGBaI,order by,sort SQL query results by one or more columns,,,,,,pending
v10,SQL,GROUP BY and HAVING Clause in SELECT Command,https://www.youtube.com/watch?v=wsbp1J-AFhY,select,select data columns from a database table using SQL select query,,,,,,pending
v10,SQL,GROUP BY and HAVING Clause in SELECT Command,https://www.youtube.com/watch?v=wsbp1J-AFhY,where,filter database rows using a where condition,,,,,,pending
v10,SQL,GROUP BY and HAVING Clause in SELECT Command,https://www.youtube.com/watch?v=wsbp1J-AFhY,group by,group database rows by one or more columns,,,,,,pending
v10,SQL,GROUP BY and HAVING Clause in SELECT Command,https://www.youtube.com/watch?v=wsbp1J-AFhY,having,filter grouped SQL results after aggregation,,,,,,pending
v10,SQL,GROUP BY and HAVING Clause in SELECT Command,https://www.youtube.com/watch?v=wsbp1J-AFhY,count,count rows or values using SQL aggregate function,,,,,,pending
v10,SQL,GROUP BY and HAVING Clause in SELECT Command,https://www.youtube.com/watch?v=wsbp1J-AFhY,aggregate function,perform SQL aggregation such as count sum average minimum maximum,,,,,,pending
v10,SQL,GROUP BY and HAVING Clause in SELECT Command,https://www.youtube.com/watch?v=wsbp1J-AFhY,join,combine rows from multiple database tables,,,,,,pending
v10,SQL,GROUP BY and HAVING Clause in SELECT Command,https://www.youtube.com/watch?v=wsbp1J-AFhY,inner join,combine matching rows from two database tables using inner join,,,,,,pending
v10,SQL,GROUP BY and HAVING Clause in SELECT Command,https://www.youtube.com/watch?v=wsbp1J-AFhY,left join,keep all rows from the left table and matching rows from another table,,,,,,pending
v10,SQL,GROUP BY and HAVING Clause in SELECT Command,https://www.youtube.com/watch?v=wsbp1J-AFhY,subquery,use a query nested inside another SQL query,,,,,,pending
v10,SQL,GROUP BY and HAVING Clause in SELECT Command,https://www.youtube.com/watch?v=wsbp1J-AFhY,order by,sort SQL query results by one or more columns,,,,,,pending
v11,SQL,Subqueries in MySQL,https://www.youtube.com/watch?v=Vj6RqA_X-IE,select,select data columns from a database table using SQL select query,,,,,,pending
v11,SQL,Subqueries in MySQL,https://www.youtube.com/watch?v=Vj6RqA_X-IE,where,filter database rows using a where condition,,,,,,pending
v11,SQL,Subqueries in MySQL,https://www.youtube.com/watch?v=Vj6RqA_X-IE,group by,group database rows by one or more columns,,,,,,pending
v11,SQL,Subqueries in MySQL,https://www.youtube.com/watch?v=Vj6RqA_X-IE,having,filter grouped SQL results after aggregation,,,,,,pending
v11,SQL,Subqueries in MySQL,https://www.youtube.com/watch?v=Vj6RqA_X-IE,count,count rows or values using SQL aggregate function,,,,,,pending
v11,SQL,Subqueries in MySQL,https://www.youtube.com/watch?v=Vj6RqA_X-IE,aggregate function,perform SQL aggregation such as count sum average minimum maximum,,,,,,pending
v11,SQL,Subqueries in MySQL,https://www.youtube.com/watch?v=Vj6RqA_X-IE,join,combine rows from multiple database tables,,,,,,pending
v11,SQL,Subqueries in MySQL,https://www.youtube.com/watch?v=Vj6RqA_X-IE,inner join,combine matching rows from two database tables using inner join,,,,,,pending
v11,SQL,Subqueries in MySQL,https://www.youtube.com/watch?v=Vj6RqA_X-IE,left join,keep all rows from the left table and matching rows from another table,,,,,,pending
v11,SQL,Subqueries in MySQL,https://www.youtube.com/watch?v=Vj6RqA_X-IE,subquery,use a query nested inside another SQL query,,,,,,pending
v11,SQL,Subqueries in MySQL,https://www.youtube.com/watch?v=Vj6RqA_X-IE,order by,sort SQL query results by one or more columns,,,,,,pending
v12,SQL,Joins in MySQL,https://www.youtube.com/watch?v=lXQzD09BOH0,select,select data columns from a database table using SQL select query,,,,,,pending
v12,SQL,Joins in MySQL,https://www.youtube.com/watch?v=lXQzD09BOH0,where,filter database rows using a where condition,,,,,,pending
v12,SQL,Joins in MySQL,https://www.youtube.com/watch?v=lXQzD09BOH0,group by,group database rows by one or more columns,,,,,,pending
v12,SQL,Joins in MySQL,https://www.youtube.com/watch?v=lXQzD09BOH0,having,filter grouped SQL results after aggregation,,,,,,pending
v12,SQL,Joins in MySQL,https://www.youtube.com/watch?v=lXQzD09BOH0,count,count rows or values using SQL aggregate function,,,,,,pending
v12,SQL,Joins in MySQL,https://www.youtube.com/watch?v=lXQzD09BOH0,aggregate function,perform SQL aggregation such as count sum average minimum maximum,,,,,,pending
v12,SQL,Joins in MySQL,https://www.youtube.com/watch?v=lXQzD09BOH0,join,combine rows from multiple database tables,,,,,,pending
v12,SQL,Joins in MySQL,https://www.youtube.com/watch?v=lXQzD09BOH0,inner join,combine matching rows from two database tables using inner join,,,,,,pending
v12,SQL,Joins in MySQL,https://www.youtube.com/watch?v=lXQzD09BOH0,left join,keep all rows from the left table and matching rows from another table,,,,,,pending
v12,SQL,Joins in MySQL,https://www.youtube.com/watch?v=lXQzD09BOH0,subquery,use a query nested inside another SQL query,,,,,,pending
v12,SQL,Joins in MySQL,https://www.youtube.com/watch?v=lXQzD09BOH0,order by,sort SQL query results by one or more columns,,,,,,pending
v13,SQL,Beginner SQL - Analyzing Student Records,https://www.youtube.com/watch?v=_vxobA36UN4,select,select data columns from a database table using SQL select query,,,,,,pending
v13,SQL,Beginner SQL - Analyzing Student Records,https://www.youtube.com/watch?v=_vxobA36UN4,where,filter database rows using a where condition,,,,,,pending
v13,SQL,Beginner SQL - Analyzing Student Records,https://www.youtube.com/watch?v=_vxobA36UN4,group by,group database rows by one or more columns,,,,,,pending
v13,SQL,Beginner SQL - Analyzing Student Records,https://www.youtube.com/watch?v=_vxobA36UN4,having,filter grouped SQL results after aggregation,,,,,,pending
v13,SQL,Beginner SQL - Analyzing Student Records,https://www.youtube.com/watch?v=_vxobA36UN4,count,count rows or values using SQL aggregate function,,,,,,pending
v13,SQL,Beginner SQL - Analyzing Student Records,https://www.youtube.com/watch?v=_vxobA36UN4,aggregate function,perform SQL aggregation such as count sum average minimum maximum,,,,,,pending
v13,SQL,Beginner SQL - Analyzing Student Records,https://www.youtube.com/watch?v=_vxobA36UN4,join,combine rows from multiple database tables,,,,,,pending
v13,SQL,Beginner SQL - Analyzing Student Records,https://www.youtube.com/watch?v=_vxobA36UN4,inner join,combine matching rows from two database tables using inner join,,,,,,pending
v13,SQL,Beginner SQL - Analyzing Student Records,https://www.youtube.com/watch?v=_vxobA36UN4,left join,keep all rows from the left table and matching rows from another table,,,,,,pending
v13,SQL,Beginner SQL - Analyzing Student Records,https://www.youtube.com/watch?v=_vxobA36UN4,subquery,use a query nested inside another SQL query,,,,,,pending
v13,SQL,Beginner SQL - Analyzing Student Records,https://www.youtube.com/watch?v=_vxobA36UN4,order by,sort SQL query results by one or more columns,,,,,,pending
v14,Python,Python Tutorial for Beginners 7: Loops and Iterations - For/While Loops,https://www.youtube.com/watch?v=6iF8Xb7Z3wQ,for loop,repeat a block of Python code using a for loop,,,,,,pending
v14,Python,Python Tutorial for Beginners 7: Loops and Iterations - For/While Loops,https://www.youtube.com/watch?v=6iF8Xb7Z3wQ,for,iterate through elements using the Python for statement,,,,,,pending
v14,Python,Python Tutorial for Beginners 7: Loops and Iterations - For/While Loops,https://www.youtube.com/watch?v=6iF8Xb7Z3wQ,iteration,repeatedly process elements in a sequence,,,,,,pending
v14,Python,Python Tutorial for Beginners 7: Loops and Iterations - For/While Loops,https://www.youtube.com/watch?v=6iF8Xb7Z3wQ,range,generate a sequence of numbers for Python iteration,,,,,,pending
v14,Python,Python Tutorial for Beginners 7: Loops and Iterations - For/While Loops,https://www.youtube.com/watch?v=6iF8Xb7Z3wQ,list,sore and process ordered Python elements in a list,,,,,,pending
v14,Python,Python Tutorial for Beginners 7: Loops and Iterations - For/While Loops,https://www.youtube.com/watch?v=6iF8Xb7Z3wQ,nested loop,use one loop inside another loop,,,,,,pending
v14,Python,Python Tutorial for Beginners 7: Loops and Iterations - For/While Loops,https://www.youtube.com/watch?v=6iF8Xb7Z3wQ,index,access an element using its position or index,,,,,,pending
v14,Python,Python Tutorial for Beginners 7: Loops and Iterations - For/While Loops,https://www.youtube.com/watch?v=6iF8Xb7Z3wQ,break,stop a loop early using the break statement,,,,,,pending
v14,Python,Python Tutorial for Beginners 7: Loops and Iterations - For/While Loops,https://www.youtube.com/watch?v=6iF8Xb7Z3wQ,continue,skip the current loop iteration using continue,,,,,,pending
v15,Python,Python 3 Programming Tutorial - For loop,https://www.youtube.com/watch?v=xtXexPSfcZg,for loop,repeat a block of Python code using a for loop,,,,,,pending
v15,Python,Python 3 Programming Tutorial - For loop,https://www.youtube.com/watch?v=xtXexPSfcZg,for,iterate through elements using the Python for statement,,,,,,pending
v15,Python,Python 3 Programming Tutorial - For loop,https://www.youtube.com/watch?v=xtXexPSfcZg,iteration,repeatedly process elements in a sequence,,,,,,pending
v15,Python,Python 3 Programming Tutorial - For loop,https://www.youtube.com/watch?v=xtXexPSfcZg,range,generate a sequence of numbers for Python iteration,,,,,,pending
v15,Python,Python 3 Programming Tutorial - For loop,https://www.youtube.com/watch?v=xtXexPSfcZg,list,sore and process ordered Python elements in a list,,,,,,pending
v15,Python,Python 3 Programming Tutorial - For loop,https://www.youtube.com/watch?v=xtXexPSfcZg,nested loop,use one loop inside another loop,,,,,,pending
v15,Python,Python 3 Programming Tutorial - For loop,https://www.youtube.com/watch?v=xtXexPSfcZg,index,access an element using its position or index,,,,,,pending
v15,Python,Python 3 Programming Tutorial - For loop,https://www.youtube.com/watch?v=xtXexPSfcZg,break,stop a loop early using the break statement,,,,,,pending
v15,Python,Python 3 Programming Tutorial - For loop,https://www.youtube.com/watch?v=xtXexPSfcZg,continue,skip the current loop iteration using continue,,,,,,pending
v16,Python,Python Lists,https://www.youtube.com/watch?v=ohCDWZgNIU0,for loop,repeat a block of Python code using a for loop,,,,,,pending
v16,Python,Python Lists,https://www.youtube.com/watch?v=ohCDWZgNIU0,for,iterate through elements using the Python for statement,,,,,,pending
v16,Python,Python Lists,https://www.youtube.com/watch?v=ohCDWZgNIU0,iteration,repeatedly process elements in a sequence,,,,,,pending
v16,Python,Python Lists,https://www.youtube.com/watch?v=ohCDWZgNIU0,range,generate a sequence of numbers for Python iteration,,,,,,pending
v16,Python,Python Lists,https://www.youtube.com/watch?v=ohCDWZgNIU0,list,sore and process ordered Python elements in a list,,,,,,pending
v16,Python,Python Lists,https://www.youtube.com/watch?v=ohCDWZgNIU0,nested loop,use one loop inside another loop,,,,,,pending
v16,Python,Python Lists,https://www.youtube.com/watch?v=ohCDWZgNIU0,index,access an element using its position or index,,,,,,pending
v16,Python,Python Lists,https://www.youtube.com/watch?v=ohCDWZgNIU0,break,stop a loop early using the break statement,,,,,,pending
v16,Python,Python Lists,https://www.youtube.com/watch?v=ohCDWZgNIU0,continue,skip the current loop iteration using continue,,,,,,pending
v17,Python,Python For Loops - Programming for Beginners,https://www.youtube.com/watch?v=dHANJ4l6fwA,for loop,repeat a block of Python code using a for loop,,,,,,pending
v17,Python,Python For Loops - Programming for Beginners,https://www.youtube.com/watch?v=dHANJ4l6fwA,for,iterate through elements using the Python for statement,,,,,,pending
v17,Python,Python For Loops - Programming for Beginners,https://www.youtube.com/watch?v=dHANJ4l6fwA,iteration,repeatedly process elements in a sequence,,,,,,pending
v17,Python,Python For Loops - Programming for Beginners,https://www.youtube.com/watch?v=dHANJ4l6fwA,range,generate a sequence of numbers for Python iteration,,,,,,pending
v17,Python,Python For Loops - Programming for Beginners,https://www.youtube.com/watch?v=dHANJ4l6fwA,list,sore and process ordered Python elements in a list,,,,,,pending
v17,Python,Python For Loops - Programming for Beginners,https://www.youtube.com/watch?v=dHANJ4l6fwA,nested loop,use one loop inside another loop,,,,,,pending
v17,Python,Python For Loops - Programming for Beginners,https://www.youtube.com/watch?v=dHANJ4l6fwA,index,access an element using its position or index,,,,,,pending
v17,Python,Python For Loops - Programming for Beginners,https://www.youtube.com/watch?v=dHANJ4l6fwA,break,stop a loop early using the break statement,,,,,,pending
v17,Python,Python For Loops - Programming for Beginners,https://www.youtube.com/watch?v=dHANJ4l6fwA,continue,skip the current loop iteration using continue,,,,,,pending
v18,Python,Learn Python iterables in 6 minutes!,https://www.youtube.com/watch?v=VL_g3LjsFqs,for loop,repeat a block of Python code using a for loop,,,,,,pending
v18,Python,Learn Python iterables in 6 minutes!,https://www.youtube.com/watch?v=VL_g3LjsFqs,for,iterate through elements using the Python for statement,,,,,,pending
v18,Python,Learn Python iterables in 6 minutes!,https://www.youtube.com/watch?v=VL_g3LjsFqs,iteration,repeatedly process elements in a sequence,,,,,,pending
v18,Python,Learn Python iterables in 6 minutes!,https://www.youtube.com/watch?v=VL_g3LjsFqs,range,generate a sequence of numbers for Python iteration,,,,,,pending
v18,Python,Learn Python iterables in 6 minutes!,https://www.youtube.com/watch?v=VL_g3LjsFqs,list,sore and process ordered Python elements in a list,,,,,,pending
v18,Python,Learn Python iterables in 6 minutes!,https://www.youtube.com/watch?v=VL_g3LjsFqs,nested loop,use one loop inside another loop,,,,,,pending
v18,Python,Learn Python iterables in 6 minutes!,https://www.youtube.com/watch?v=VL_g3LjsFqs,index,access an element using its position or index,,,,,,pending
v18,Python,Learn Python iterables in 6 minutes!,https://www.youtube.com/watch?v=VL_g3LjsFqs,break,stop a loop early using the break statement,,,,,,pending
v18,Python,Learn Python iterables in 6 minutes!,https://www.youtube.com/watch?v=VL_g3LjsFqs,continue,skip the current loop iteration using continue,,,,,,pending
v19,Python,Python Tutorial for Beginners - Break Continue Pass,https://www.youtube.com/watch?v=yCZBnjF4_tU,for loop,repeat a block of Python code using a for loop,,,,,,pending
v19,Python,Python Tutorial for Beginners - Break Continue Pass,https://www.youtube.com/watch?v=yCZBnjF4_tU,for,iterate through elements using the Python for statement,,,,,,pending
v19,Python,Python Tutorial for Beginners - Break Continue Pass,https://www.youtube.com/watch?v=yCZBnjF4_tU,iteration,repeatedly process elements in a sequence,,,,,,pending
v19,Python,Python Tutorial for Beginners - Break Continue Pass,https://www.youtube.com/watch?v=yCZBnjF4_tU,range,generate a sequence of numbers for Python iteration,,,,,,pending
v19,Python,Python Tutorial for Beginners - Break Continue Pass,https://www.youtube.com/watch?v=yCZBnjF4_tU,list,sore and process ordered Python elements in a list,,,,,,pending
v19,Python,Python Tutorial for Beginners - Break Continue Pass,https://www.youtube.com/watch?v=yCZBnjF4_tU,nested loop,use one loop inside another loop,,,,,,pending
v19,Python,Python Tutorial for Beginners - Break Continue Pass,https://www.youtube.com/watch?v=yCZBnjF4_tU,index,access an element using its position or index,,,,,,pending
v19,Python,Python Tutorial for Beginners - Break Continue Pass,https://www.youtube.com/watch?v=yCZBnjF4_tU,break,stop a loop early using the break statement,,,,,,pending
v19,Python,Python Tutorial for Beginners - Break Continue Pass,https://www.youtube.com/watch?v=yCZBnjF4_tU,continue,skip the current loop iteration using continue,,,,,,pending
v20,Python,For loop - Python 3 Programming Tutorials,https://www.youtube.com/watch?v=3ykIpmAxdoY,for loop,repeat a block of Python code using a for loop,,,,,,pending
v20,Python,For loop - Python 3 Programming Tutorials,https://www.youtube.com/watch?v=3ykIpmAxdoY,for,iterate through elements using the Python for statement,,,,,,pending
v20,Python,For loop - Python 3 Programming Tutorials,https://www.youtube.com/watch?v=3ykIpmAxdoY,iteration,repeatedly process elements in a sequence,,,,,,pending
v20,Python,For loop - Python 3 Programming Tutorials,https://www.youtube.com/watch?v=3ykIpmAxdoY,range,generate a sequence of numbers for Python iteration,,,,,,pending
v20,Python,For loop - Python 3 Programming Tutorials,https://www.youtube.com/watch?v=3ykIpmAxdoY,list,sore and process ordered Python elements in a list,,,,,,pending
v20,Python,For loop - Python 3 Programming Tutorials,https://www.youtube.com/watch?v=3ykIpmAxdoY,nested loop,use one loop inside another loop,,,,,,pending
v20,Python,For loop - Python 3 Programming Tutorials,https://www.youtube.com/watch?v=3ykIpmAxdoY,index,access an element using its position or index,,,,,,pending
v20,Python,For loop - Python 3 Programming Tutorials,https://www.youtube.com/watch?v=3ykIpmAxdoY,break,stop a loop early using the break statement,,,,,,pending
v20,Python,For loop - Python 3 Programming Tutorials,https://www.youtube.com/watch?v=3ykIpmAxdoY,continue,skip the current loop iteration using continue,,,,,,pending
v21,Python,Python Tutorial: Nested Loops,https://www.youtube.com/watch?v=HVqcW9k9RPU,for loop,repeat a block of Python code using a for loop,,,,,,pending
v21,Python,Python Tutorial: Nested Loops,https://www.youtube.com/watch?v=HVqcW9k9RPU,for,iterate through elements using the Python for statement,,,,,,pending
v21,Python,Python Tutorial: Nested Loops,https://www.youtube.com/watch?v=HVqcW9k9RPU,iteration,repeatedly process elements in a sequence,,,,,,pending
v21,Python,Python Tutorial: Nested Loops,https://www.youtube.com/watch?v=HVqcW9k9RPU,range,generate a sequence of numbers for Python iteration,,,,,,pending
v21,Python,Python Tutorial: Nested Loops,https://www.youtube.com/watch?v=HVqcW9k9RPU,list,sore and process ordered Python elements in a list,,,,,,pending
v21,Python,Python Tutorial: Nested Loops,https://www.youtube.com/watch?v=HVqcW9k9RPU,nested loop,use one loop inside another loop,,,,,,pending
v21,Python,Python Tutorial: Nested Loops,https://www.youtube.com/watch?v=HVqcW9k9RPU,index,access an element using its position or index,,,,,,pending
v21,Python,Python Tutorial: Nested Loops,https://www.youtube.com/watch?v=HVqcW9k9RPU,break,stop a loop early using the break statement,,,,,,pending
v21,Python,Python Tutorial: Nested Loops,https://www.youtube.com/watch?v=HVqcW9k9RPU,continue,skip the current loop iteration using continue,,,,,,pending
v22,Python,Range Function in Python Step-by-Step Tutorial,https://www.youtube.com/watch?v=Evycb99_XIc,for loop,repeat a block of Python code using a for loop,,,,,,pending
v22,Python,Range Function in Python Step-by-Step Tutorial,https://www.youtube.com/watch?v=Evycb99_XIc,for,iterate through elements using the Python for statement,,,,,,pending
v22,Python,Range Function in Python Step-by-Step Tutorial,https://www.youtube.com/watch?v=Evycb99_XIc,iteration,repeatedly process elements in a sequence,,,,,,pending
v22,Python,Range Function in Python Step-by-Step Tutorial,https://www.youtube.com/watch?v=Evycb99_XIc,range,generate a sequence of numbers for Python iteration,,,,,,pending
v22,Python,Range Function in Python Step-by-Step Tutorial,https://www.youtube.com/watch?v=Evycb99_XIc,list,sore and process ordered Python elements in a list,,,,,,pending
v22,Python,Range Function in Python Step-by-Step Tutorial,https://www.youtube.com/watch?v=Evycb99_XIc,nested loop,use one loop inside another loop,,,,,,pending
v22,Python,Range Function in Python Step-by-Step Tutorial,https://www.youtube.com/watch?v=Evycb99_XIc,index,access an element using its position or index,,,,,,pending
v22,Python,Range Function in Python Step-by-Step Tutorial,https://www.youtube.com/watch?v=Evycb99_XIc,break,stop a loop early using the break statement,,,,,,pending
v22,Python,Range Function in Python Step-by-Step Tutorial,https://www.youtube.com/watch?v=Evycb99_XIc,continue,skip the current loop iteration using continue,,,,,,pending
v23,Java,Java Classes and Objects (Complete Tutorial),https://www.youtube.com/watch?v=Pt-gPG9LOV8,class,define objects and behavior using a Java class,,,,,,pending
v23,Java,Java Classes and Objects (Complete Tutorial),https://www.youtube.com/watch?v=Pt-gPG9LOV8,object,instance of a Java class,,,,,,pending
v23,Java,Java Classes and Objects (Complete Tutorial),https://www.youtube.com/watch?v=Pt-gPG9LOV8,method,define behavior using a Java method,,,,,,pending
v23,Java,Java Classes and Objects (Complete Tutorial),https://www.youtube.com/watch?v=Pt-gPG9LOV8,interface,define a Java interface containing method contracts,,,,,,pending
v23,Java,Java Classes and Objects (Complete Tutorial),https://www.youtube.com/watch?v=Pt-gPG9LOV8,implements,implement a Java interface in a class,,,,,,pending
v23,Java,Java Classes and Objects (Complete Tutorial),https://www.youtube.com/watch?v=Pt-gPG9LOV8,extends,extend a Java class through inheritance,,,,,,pending
v23,Java,Java Classes and Objects (Complete Tutorial),https://www.youtube.com/watch?v=Pt-gPG9LOV8,inheritance,reuse and extend behavior from a parent Java class,,,,,,pending
v23,Java,Java Classes and Objects (Complete Tutorial),https://www.youtube.com/watch?v=Pt-gPG9LOV8,abstract class,define an abstract Java class that cannot be directly instantiated,,,,,,pending
v23,Java,Java Classes and Objects (Complete Tutorial),https://www.youtube.com/watch?v=Pt-gPG9LOV8,abstract method,declare an abstract method that subclasses must implement,,,,,,pending
v24,Java,Java methods explained in 10+ minutes!,https://www.youtube.com/watch?v=v5p_SUfi710,class,define objects and behavior using a Java class,,,,,,pending
v24,Java,Java methods explained in 10+ minutes!,https://www.youtube.com/watch?v=v5p_SUfi710,object,instance of a Java class,,,,,,pending
v24,Java,Java methods explained in 10+ minutes!,https://www.youtube.com/watch?v=v5p_SUfi710,method,define behavior using a Java method,,,,,,pending
v24,Java,Java methods explained in 10+ minutes!,https://www.youtube.com/watch?v=v5p_SUfi710,interface,define a Java interface containing method contracts,,,,,,pending
v24,Java,Java methods explained in 10+ minutes!,https://www.youtube.com/watch?v=v5p_SUfi710,implements,implement a Java interface in a class,,,,,,pending
v24,Java,Java methods explained in 10+ minutes!,https://www.youtube.com/watch?v=v5p_SUfi710,extends,extend a Java class through inheritance,,,,,,pending
v24,Java,Java methods explained in 10+ minutes!,https://www.youtube.com/watch?v=v5p_SUfi710,inheritance,reuse and extend behavior from a parent Java class,,,,,,pending
v24,Java,Java methods explained in 10+ minutes!,https://www.youtube.com/watch?v=v5p_SUfi710,abstract class,define an abstract Java class that cannot be directly instantiated,,,,,,pending
v24,Java,Java methods explained in 10+ minutes!,https://www.youtube.com/watch?v=v5p_SUfi710,abstract method,declare an abstract method that subclasses must implement,,,,,,pending
v25,Java,Java Interface Tutorial #78,https://www.youtube.com/watch?v=kTpp5n_CppQ,class,define objects and behavior using a Java class,,,,,,pending
v25,Java,Java Interface Tutorial #78,https://www.youtube.com/watch?v=kTpp5n_CppQ,object,instance of a Java class,,,,,,pending
v25,Java,Java Interface Tutorial #78,https://www.youtube.com/watch?v=kTpp5n_CppQ,method,define behavior using a Java method,,,,,,pending
v25,Java,Java Interface Tutorial #78,https://www.youtube.com/watch?v=kTpp5n_CppQ,interface,define a Java interface containing method contracts,,,,,,pending
v25,Java,Java Interface Tutorial #78,https://www.youtube.com/watch?v=kTpp5n_CppQ,implements,implement a Java interface in a class,,,,,,pending
v25,Java,Java Interface Tutorial #78,https://www.youtube.com/watch?v=kTpp5n_CppQ,extends,extend a Java class through inheritance,,,,,,pending
v25,Java,Java Interface Tutorial #78,https://www.youtube.com/watch?v=kTpp5n_CppQ,inheritance,reuse and extend behavior from a parent Java class,,,,,,pending
v25,Java,Java Interface Tutorial #78,https://www.youtube.com/watch?v=kTpp5n_CppQ,abstract class,define an abstract Java class that cannot be directly instantiated,,,,,,pending
v25,Java,Java Interface Tutorial #78,https://www.youtube.com/watch?v=kTpp5n_CppQ,abstract method,declare an abstract method that subclasses must implement,,,,,,pending
v26,Java,Java Interface & Implements Keyword | Java Tutorial for Beginners,https://www.youtube.com/watch?v=KjEkdELJua4,class,define objects and behavior using a Java class,,,,,,pending
v26,Java,Java Interface & Implements Keyword | Java Tutorial for Beginners,https://www.youtube.com/watch?v=KjEkdELJua4,object,instance of a Java class,,,,,,pending
v26,Java,Java Interface & Implements Keyword | Java Tutorial for Beginners,https://www.youtube.com/watch?v=KjEkdELJua4,method,define behavior using a Java method,,,,,,pending
v26,Java,Java Interface & Implements Keyword | Java Tutorial for Beginners,https://www.youtube.com/watch?v=KjEkdELJua4,interface,define a Java interface containing method contracts,,,,,,pending
v26,Java,Java Interface & Implements Keyword | Java Tutorial for Beginners,https://www.youtube.com/watch?v=KjEkdELJua4,implements,implement a Java interface in a class,,,,,,pending
v26,Java,Java Interface & Implements Keyword | Java Tutorial for Beginners,https://www.youtube.com/watch?v=KjEkdELJua4,extends,extend a Java class through inheritance,,,,,,pending
v26,Java,Java Interface & Implements Keyword | Java Tutorial for Beginners,https://www.youtube.com/watch?v=KjEkdELJua4,inheritance,reuse and extend behavior from a parent Java class,,,,,,pending
v26,Java,Java Interface & Implements Keyword | Java Tutorial for Beginners,https://www.youtube.com/watch?v=KjEkdELJua4,abstract class,define an abstract Java class that cannot be directly instantiated,,,,,,pending
v26,Java,Java Interface & Implements Keyword | Java Tutorial for Beginners,https://www.youtube.com/watch?v=KjEkdELJua4,abstract method,declare an abstract method that subclasses must implement,,,,,,pending
v27,Java,#6.1 Java Tutorial | Inheritance,https://www.youtube.com/watch?v=_9R_in_7cT4,class,define objects and behavior using a Java class,,,,,,pending
v27,Java,#6.1 Java Tutorial | Inheritance,https://www.youtube.com/watch?v=_9R_in_7cT4,object,instance of a Java class,,,,,,pending
v27,Java,#6.1 Java Tutorial | Inheritance,https://www.youtube.com/watch?v=_9R_in_7cT4,method,define behavior using a Java method,,,,,,pending
v27,Java,#6.1 Java Tutorial | Inheritance,https://www.youtube.com/watch?v=_9R_in_7cT4,interface,define a Java interface containing method contracts,,,,,,pending
v27,Java,#6.1 Java Tutorial | Inheritance,https://www.youtube.com/watch?v=_9R_in_7cT4,implements,implement a Java interface in a class,,,,,,pending
v27,Java,#6.1 Java Tutorial | Inheritance,https://www.youtube.com/watch?v=_9R_in_7cT4,extends,extend a Java class through inheritance,,,,,,pending
v27,Java,#6.1 Java Tutorial | Inheritance,https://www.youtube.com/watch?v=_9R_in_7cT4,inheritance,reuse and extend behavior from a parent Java class,,,,,,pending
v27,Java,#6.1 Java Tutorial | Inheritance,https://www.youtube.com/watch?v=_9R_in_7cT4,abstract class,define an abstract Java class that cannot be directly instantiated,,,,,,pending
v27,Java,#6.1 Java Tutorial | Inheritance,https://www.youtube.com/watch?v=_9R_in_7cT4,abstract method,declare an abstract method that subclasses must implement,,,,,,pending
v28,Java,Java Tutorial For Beginners 25 - Inheritance in Java,https://www.youtube.com/watch?v=lz1Cx6GzOuc,class,define objects and behavior using a Java class,,,,,,pending
v28,Java,Java Tutorial For Beginners 25 - Inheritance in Java,https://www.youtube.com/watch?v=lz1Cx6GzOuc,object,instance of a Java class,,,,,,pending
v28,Java,Java Tutorial For Beginners 25 - Inheritance in Java,https://www.youtube.com/watch?v=lz1Cx6GzOuc,method,define behavior using a Java method,,,,,,pending
v28,Java,Java Tutorial For Beginners 25 - Inheritance in Java,https://www.youtube.com/watch?v=lz1Cx6GzOuc,interface,define a Java interface containing method contracts,,,,,,pending
v28,Java,Java Tutorial For Beginners 25 - Inheritance in Java,https://www.youtube.com/watch?v=lz1Cx6GzOuc,implements,implement a Java interface in a class,,,,,,pending
v28,Java,Java Tutorial For Beginners 25 - Inheritance in Java,https://www.youtube.com/watch?v=lz1Cx6GzOuc,extends,extend a Java class through inheritance,,,,,,pending
v28,Java,Java Tutorial For Beginners 25 - Inheritance in Java,https://www.youtube.com/watch?v=lz1Cx6GzOuc,inheritance,reuse and extend behavior from a parent Java class,,,,,,pending
v28,Java,Java Tutorial For Beginners 25 - Inheritance in Java,https://www.youtube.com/watch?v=lz1Cx6GzOuc,abstract class,define an abstract Java class that cannot be directly instantiated,,,,,,pending
v28,Java,Java Tutorial For Beginners 25 - Inheritance in Java,https://www.youtube.com/watch?v=lz1Cx6GzOuc,abstract method,declare an abstract method that subclasses must implement,,,,,,pending
v29,Java,Abstract Class In Java Tutorial #79,https://www.youtube.com/watch?v=52frlN8webg,class,define objects and behavior using a Java class,,,,,,pending
v29,Java,Abstract Class In Java Tutorial #79,https://www.youtube.com/watch?v=52frlN8webg,object,instance of a Java class,,,,,,pending
v29,Java,Abstract Class In Java Tutorial #79,https://www.youtube.com/watch?v=52frlN8webg,method,define behavior using a Java method,,,,,,pending
v29,Java,Abstract Class In Java Tutorial #79,https://www.youtube.com/watch?v=52frlN8webg,interface,define a Java interface containing method contracts,,,,,,pending
v29,Java,Abstract Class In Java Tutorial #79,https://www.youtube.com/watch?v=52frlN8webg,implements,implement a Java interface in a class,,,,,,pending
v29,Java,Abstract Class In Java Tutorial #79,https://www.youtube.com/watch?v=52frlN8webg,extends,extend a Java class through inheritance,,,,,,pending
v29,Java,Abstract Class In Java Tutorial #79,https://www.youtube.com/watch?v=52frlN8webg,inheritance,reuse and extend behavior from a parent Java class,,,,,,pending
v29,Java,Abstract Class In Java Tutorial #79,https://www.youtube.com/watch?v=52frlN8webg,abstract class,define an abstract Java class that cannot be directly instantiated,,,,,,pending
v29,Java,Abstract Class In Java Tutorial #79,https://www.youtube.com/watch?v=52frlN8webg,abstract method,declare an abstract method that subclasses must implement,,,,,,pending
v30,Java,When and How to Utilize Java Abstract Classes and Abstract Methods?,https://www.youtube.com/watch?v=ZRdgrLs-rRo,class,define objects and behavior using a Java class,,,,,,pending
v30,Java,When and How to Utilize Java Abstract Classes and Abstract Methods?,https://www.youtube.com/watch?v=ZRdgrLs-rRo,object,instance of a Java class,,,,,,pending
v30,Java,When and How to Utilize Java Abstract Classes and Abstract Methods?,https://www.youtube.com/watch?v=ZRdgrLs-rRo,method,define behavior using a Java method,,,,,,pending
v30,Java,When and How to Utilize Java Abstract Classes and Abstract Methods?,https://www.youtube.com/watch?v=ZRdgrLs-rRo,interface,define a Java interface containing method contracts,,,,,,pending
v30,Java,When and How to Utilize Java Abstract Classes and Abstract Methods?,https://www.youtube.com/watch?v=ZRdgrLs-rRo,implements,implement a Java interface in a class,,,,,,pending
v30,Java,When and How to Utilize Java Abstract Classes and Abstract Methods?,https://www.youtube.com/watch?v=ZRdgrLs-rRo,extends,extend a Java class through inheritance,,,,,,pending
v30,Java,When and How to Utilize Java Abstract Classes and Abstract Methods?,https://www.youtube.com/watch?v=ZRdgrLs-rRo,inheritance,reuse and extend behavior from a parent Java class,,,,,,pending
v30,Java,When and How to Utilize Java Abstract Classes and Abstract Methods?,https://www.youtube.com/watch?v=ZRdgrLs-rRo,abstract class,define an abstract Java class that cannot be directly instantiated,,,,,,pending
v30,Java,When and How to Utilize Java Abstract Classes and Abstract Methods?,https://www.youtube.com/watch?v=ZRdgrLs-rRo,abstract method,declare an abstract method that subclasses must implement,,,,,,pending
v31,C++,"C++ FOR BEGINNERS - Variables, Data Types, Overflow, Sizeof",https://www.youtube.com/watch?v=solufpKPDwY,variable,store and manipulate data using variables in C++ programs,,,,,,pending
v31,C++,"C++ FOR BEGINNERS - Variables, Data Types, Overflow, Sizeof",https://www.youtube.com/watch?v=solufpKPDwY,data type,define the type of values and variables using C++ data types,,,,,,pending
v31,C++,"C++ FOR BEGINNERS - Variables, Data Types, Overflow, Sizeof",https://www.youtube.com/watch?v=solufpKPDwY,pointer,store and use memory addresses with C++ pointers,,,,,,pending
v31,C++,"C++ FOR BEGINNERS - Variables, Data Types, Overflow, Sizeof",https://www.youtube.com/watch?v=solufpKPDwY,reference,refer to an existing C++ object or variable using a reference,,,,,,pending
v31,C++,"C++ FOR BEGINNERS - Variables, Data Types, Overflow, Sizeof",https://www.youtube.com/watch?v=solufpKPDwY,class,define data and behavior using a C++ class,,,,,,pending
v31,C++,"C++ FOR BEGINNERS - Variables, Data Types, Overflow, Sizeof",https://www.youtube.com/watch?v=solufpKPDwY,object,create and use an instance of a C++ class,,,,,,pending
v31,C++,"C++ FOR BEGINNERS - Variables, Data Types, Overflow, Sizeof",https://www.youtube.com/watch?v=solufpKPDwY,constructor,initialize C++ objects using a class constructor,,,,,,pending
v31,C++,"C++ FOR BEGINNERS - Variables, Data Types, Overflow, Sizeof",https://www.youtube.com/watch?v=solufpKPDwY,inheritance,reuse and extend behavior from a base class in C++,,,,,,pending
v31,C++,"C++ FOR BEGINNERS - Variables, Data Types, Overflow, Sizeof",https://www.youtube.com/watch?v=solufpKPDwY,polymorphism,use a common interface with different C++ object behaviors,,,,,,pending
v31,C++,"C++ FOR BEGINNERS - Variables, Data Types, Overflow, Sizeof",https://www.youtube.com/watch?v=solufpKPDwY,template,define generic C++ functions or classes using templates,,,,,,pending
v32,C++,C++ Programming: Variables and Data Types Explained,https://www.youtube.com/watch?v=nrNdn6lSQwE,variable,store and manipulate data using variables in C++ programs,,,,,,pending
v32,C++,C++ Programming: Variables and Data Types Explained,https://www.youtube.com/watch?v=nrNdn6lSQwE,data type,define the type of values and variables using C++ data types,,,,,,pending
v32,C++,C++ Programming: Variables and Data Types Explained,https://www.youtube.com/watch?v=nrNdn6lSQwE,pointer,store and use memory addresses with C++ pointers,,,,,,pending
v32,C++,C++ Programming: Variables and Data Types Explained,https://www.youtube.com/watch?v=nrNdn6lSQwE,reference,refer to an existing C++ object or variable using a reference,,,,,,pending
v32,C++,C++ Programming: Variables and Data Types Explained,https://www.youtube.com/watch?v=nrNdn6lSQwE,class,define data and behavior using a C++ class,,,,,,pending
v32,C++,C++ Programming: Variables and Data Types Explained,https://www.youtube.com/watch?v=nrNdn6lSQwE,object,create and use an instance of a C++ class,,,,,,pending
v32,C++,C++ Programming: Variables and Data Types Explained,https://www.youtube.com/watch?v=nrNdn6lSQwE,constructor,initialize C++ objects using a class constructor,,,,,,pending
v32,C++,C++ Programming: Variables and Data Types Explained,https://www.youtube.com/watch?v=nrNdn6lSQwE,inheritance,reuse and extend behavior from a base class in C++,,,,,,pending
v32,C++,C++ Programming: Variables and Data Types Explained,https://www.youtube.com/watch?v=nrNdn6lSQwE,polymorphism,use a common interface with different C++ object behaviors,,,,,,pending
v32,C++,C++ Programming: Variables and Data Types Explained,https://www.youtube.com/watch?v=nrNdn6lSQwE,template,define generic C++ functions or classes using templates,,,,,,pending
v33,C++,C++ POINTERS - Introduction to C++ pointers for beginners,https://www.youtube.com/watch?v=eNofmKYzje4,variable,store and manipulate data using variables in C++ programs,,,,,,pending
v33,C++,C++ POINTERS - Introduction to C++ pointers for beginners,https://www.youtube.com/watch?v=eNofmKYzje4,data type,define the type of values and variables using C++ data types,,,,,,pending
v33,C++,C++ POINTERS - Introduction to C++ pointers for beginners,https://www.youtube.com/watch?v=eNofmKYzje4,pointer,store and use memory addresses with C++ pointers,,,,,,pending
v33,C++,C++ POINTERS - Introduction to C++ pointers for beginners,https://www.youtube.com/watch?v=eNofmKYzje4,reference,refer to an existing C++ object or variable using a reference,,,,,,pending
v33,C++,C++ POINTERS - Introduction to C++ pointers for beginners,https://www.youtube.com/watch?v=eNofmKYzje4,class,define data and behavior using a C++ class,,,,,,pending
v33,C++,C++ POINTERS - Introduction to C++ pointers for beginners,https://www.youtube.com/watch?v=eNofmKYzje4,object,create and use an instance of a C++ class,,,,,,pending
v33,C++,C++ POINTERS - Introduction to C++ pointers for beginners,https://www.youtube.com/watch?v=eNofmKYzje4,constructor,initialize C++ objects using a class constructor,,,,,,pending
v33,C++,C++ POINTERS - Introduction to C++ pointers for beginners,https://www.youtube.com/watch?v=eNofmKYzje4,inheritance,reuse and extend behavior from a base class in C++,,,,,,pending
v33,C++,C++ POINTERS - Introduction to C++ pointers for beginners,https://www.youtube.com/watch?v=eNofmKYzje4,polymorphism,use a common interface with different C++ object behaviors,,,,,,pending
v33,C++,C++ POINTERS - Introduction to C++ pointers for beginners,https://www.youtube.com/watch?v=eNofmKYzje4,template,define generic C++ functions or classes using templates,,,,,,pending
v34,C++,REFERENCES in C++,https://www.youtube.com/watch?v=IzoFn3dfsPA,variable,store and manipulate data using variables in C++ programs,,,,,,pending
v34,C++,REFERENCES in C++,https://www.youtube.com/watch?v=IzoFn3dfsPA,data type,define the type of values and variables using C++ data types,,,,,,pending
v34,C++,REFERENCES in C++,https://www.youtube.com/watch?v=IzoFn3dfsPA,pointer,store and use memory addresses with C++ pointers,,,,,,pending
v34,C++,REFERENCES in C++,https://www.youtube.com/watch?v=IzoFn3dfsPA,reference,refer to an existing C++ object or variable using a reference,,,,,,pending
v34,C++,REFERENCES in C++,https://www.youtube.com/watch?v=IzoFn3dfsPA,class,define data and behavior using a C++ class,,,,,,pending
v34,C++,REFERENCES in C++,https://www.youtube.com/watch?v=IzoFn3dfsPA,object,create and use an instance of a C++ class,,,,,,pending
v34,C++,REFERENCES in C++,https://www.youtube.com/watch?v=IzoFn3dfsPA,constructor,initialize C++ objects using a class constructor,,,,,,pending
v34,C++,REFERENCES in C++,https://www.youtube.com/watch?v=IzoFn3dfsPA,inheritance,reuse and extend behavior from a base class in C++,,,,,,pending
v34,C++,REFERENCES in C++,https://www.youtube.com/watch?v=IzoFn3dfsPA,polymorphism,use a common interface with different C++ object behaviors,,,,,,pending
v34,C++,REFERENCES in C++,https://www.youtube.com/watch?v=IzoFn3dfsPA,template,define generic C++ functions or classes using templates,,,,,,pending
v35,C++,C++ Reference Variable | C++ Pointers vs References Explained,https://www.youtube.com/watch?v=LTXFr_RJE6M,variable,store and manipulate data using variables in C++ programs,,,,,,pending
v35,C++,C++ Reference Variable | C++ Pointers vs References Explained,https://www.youtube.com/watch?v=LTXFr_RJE6M,data type,define the type of values and variables using C++ data types,,,,,,pending
v35,C++,C++ Reference Variable | C++ Pointers vs References Explained,https://www.youtube.com/watch?v=LTXFr_RJE6M,pointer,store and use memory addresses with C++ pointers,,,,,,pending
v35,C++,C++ Reference Variable | C++ Pointers vs References Explained,https://www.youtube.com/watch?v=LTXFr_RJE6M,reference,refer to an existing C++ object or variable using a reference,,,,,,pending
v35,C++,C++ Reference Variable | C++ Pointers vs References Explained,https://www.youtube.com/watch?v=LTXFr_RJE6M,class,define data and behavior using a C++ class,,,,,,pending
v35,C++,C++ Reference Variable | C++ Pointers vs References Explained,https://www.youtube.com/watch?v=LTXFr_RJE6M,object,create and use an instance of a C++ class,,,,,,pending
v35,C++,C++ Reference Variable | C++ Pointers vs References Explained,https://www.youtube.com/watch?v=LTXFr_RJE6M,constructor,initialize C++ objects using a class constructor,,,,,,pending
v35,C++,C++ Reference Variable | C++ Pointers vs References Explained,https://www.youtube.com/watch?v=LTXFr_RJE6M,inheritance,reuse and extend behavior from a base class in C++,,,,,,pending
v35,C++,C++ Reference Variable | C++ Pointers vs References Explained,https://www.youtube.com/watch?v=LTXFr_RJE6M,polymorphism,use a common interface with different C++ object behaviors,,,,,,pending
v35,C++,C++ Reference Variable | C++ Pointers vs References Explained,https://www.youtube.com/watch?v=LTXFr_RJE6M,template,define generic C++ functions or classes using templates,,,,,,pending
v36,C++,C++ OOP - Introduction to classes and objects for beginners,https://www.youtube.com/watch?v=iVLQeWbgbXs,variable,store and manipulate data using variables in C++ programs,,,,,,pending
v36,C++,C++ OOP - Introduction to classes and objects for beginners,https://www.youtube.com/watch?v=iVLQeWbgbXs,data type,define the type of values and variables using C++ data types,,,,,,pending
v36,C++,C++ OOP - Introduction to classes and objects for beginners,https://www.youtube.com/watch?v=iVLQeWbgbXs,pointer,store and use memory addresses with C++ pointers,,,,,,pending
v36,C++,C++ OOP - Introduction to classes and objects for beginners,https://www.youtube.com/watch?v=iVLQeWbgbXs,reference,refer to an existing C++ object or variable using a reference,,,,,,pending
v36,C++,C++ OOP - Introduction to classes and objects for beginners,https://www.youtube.com/watch?v=iVLQeWbgbXs,class,define data and behavior using a C++ class,,,,,,pending
v36,C++,C++ OOP - Introduction to classes and objects for beginners,https://www.youtube.com/watch?v=iVLQeWbgbXs,object,create and use an instance of a C++ class,,,,,,pending
v36,C++,C++ OOP - Introduction to classes and objects for beginners,https://www.youtube.com/watch?v=iVLQeWbgbXs,constructor,initialize C++ objects using a class constructor,,,,,,pending
v36,C++,C++ OOP - Introduction to classes and objects for beginners,https://www.youtube.com/watch?v=iVLQeWbgbXs,inheritance,reuse and extend behavior from a base class in C++,,,,,,pending
v36,C++,C++ OOP - Introduction to classes and objects for beginners,https://www.youtube.com/watch?v=iVLQeWbgbXs,polymorphism,use a common interface with different C++ object behaviors,,,,,,pending
v36,C++,C++ OOP - Introduction to classes and objects for beginners,https://www.youtube.com/watch?v=iVLQeWbgbXs,template,define generic C++ functions or classes using templates,,,,,,pending
v37,C++,C++ CONSTRUCTORS explained easy,https://www.youtube.com/watch?v=5z3KEX9AZEQ,variable,store and manipulate data using variables in C++ programs,,,,,,pending
v37,C++,C++ CONSTRUCTORS explained easy,https://www.youtube.com/watch?v=5z3KEX9AZEQ,data type,define the type of values and variables using C++ data types,,,,,,pending
v37,C++,C++ CONSTRUCTORS explained easy,https://www.youtube.com/watch?v=5z3KEX9AZEQ,pointer,store and use memory addresses with C++ pointers,,,,,,pending
v37,C++,C++ CONSTRUCTORS explained easy,https://www.youtube.com/watch?v=5z3KEX9AZEQ,reference,refer to an existing C++ object or variable using a reference,,,,,,pending
v37,C++,C++ CONSTRUCTORS explained easy,https://www.youtube.com/watch?v=5z3KEX9AZEQ,class,define data and behavior using a C++ class,,,,,,pending
v37,C++,C++ CONSTRUCTORS explained easy,https://www.youtube.com/watch?v=5z3KEX9AZEQ,object,create and use an instance of a C++ class,,,,,,pending
v37,C++,C++ CONSTRUCTORS explained easy,https://www.youtube.com/watch?v=5z3KEX9AZEQ,constructor,initialize C++ objects using a class constructor,,,,,,pending
v37,C++,C++ CONSTRUCTORS explained easy,https://www.youtube.com/watch?v=5z3KEX9AZEQ,inheritance,reuse and extend behavior from a base class in C++,,,,,,pending
v37,C++,C++ CONSTRUCTORS explained easy,https://www.youtube.com/watch?v=5z3KEX9AZEQ,polymorphism,use a common interface with different C++ object behaviors,,,,,,pending
v37,C++,C++ CONSTRUCTORS explained easy,https://www.youtube.com/watch?v=5z3KEX9AZEQ,template,define generic C++ functions or classes using templates,,,,,,pending
v38,C++,Inheritance in C++,https://www.youtube.com/watch?v=X8nYM8wdNRE,variable,store and manipulate data using variables in C++ programs,,,,,,pending
v38,C++,Inheritance in C++,https://www.youtube.com/watch?v=X8nYM8wdNRE,data type,define the type of values and variables using C++ data types,,,,,,pending
v38,C++,Inheritance in C++,https://www.youtube.com/watch?v=X8nYM8wdNRE,pointer,store and use memory addresses with C++ pointers,,,,,,pending
v38,C++,Inheritance in C++,https://www.youtube.com/watch?v=X8nYM8wdNRE,reference,refer to an existing C++ object or variable using a reference,,,,,,pending
v38,C++,Inheritance in C++,https://www.youtube.com/watch?v=X8nYM8wdNRE,class,define data and behavior using a C++ class,,,,,,pending
v38,C++,Inheritance in C++,https://www.youtube.com/watch?v=X8nYM8wdNRE,object,create and use an instance of a C++ class,,,,,,pending
v38,C++,Inheritance in C++,https://www.youtube.com/watch?v=X8nYM8wdNRE,constructor,initialize C++ objects using a class constructor,,,,,,pending
v38,C++,Inheritance in C++,https://www.youtube.com/watch?v=X8nYM8wdNRE,inheritance,reuse and extend behavior from a base class in C++,,,,,,pending
v38,C++,Inheritance in C++,https://www.youtube.com/watch?v=X8nYM8wdNRE,polymorphism,use a common interface with different C++ object behaviors,,,,,,pending
v38,C++,Inheritance in C++,https://www.youtube.com/watch?v=X8nYM8wdNRE,template,define generic C++ functions or classes using templates,,,,,,pending
v39,C++,"Inheritance, Poly Morphism | Introduction | CPP OOPS",https://www.youtube.com/watch?v=zsqhrxlp-Fo,variable,store and manipulate data using variables in C++ programs,,,,,,pending
v39,C++,"Inheritance, Poly Morphism | Introduction | CPP OOPS",https://www.youtube.com/watch?v=zsqhrxlp-Fo,data type,define the type of values and variables using C++ data types,,,,,,pending
v39,C++,"Inheritance, Poly Morphism | Introduction | CPP OOPS",https://www.youtube.com/watch?v=zsqhrxlp-Fo,pointer,store and use memory addresses with C++ pointers,,,,,,pending
v39,C++,"Inheritance, Poly Morphism | Introduction | CPP OOPS",https://www.youtube.com/watch?v=zsqhrxlp-Fo,reference,refer to an existing C++ object or variable using a reference,,,,,,pending
v39,C++,"Inheritance, Poly Morphism | Introduction | CPP OOPS",https://www.youtube.com/watch?v=zsqhrxlp-Fo,class,define data and behavior using a C++ class,,,,,,pending
v39,C++,"Inheritance, Poly Morphism | Introduction | CPP OOPS",https://www.youtube.com/watch?v=zsqhrxlp-Fo,object,create and use an instance of a C++ class,,,,,,pending
v39,C++,"Inheritance, Poly Morphism | Introduction | CPP OOPS",https://www.youtube.com/watch?v=zsqhrxlp-Fo,constructor,initialize C++ objects using a class constructor,,,,,,pending
v39,C++,"Inheritance, Poly Morphism | Introduction | CPP OOPS",https://www.youtube.com/watch?v=zsqhrxlp-Fo,inheritance,reuse and extend behavior from a base class in C++,,,,,,pending
v39,C++,"Inheritance, Poly Morphism | Introduction | CPP OOPS",https://www.youtube.com/watch?v=zsqhrxlp-Fo,polymorphism,use a common interface with different C++ object behaviors,,,,,,pending
v39,C++,"Inheritance, Poly Morphism | Introduction | CPP OOPS",https://www.youtube.com/watch?v=zsqhrxlp-Fo,template,define generic C++ functions or classes using templates,,,,,,pending
v40,C++,Templates in C++,https://www.youtube.com/watch?v=I-hZkUa9mIs,variable,store and manipulate data using variables in C++ programs,,,,,,pending
v40,C++,Templates in C++,https://www.youtube.com/watch?v=I-hZkUa9mIs,data type,define the type of values and variables using C++ data types,,,,,,pending
v40,C++,Templates in C++,https://www.youtube.com/watch?v=I-hZkUa9mIs,pointer,store and use memory addresses with C++ pointers,,,,,,pending
v40,C++,Templates in C++,https://www.youtube.com/watch?v=I-hZkUa9mIs,reference,refer to an existing C++ object or variable using a reference,,,,,,pending
v40,C++,Templates in C++,https://www.youtube.com/watch?v=I-hZkUa9mIs,class,define data and behavior using a C++ class,,,,,,pending
v40,C++,Templates in C++,https://www.youtube.com/watch?v=I-hZkUa9mIs,object,create and use an instance of a C++ class,,,,,,pending
v40,C++,Templates in C++,https://www.youtube.com/watch?v=I-hZkUa9mIs,constructor,initialize C++ objects using a class constructor,,,,,,pending
v40,C++,Templates in C++,https://www.youtube.com/watch?v=I-hZkUa9mIs,inheritance,reuse and extend behavior from a base class in C++,,,,,,pending
v40,C++,Templates in C++,https://www.youtube.com/watch?v=I-hZkUa9mIs,polymorphism,use a common interface with different C++ object behaviors,,,,,,pending
v40,C++,Templates in C++,https://www.youtube.com/watch?v=I-hZkUa9mIs,template,define generic C++ functions or classes using templates,,,,,,pending
