video_id,timestamp_sec,reason,summary_file
v10,300,status_failed,C:\NCKH\VIDEO_LEARNING_RESEARCH\module1\results\ocr_best_integration\keyframe_summaries\v10.csv
v10,360,status_failed,C:\NCKH\VIDEO_LEARNING_RESEARCH\module1\results\ocr_best_integration\keyframe_summaries\v10.csv
v10,1080,status_failed,C:\NCKH\VIDEO_LEARNING_RESEARCH\module1\results\ocr_best_integration\keyframe_summaries\v10.csv
v13,300,status_failed,C:\NCKH\VIDEO_LEARNING_RESEARCH\module1\results\ocr_best_integration\keyframe_summaries\v13.csv
v13,540,status_failed,C:\NCKH\VIDEO_LEARNING_RESEARCH\module1\results\ocr_best_integration\keyframe_summaries\v13.csv
v13,600,status_failed,C:\NCKH\VIDEO_LEARNING_RESEARCH\module1\results\ocr_best_integration\keyframe_summaries\v13.csv
v13,840,status_failed,C:\NCKH\VIDEO_LEARNING_RESEARCH\module1\results\ocr_best_integration\keyframe_summaries\v13.csv
v13,900,status_failed,C:\NCKH\VIDEO_LEARNING_RESEARCH\module1\results\ocr_best_integration\keyframe_summaries\v13.csv
v13,910,status_failed,C:\NCKH\VIDEO_LEARNING_RESEARCH\module1\results\ocr_best_integration\keyframe_summaries\v13.csv
v14,180,status_failed,C:\NCKH\VIDEO_LEARNING_RESEARCH\module1\results\ocr_best_integration\keyframe_summaries\v14.csv
v15,60,status_failed,C:\NCKH\VIDEO_LEARNING_RESEARCH\module1\results\ocr_best_integration\keyframe_summaries\v15.csv
v15,420,status_failed,C:\NCKH\VIDEO_LEARNING_RESEARCH\module1\results\ocr_best_integration\keyframe_summaries\v15.csv
v15,480,status_failed,C:\NCKH\VIDEO_LEARNING_RESEARCH\module1\results\ocr_best_integration\keyframe_summaries\v15.csv
v16,120,status_failed,C:\NCKH\VIDEO_LEARNING_RESEARCH\module1\results\ocr_best_integration\keyframe_summaries\v16.csv
v16,180,status_failed,C:\NCKH\VIDEO_LEARNING_RESEARCH\module1\results\ocr_best_integration\keyframe_summaries\v16.csv
v16,300,status_failed,C:\NCKH\VIDEO_LEARNING_RESEARCH\module1\results\ocr_best_integration\keyframe_summaries\v16.csv
v17,200,status_failed,C:\NCKH\VIDEO_LEARNING_RESEARCH\module1\results\ocr_best_integration\keyframe_summaries\v17.csv
v17,260,status_failed,C:\NCKH\VIDEO_LEARNING_RESEARCH\module1\results\ocr_best_integration\keyframe_summaries\v17.csv
v19,240,status_failed,C:\NCKH\VIDEO_LEARNING_RESEARCH\module1\results\ocr_best_integration\keyframe_summaries\v19.csv
v19,420,status_failed,C:\NCKH\VIDEO_LEARNING_RESEARCH\module1\results\ocr_best_integration\keyframe_summaries\v19.csv
v19,540,status_failed,C:\NCKH\VIDEO_LEARNING_RESEARCH\module1\results\ocr_best_integration\keyframe_summaries\v19.csv
v20,360,status_failed,C:\NCKH\VIDEO_LEARNING_RESEARCH\module1\results\ocr_best_integration\keyframe_summaries\v20.csv
v20,370,status_failed,C:\NCKH\VIDEO_LEARNING_RESEARCH\module1\results\ocr_best_integration\keyframe_summaries\v20.csv
v20,1030,status_failed,C:\NCKH\VIDEO_LEARNING_RESEARCH\module1\results\ocr_best_integration\keyframe_summaries\v20.csv
v21,180,status_failed,C:\NCKH\VIDEO_LEARNING_RESEARCH\module1\results\ocr_best_integration\keyframe_summaries\v21.csv
v21,360,status_failed,C:\NCKH\VIDEO_LEARNING_RESEARCH\module1\results\ocr_best_integration\keyframe_summaries\v21.csv
v21,900,status_failed,C:\NCKH\VIDEO_LEARNING_RESEARCH\module1\results\ocr_best_integration\keyframe_summaries\v21.csv
v21,960,status_failed,C:\NCKH\VIDEO_LEARNING_RESEARCH\module1\results\ocr_best_integration\keyframe_summaries\v21.csv
v21,1080,status_failed,C:\NCKH\VIDEO_LEARNING_RESEARCH\module1\results\ocr_best_integration\keyframe_summaries\v21.csv
v21,1260,status_failed,C:\NCKH\VIDEO_LEARNING_RESEARCH\module1\results\ocr_best_integration\keyframe_summaries\v21.csv
v21,1330,status_failed,C:\NCKH\VIDEO_LEARNING_RESEARCH\module1\results\ocr_best_integration\keyframe_summaries\v21.csv
v21,1510,status_failed,C:\NCKH\VIDEO_LEARNING_RESEARCH\module1\results\ocr_best_integration\keyframe_summaries\v21.csv
v23,180,status_failed,C:\NCKH\VIDEO_LEARNING_RESEARCH\module1\results\ocr_best_integration\keyframe_summaries\v23.csv
v23,600,status_failed,C:\NCKH\VIDEO_LEARNING_RESEARCH\module1\results\ocr_best_integration\keyframe_summaries\v23.csv
v23,670,status_failed,C:\NCKH\VIDEO_LEARNING_RESEARCH\module1\results\ocr_best_integration\keyframe_summaries\v23.csv
v23,1810,status_failed,C:\NCKH\VIDEO_LEARNING_RESEARCH\module1\results\ocr_best_integration\keyframe_summaries\v23.csv
v24,60,status_failed,C:\NCKH\VIDEO_LEARNING_RESEARCH\module1\results\ocr_best_integration\keyframe_summaries\v24.csv
v24,180,status_failed,C:\NCKH\VIDEO_LEARNING_RESEARCH\module1\results\ocr_best_integration\keyframe_summaries\v24.csv
v24,480,status_failed,C:\NCKH\VIDEO_LEARNING_RESEARCH\module1\results\ocr_best_integration\keyframe_summaries\v24.csv
v24,540,status_failed,C:\NCKH\VIDEO_LEARNING_RESEARCH\module1\results\ocr_best_integration\keyframe_summaries\v24.csv
v25,120,status_failed,C:\NCKH\VIDEO_LEARNING_RESEARCH\module1\results\ocr_best_integration\keyframe_summaries\v25.csv
v25,240,status_failed,C:\NCKH\VIDEO_LEARNING_RESEARCH\module1\results\ocr_best_integration\keyframe_summaries\v25.csv
v25,360,status_failed,C:\NCKH\VIDEO_LEARNING_RESEARCH\module1\results\ocr_best_integration\keyframe_summaries\v25.csv
v25,370,status_failed,C:\NCKH\VIDEO_LEARNING_RESEARCH\module1\results\ocr_best_integration\keyframe_summaries\v25.csv
v26,120,status_failed,C:\NCKH\VIDEO_LEARNING_RESEARCH\module1\results\ocr_best_integration\keyframe_summaries\v26.csv
v26,180,status_failed,C:\NCKH\VIDEO_LEARNING_RESEARCH\module1\results\ocr_best_integration\keyframe_summaries\v26.csv
v27,300,status_failed,C:\NCKH\VIDEO_LEARNING_RESEARCH\module1\results\ocr_best_integration\keyframe_summaries\v27.csv
v27,360,status_failed,C:\NCKH\VIDEO_LEARNING_RESEARCH\module1\results\ocr_best_integration\keyframe_summaries\v27.csv
v28,120,status_failed,C:\NCKH\VIDEO_LEARNING_RESEARCH\module1\results\ocr_best_integration\keyframe_summaries\v28.csv
v28,480,status_failed,C:\NCKH\VIDEO_LEARNING_RESEARCH\module1\results\ocr_best_integration\keyframe_summaries\v28.csv
v29,120,status_failed,C:\NCKH\VIDEO_LEARNING_RESEARCH\module1\results\ocr_best_integration\keyframe_summaries\v29.csv
v29,240,status_failed,C:\NCKH\VIDEO_LEARNING_RESEARCH\module1\results\ocr_best_integration\keyframe_summaries\v29.csv
v30,120,status_failed,C:\NCKH\VIDEO_LEARNING_RESEARCH\module1\results\ocr_best_integration\keyframe_summaries\v30.csv
v31,120,status_failed,C:\NCKH\VIDEO_LEARNING_RESEARCH\module1\results\ocr_best_integration\keyframe_summaries\v31.csv
v31,780,status_failed,C:\NCKH\VIDEO_LEARNING_RESEARCH\module1\results\ocr_best_integration\keyframe_summaries\v31.csv
v31,900,status_failed,C:\NCKH\VIDEO_LEARNING_RESEARCH\module1\results\ocr_best_integration\keyframe_summaries\v31.csv
v31,960,status_failed,C:\NCKH\VIDEO_LEARNING_RESEARCH\module1\results\ocr_best_integration\keyframe_summaries\v31.csv
v31,1020,status_failed,C:\NCKH\VIDEO_LEARNING_RESEARCH\module1\results\ocr_best_integration\keyframe_summaries\v31.csv
v31,1080,status_failed,C:\NCKH\VIDEO_LEARNING_RESEARCH\module1\results\ocr_best_integration\keyframe_summaries\v31.csv
v31,1140,status_failed,C:\NCKH\VIDEO_LEARNING_RESEARCH\module1\results\ocr_best_integration\keyframe_summaries\v31.csv
v31,1380,status_failed,C:\NCKH\VIDEO_LEARNING_RESEARCH\module1\results\ocr_best_integration\keyframe_summaries\v31.csv
v31,1560,status_failed,C:\NCKH\VIDEO_LEARNING_RESEARCH\module1\results\ocr_best_integration\keyframe_summaries\v31.csv
v31,1860,status_failed,C:\NCKH\VIDEO_LEARNING_RESEARCH\module1\results\ocr_best_integration\keyframe_summaries\v31.csv
v31,2100,status_failed,C:\NCKH\VIDEO_LEARNING_RESEARCH\module1\results\ocr_best_integration\keyframe_summaries\v31.csv
v32,240,status_failed,C:\NCKH\VIDEO_LEARNING_RESEARCH\module1\results\ocr_best_integration\keyframe_summaries\v32.csv
v32,360,status_failed,C:\NCKH\VIDEO_LEARNING_RESEARCH\module1\results\ocr_best_integration\keyframe_summaries\v32.csv
v32,600,status_failed,C:\NCKH\VIDEO_LEARNING_RESEARCH\module1\results\ocr_best_integration\keyframe_summaries\v32.csv
v33,60,status_failed,C:\NCKH\VIDEO_LEARNING_RESEARCH\module1\results\ocr_best_integration\keyframe_summaries\v33.csv
v33,120,status_failed,C:\NCKH\VIDEO_LEARNING_RESEARCH\module1\results\ocr_best_integration\keyframe_summaries\v33.csv
v33,240,status_failed,C:\NCKH\VIDEO_LEARNING_RESEARCH\module1\results\ocr_best_integration\keyframe_summaries\v33.csv
v33,420,status_failed,C:\NCKH\VIDEO_LEARNING_RESEARCH\module1\results\ocr_best_integration\keyframe_summaries\v33.csv
v33,600,status_failed,C:\NCKH\VIDEO_LEARNING_RESEARCH\module1\results\ocr_best_integration\keyframe_summaries\v33.csv
v34,60,status_failed,C:\NCKH\VIDEO_LEARNING_RESEARCH\module1\results\ocr_best_integration\keyframe_summaries\v34.csv
v34,300,status_failed,C:\NCKH\VIDEO_LEARNING_RESEARCH\module1\results\ocr_best_integration\keyframe_summaries\v34.csv
v34,420,status_failed,C:\NCKH\VIDEO_LEARNING_RESEARCH\module1\results\ocr_best_integration\keyframe_summaries\v34.csv
v34,540,status_failed,C:\NCKH\VIDEO_LEARNING_RESEARCH\module1\results\ocr_best_integration\keyframe_summaries\v34.csv
v34,600,status_failed,C:\NCKH\VIDEO_LEARNING_RESEARCH\module1\results\ocr_best_integration\keyframe_summaries\v34.csv
v35,60,status_failed,C:\NCKH\VIDEO_LEARNING_RESEARCH\module1\results\ocr_best_integration\keyframe_summaries\v35.csv
v35,180,status_failed,C:\NCKH\VIDEO_LEARNING_RESEARCH\module1\results\ocr_best_integration\keyframe_summaries\v35.csv
v35,480,status_failed,C:\NCKH\VIDEO_LEARNING_RESEARCH\module1\results\ocr_best_integration\keyframe_summaries\v35.csv
v38,60,status_failed,C:\NCKH\VIDEO_LEARNING_RESEARCH\module1\results\ocr_best_integration\keyframe_summaries\v38.csv
v38,180,status_failed,C:\NCKH\VIDEO_LEARNING_RESEARCH\module1\results\ocr_best_integration\keyframe_summaries\v38.csv
v38,240,status_failed,C:\NCKH\VIDEO_LEARNING_RESEARCH\module1\results\ocr_best_integration\keyframe_summaries\v38.csv
v38,360,status_failed,C:\NCKH\VIDEO_LEARNING_RESEARCH\module1\results\ocr_best_integration\keyframe_summaries\v38.csv
v39,240,status_failed,C:\NCKH\VIDEO_LEARNING_RESEARCH\module1\results\ocr_best_integration\keyframe_summaries\v39.csv
v39,420,status_failed,C:\NCKH\VIDEO_LEARNING_RESEARCH\module1\results\ocr_best_integration\keyframe_summaries\v39.csv
v39,540,status_failed,C:\NCKH\VIDEO_LEARNING_RESEARCH\module1\results\ocr_best_integration\keyframe_summaries\v39.csv
