video_id,subject,frame_id,timestamp_sec,image_file,ocr_status,ocr_char_count,ocr_word_count,ocr_text_raw,ocr_text_clean,raw_word_count,clean_word_count,word_reduction_pct,ui_phrase_removals,ui_cluster_tokens_removed,ocr_corrections,long_numbers_removed,clean_status
v3,Java,1,10,C:\NCKH\VIDEO_LEARNING_RESEARCH\data\processed\ocr_best_integration\keyframes_full\v3\v3_00010s.png,success,24,11,"GC = ( ; ~. ed | : , 7 -",gc ed 7,11,3,72.73,0,0,0,0,useful
v18,Python,1,10,C:\NCKH\VIDEO_LEARNING_RESEARCH\data\processed\ocr_best_integration\keyframes_full\v18\v18_00010s.png,success,121,43,". a, . > - . Wy wt “ » 6 ~ * - x y. : : . . ™ ‘ ~~ ~ ~ —_ f ' - a . i."" & tg Wo @ Stinston2076 . Skip >| shipaton.com — -","a, wy wt 6 x y. _ f a i. tg wo stinston2076 skip",43,14,67.44,0,0,0,0,useful
v34,C++,0,0,C:\NCKH\VIDEO_LEARNING_RESEARCH\data\processed\ocr_best_integration\keyframes_full\v34\v34_00000s.png,success,57,24,"- sy © ' i. a ——— ¥ = = . . ' “ > ; ig* ’ hi mt "", 4 ys %",sy i. a ig* hi mt 4 ys,24,8,66.67,0,0,0,0,useful
v16,Python,4,40,C:\NCKH\VIDEO_LEARNING_RESEARCH\data\processed\ocr_best_integration\keyframes_full\v16\v16_00040s.png,success,67,18,o > >>> example = list() >>> example = [] >>> >>> primes = . > S -”,o example list( example primes s,18,6,66.67,0,0,0,0,useful
v16,Python,32,320,C:\NCKH\VIDEO_LEARNING_RESEARCH\data\processed\ocr_best_integration\keyframes_full\v16\v16_00320s.png,success,61,18,£ > | Next video... —- | ” ann ; — | | | ‘Socratica| i=] a -”,next video. ann socratica i= a,18,6,66.67,0,0,0,0,useful
v34,C++,53,530,C:\NCKH\VIDEO_LEARNING_RESEARCH\data\processed\ocr_best_integration\keyframes_full\v34\v34_00530s.png,success,34,15,nN | . = I : ‘ ~~ ’ ~*~ _ ys ; P =,nn i _ ys p,15,5,66.67,0,0,0,0,useful
v10,SQL,4,40,C:\NCKH\VIDEO_LEARNING_RESEARCH\data\processed\ocr_best_integration\keyframes_full\v10\v10_00040s.png,success,44,17,"— } Peo, be Hoving » + . = - aA) - \ j } ' 5","peo, be hoving aa) j 5",17,6,64.71,0,0,0,0,useful
v34,C++,5,50,C:\NCKH\VIDEO_LEARNING_RESEARCH\data\processed\ocr_best_integration\keyframes_full\v34\v34_00050s.png,success,86,39,"f * ' . pt . =o a = , 4 t - * = —-— a ——— As ; ; . ; ii ; 1 ‘ 7 _ / : a \ ’ ~ {* ‘ 4 |",f pt =o a 4 t a as ii 1 7 _ a 4,39,14,64.1,0,0,0,0,useful
v23,Java,38,380,C:\NCKH\VIDEO_LEARNING_RESEARCH\data\processed\ocr_best_integration\keyframes_full\v23\v23_00380s.png,success,22,11,", \ eh : | | a y ) | a",eh a y a,11,4,63.64,0,0,0,0,useful
v34,C++,18,180,C:\NCKH\VIDEO_LEARNING_RESEARCH\data\processed\ocr_best_integration\keyframes_full\v34\v34_00180s.png,success,39,19,"|"" , ' | . . 4 s) , L , r - . i P - 4 ;",4 s) l r i p 4,19,7,63.16,0,0,0,0,noise
v17,Python,30,300,C:\NCKH\VIDEO_LEARNING_RESEARCH\data\processed\ocr_best_integration\keyframes_full\v17\v17_00300s.png,success,56,27,"o x ~ le d \ iu \ { | t * / 4 / , = \ - } = / bi i } \ a",o x le d iu t 4 bi i a,27,10,62.96,0,0,0,0,useful
v34,C++,61,610,C:\NCKH\VIDEO_LEARNING_RESEARCH\data\processed\ocr_best_integration\keyframes_full\v34\v34_00610s.png,success,53,16,— | - . \ be : : WY @Thecherno — _ (0) /TheCneiao © |,be wy thecherno _ (0) /thecneiao,16,6,62.5,0,0,0,0,useful
v34,C++,1,10,C:\NCKH\VIDEO_LEARNING_RESEARCH\data\processed\ocr_best_integration\keyframes_full\v34\v34_00010s.png,success,43,21,7 | fee ~ & a = : o | 7 : . : q « ‘ r ; ‘ F,7 fee a o 7 q r f,21,8,61.9,0,0,0,0,useful
v34,C++,38,380,C:\NCKH\VIDEO_LEARNING_RESEARCH\data\processed\ocr_best_integration\keyframes_full\v34\v34_00380s.png,success,80,36,"a: are A . ae : La) =. 7 : a “ i é — * ; i ; . , "" a m7 : / : \ +) - : _ "" P a ™",a: are a ae la) 7 a i i a m7 _ p a,36,14,61.11,0,0,0,0,useful
v34,C++,21,210,C:\NCKH\VIDEO_LEARNING_RESEARCH\data\processed\ocr_best_integration\keyframes_full\v34\v34_00210s.png,success,41,18,— a] ly m7 | ) > ha) ys . 4 : . : ; A © ‘,a] ly m7 ha) ys 4 a,18,7,61.11,0,0,0,0,useful
v17,Python,0,0,C:\NCKH\VIDEO_LEARNING_RESEARCH\data\processed\ocr_best_integration\keyframes_full\v17\v17_00000s.png,success,74,30,"< » 6.) , \ — | & : \ } / eee... j Se a = , | | 2 ene i ! id « [ wh Ul »y)",6. eee. j se a 2 ene i id wh ul y),30,12,60.0,0,0,0,0,useful
v38,C++,4,40,C:\NCKH\VIDEO_LEARNING_RESEARCH\data\processed\ocr_best_integration\keyframes_full\v38\v38_00040s.png,success,47,20,"oY | "" %. Rh & “e ‘YS. t * = - a” | ~ j = > } y",oy rh e ys. t a j y,20,8,60.0,0,0,0,0,useful
v34,C++,19,190,C:\NCKH\VIDEO_LEARNING_RESEARCH\data\processed\ocr_best_integration\keyframes_full\v34\v34_00190s.png,success,33,15,"<ey . . \ t, y : . ’ Y ‘ 4 ’ Sf /","<ey t, y y 4 sf",15,6,60.0,0,0,0,0,useful
v8,SQL,101,1010,C:\NCKH\VIDEO_LEARNING_RESEARCH\data\processed\ocr_best_integration\keyframes_full\v8\v8_01010s.png,success,23,10,o : ph - “f ' >. . ~ ad,o ph f ad,10,4,60.0,0,0,0,0,useful
v16,Python,3,30,C:\NCKH\VIDEO_LEARNING_RESEARCH\data\processed\ocr_best_integration\keyframes_full\v16\v16_00030s.png,success,34,10,a > >>> example = list() >>> > a -,a example list( a,10,4,60.0,0,0,0,0,useful
