video_id,subject,total_frames,useful_frames,empty_frames,noise_frames,raw_words,clean_words,ui_phrase_removals,ui_cluster_tokens_removed,ocr_corrections,long_numbers_removed,word_reduction_pct
v1,SQL,74,74,0,0,21656,16483,268,84,3,39,23.89
v2,Python,89,89,0,0,5174,3731,312,0,0,0,27.89
v3,Java,42,42,0,0,2371,1562,0,329,0,0,34.12
v4,SQL,48,48,0,0,2928,1872,0,0,0,149,36.07
v5,Java,38,38,0,0,4235,2883,132,6,0,0,31.92
v6,SQL,43,43,0,0,746,681,0,0,0,0,8.71
v7,SQL,2,2,0,0,322,151,0,0,0,0,53.11
v8,SQL,106,98,3,5,25270,21015,0,98,0,3082,16.84
v9,SQL,70,70,0,0,3290,2225,0,0,0,92,32.37
v10,SQL,126,124,1,1,13900,9792,62,0,0,19,29.55
v11,SQL,3,3,0,0,118,106,0,0,0,0,10.17
v12,SQL,1,1,0,0,46,36,0,0,0,0,21.74
v13,SQL,101,97,2,2,8350,7373,0,0,0,74,11.7
v14,Python,62,62,0,0,1784,1464,0,0,0,66,17.94
v15,Python,55,44,10,1,647,573,0,0,0,3,11.44
v16,Python,35,33,0,2,1076,642,0,0,0,1,40.33
v17,Python,32,31,1,0,1358,1002,0,0,0,0,26.22
v18,Python,7,7,0,0,219,114,0,0,0,0,47.95
v19,Python,62,62,0,0,6149,4763,99,400,0,0,22.54
v20,Python,124,124,0,0,10830,7983,69,627,0,34,26.29
v21,Python,158,158,0,0,5598,4247,19,40,0,12,24.13
v22,Python,10,9,0,1,156,119,0,0,0,0,23.72
v23,Java,189,189,0,0,7955,6278,0,0,0,9,21.08
v24,Java,67,67,0,0,18037,15379,0,0,0,5,14.74
v25,Java,38,37,1,0,5118,3953,0,40,0,0,22.76
v26,Java,33,33,0,0,2372,2081,0,0,0,0,12.27
v27,Java,53,52,0,1,6634,5558,0,0,0,0,16.22
v28,Java,86,86,0,0,12848,9704,0,407,0,1,24.47
v29,Java,54,52,0,2,8017,6221,0,0,0,0,22.4
v30,Java,15,15,0,0,2059,1693,0,64,0,0,17.78
v31,C++,212,212,0,0,54645,41977,40,2072,0,455,23.18
v32,C++,69,68,0,1,3776,2721,0,0,0,74,27.94
v33,C++,67,67,0,0,14623,10854,0,655,0,47,25.77
v34,C++,62,61,0,1,7595,5738,0,234,0,18,24.45
v35,C++,50,50,0,0,4653,4069,1,240,0,1,12.55
v36,C++,1,1,0,0,49,27,0,0,0,0,44.9
v37,C++,7,7,0,0,207,113,0,0,0,0,45.41
v38,C++,48,38,5,5,1692,1319,0,0,0,0,22.04
v39,C++,58,58,0,0,4632,3666,0,570,0,3,20.85
v40,C++,1,1,0,0,61,34,0,0,0,0,44.26
