video_id,subject,total_frames,useful_frames,empty_frames,noise_frames,raw_words,clean_words,word_reduction_pct
v1,SQL,74,72,2,0,7008,6142,12.36
v2,Python,89,87,0,2,1905,1610,15.49
v3,Java,42,42,0,0,1988,1307,34.26
v4,SQL,48,48,0,0,2722,1906,29.98
v5,Java,38,38,0,0,1382,1151,16.71
v6,SQL,43,43,0,0,583,528,9.43
v7,SQL,2,2,0,0,250,107,57.2
v8,SQL,106,100,5,1,12139,10528,13.27
v9,SQL,70,69,0,1,2683,1889,29.59
v10,SQL,126,121,3,2,6204,4472,27.92
v11,SQL,3,3,0,0,104,98,5.77
v12,SQL,1,1,0,0,20,13,35.0
v13,SQL,101,95,6,0,3380,3000,11.24
v14,Python,62,59,3,0,990,859,13.23
v15,Python,55,40,15,0,489,462,5.52
v16,Python,35,34,0,1,946,633,33.09
v17,Python,32,30,1,1,1185,872,26.41
v18,Python,7,7,0,0,188,103,45.21
v19,Python,62,62,0,0,3678,3550,3.48
v20,Python,124,124,0,0,8616,6474,24.86
v21,Python,158,156,1,1,4791,3625,24.34
v22,Python,10,9,1,0,138,107,22.46
v23,Java,189,187,1,1,6015,4742,21.16
v24,Java,67,67,0,0,6487,5755,11.28
v25,Java,38,36,2,0,3327,2698,18.91
v26,Java,33,31,2,0,1187,1112,6.32
v27,Java,53,52,1,0,2000,1848,7.6
v28,Java,86,85,1,0,7201,5744,20.23
v29,Java,54,52,2,0,4889,3916,19.9
v30,Java,15,15,0,0,1340,1187,11.42
v31,C++,212,212,0,0,39824,32663,17.98
v32,C++,69,68,1,0,3423,2495,27.11
v33,C++,67,67,0,0,11615,9098,21.67
v34,C++,62,58,0,4,6037,4745,21.4
v35,C++,50,50,0,0,4112,3532,14.11
v36,C++,1,1,0,0,35,23,34.29
v37,C++,7,7,0,0,139,64,53.96
v38,C++,48,37,4,7,1232,983,20.21
v39,C++,58,58,0,0,3728,3432,7.94
v40,C++,1,1,0,0,31,17,45.16
