video_id,subject,total_frames,ocr_success,ocr_empty,ocr_failed,total_chars,total_words
v1,SQL,74,74,0,0,114457,21656
v2,Python,89,89,0,0,24941,5174
v3,Java,42,42,0,0,11273,2371
v4,SQL,48,48,0,0,13036,2928
v5,Java,38,38,0,0,20522,4235
v6,SQL,43,43,0,0,4564,746
v7,SQL,2,2,0,0,866,322
v8,SQL,106,103,3,0,153085,25270
v9,SQL,70,70,0,0,14966,3290
v10,SQL,126,125,1,0,62353,13900
v11,SQL,3,3,0,0,709,118
v12,SQL,1,1,0,0,160,46
v13,SQL,101,99,2,0,45354,8350
v14,Python,62,62,0,0,6887,1784
v15,Python,55,46,9,0,5253,647
v16,Python,35,35,0,0,4701,1076
v17,Python,32,31,1,0,6076,1358
v18,Python,7,7,0,0,680,219
v19,Python,62,62,0,0,33619,6149
v20,Python,124,124,0,0,62046,10830
v21,Python,158,158,0,0,23622,5598
v22,Python,10,10,0,0,740,156
v23,Java,189,189,0,0,42343,7955
v24,Java,67,67,0,0,89712,18037
v25,Java,38,37,1,0,26516,5118
v26,Java,33,33,0,0,13215,2372
v27,Java,53,53,0,0,34580,6634
v28,Java,86,86,0,0,65027,12848
v29,Java,54,54,0,0,42073,8017
v30,Java,15,15,0,0,12547,2059
v31,C++,212,212,0,0,296313,54645
v32,C++,69,69,0,0,21619,3776
v33,C++,67,67,0,0,72665,14623
v34,C++,62,62,0,0,36548,7595
v35,C++,50,50,0,0,24283,4653
v36,C++,1,1,0,0,138,49
v37,C++,7,7,0,0,621,207
v38,C++,48,45,3,0,6737,1692
v39,C++,58,58,0,0,24400,4632
v40,C++,1,1,0,0,191,61
