variant,video_id,subject,candidate_concepts,gt_positive,predicted_positive,tp,fp,fn,tn,precision,recall,f1,accuracy
old,v1,SQL,11,10,10,9,1,1,0,0.9,0.9,0.9,0.8181818181818182
old,v2,Python,9,7,8,7,1,0,1,0.875,1.0,0.9333333333333333,0.8888888888888888
old,v3,Java,9,9,8,8,0,1,0,1.0,0.8888888888888888,0.9411764705882353,0.8888888888888888
old,v4,SQL,11,6,7,5,2,1,3,0.7142857142857143,0.8333333333333334,0.7692307692307692,0.7272727272727273
old,v5,Java,9,8,9,8,1,0,0,0.8888888888888888,1.0,0.9411764705882353,0.8888888888888888
old,v6,SQL,11,6,6,5,1,1,4,0.8333333333333334,0.8333333333333334,0.8333333333333334,0.8181818181818182
old,v7,SQL,11,5,7,4,3,1,3,0.5714285714285714,0.8,0.6666666666666666,0.6363636363636364
old,v8,SQL,11,9,11,9,2,0,0,0.8181818181818182,1.0,0.9,0.8181818181818182
old,v9,SQL,11,2,8,2,6,0,3,0.25,1.0,0.4,0.45454545454545453
old,v10,SQL,11,4,8,4,4,0,3,0.5,1.0,0.6666666666666666,0.6363636363636364
old,v11,SQL,11,6,7,5,2,1,3,0.7142857142857143,0.8333333333333334,0.7692307692307692,0.7272727272727273
old,v12,SQL,11,4,10,4,6,0,1,0.4,1.0,0.5714285714285715,0.45454545454545453
old,v13,SQL,11,9,10,9,1,0,1,0.9,1.0,0.9473684210526316,0.9090909090909091
old,v14,Python,9,6,7,5,2,1,1,0.7142857142857143,0.8333333333333334,0.7692307692307692,0.6666666666666666
old,v15,Python,9,4,6,3,3,1,2,0.5,0.75,0.6,0.5555555555555556
old,v16,Python,9,2,5,2,3,0,4,0.4,1.0,0.5714285714285715,0.6666666666666666
old,v17,Python,9,4,5,3,2,1,3,0.6,0.75,0.6666666666666665,0.6666666666666666
old,v18,Python,9,3,7,2,5,1,1,0.2857142857142857,0.6666666666666666,0.4,0.3333333333333333
old,v19,Python,9,2,6,2,4,0,3,0.3333333333333333,1.0,0.5,0.5555555555555556
old,v20,Python,9,7,9,7,2,0,0,0.7777777777777778,1.0,0.8750000000000001,0.7777777777777778
old,v21,Python,9,1,8,1,7,0,1,0.125,1.0,0.2222222222222222,0.2222222222222222
old,v22,Python,9,1,2,1,1,0,7,0.5,1.0,0.6666666666666666,0.8888888888888888
old,v23,Java,9,3,9,3,6,0,0,0.3333333333333333,1.0,0.5,0.3333333333333333
old,v24,Java,9,1,9,1,8,0,0,0.1111111111111111,1.0,0.19999999999999998,0.1111111111111111
old,v25,Java,9,2,6,2,4,0,3,0.3333333333333333,1.0,0.5,0.5555555555555556
old,v26,Java,9,3,9,3,6,0,0,0.3333333333333333,1.0,0.5,0.3333333333333333
old,v27,Java,9,2,7,2,5,0,2,0.2857142857142857,1.0,0.4444444444444445,0.4444444444444444
old,v28,Java,9,2,9,2,7,0,0,0.2222222222222222,1.0,0.3636363636363636,0.2222222222222222
old,v29,Java,9,6,6,4,2,2,1,0.6666666666666666,0.6666666666666666,0.6666666666666666,0.5555555555555556
old,v30,Java,9,4,3,2,1,2,4,0.6666666666666666,0.5,0.5714285714285715,0.6666666666666666
old,v31,C++,10,2,10,2,8,0,0,0.2,1.0,0.33333333333333337,0.2
old,v32,C++,10,2,7,2,5,0,3,0.2857142857142857,1.0,0.4444444444444445,0.5
old,v33,C++,10,2,5,2,3,0,5,0.4,1.0,0.5714285714285715,0.7
old,v34,C++,10,1,7,1,6,0,3,0.14285714285714285,1.0,0.25,0.4
old,v35,C++,10,2,7,2,5,0,3,0.2857142857142857,1.0,0.4444444444444445,0.5
old,v36,C++,10,2,10,2,8,0,0,0.2,1.0,0.33333333333333337,0.2
old,v37,C++,10,1,6,1,5,0,4,0.16666666666666666,1.0,0.2857142857142857,0.5
old,v38,C++,10,1,6,1,5,0,4,0.16666666666666666,1.0,0.2857142857142857,0.5
old,v39,C++,10,1,8,1,7,0,2,0.125,1.0,0.2222222222222222,0.3
old,v40,C++,10,1,8,1,7,0,2,0.125,1.0,0.2222222222222222,0.3
