video_id,subject,concept,num_chunks,max_final_score,mean_final_score,top2_mean_score,top3_count,top3_ratio,top1_count,top1_ratio,max_lsa_score,max_lda_score,best_chunk_id,best_start_sec,best_end_sec,best_final_score,best_chunk_rank
v1,SQL,aggregate function,13,0.3099,0.1704,0.3023,0,0.0,0,0.0,0.1035,0.1285,12,720.0,780.0,0.3099,7
v1,SQL,count,13,0.5049,0.2807,0.4688,1,0.0769,0,0.0,0.2028,0.1621,12,720.0,780.0,0.5049,3
v1,SQL,group by,13,1.0,0.6123,1.0,7,0.5385,3,0.2308,0.4588,0.3231,7,420.0,480.0,1.0,1
v1,SQL,having,13,0.5817,0.2233,0.5047,1,0.0769,0,0.0,0.4443,0.0954,8,480.0,540.0,0.5817,2
v1,SQL,inner join,13,0.643,0.31,0.6424,3,0.2308,1,0.0769,0.5873,0.1075,5,300.0,360.0,0.643,2
v1,SQL,join,13,0.4219,0.1868,0.4037,0,0.0,0,0.0,0.3729,0.1136,4,240.0,300.0,0.4219,4
v1,SQL,left join,13,0.7775,0.4794,0.7731,7,0.5385,2,0.1538,0.5909,0.1969,6,360.0,420.0,0.7775,1
v1,SQL,order by,13,0.8085,0.5485,0.7833,8,0.6154,0,0.0,0.2991,0.2508,12,720.0,780.0,0.8085,2
v1,SQL,select,13,0.9021,0.6169,0.9011,8,0.6154,5,0.3846,0.4784,0.2769,9,540.0,600.0,0.9021,2
v1,SQL,subquery,13,0.9733,0.3713,0.8441,2,0.1538,2,0.1538,0.3497,0.1331,12,720.0,780.0,0.9733,1
v1,SQL,where,13,0.6778,0.3382,0.6169,2,0.1538,0,0.0,0.3394,0.1219,10,600.0,660.0,0.6778,2
v2,Python,break,15,0.7215,0.3203,0.7137,2,0.1333,0,0.0,0.4949,0.1411,4,240.0,300.0,0.7215,3
v2,Python,continue,15,0.747,0.3541,0.722,2,0.1333,0,0.0,0.51,0.1222,8,480.0,540.0,0.747,2
v2,Python,for,15,0.8893,0.5818,0.8851,10,0.6667,1,0.0667,0.4208,0.2731,14,840.0,900.0,0.8893,2
v2,Python,for loop,15,1.0,0.7533,1.0,14,0.9333,6,0.4,0.3848,0.316,0,0.0,60.0,1.0,1
v2,Python,index,15,0.1985,0.0572,0.1799,0,0.0,0,0.0,0.0298,0.0443,3,180.0,240.0,0.1985,8
v2,Python,iteration,15,0.6,0.2118,0.5272,0,0.0,0,0.0,0.3887,0.0308,3,180.0,240.0,0.6,4
v2,Python,list,15,0.6783,0.1986,0.497,1,0.0667,0,0.0,0.4287,0.0823,11,660.0,720.0,0.6783,2
v2,Python,nested loop,15,0.9411,0.5413,0.9006,6,0.4,2,0.1333,0.6886,0.2768,8,480.0,540.0,0.9411,1
v2,Python,range,15,0.9204,0.679,0.9203,10,0.6667,6,0.4,0.6647,0.2473,12,720.0,780.0,0.9204,1
v3,Java,abstract class,8,1.0,0.7651,1.0,7,0.875,5,0.625,0.7161,0.5743,0,0.0,60.0,1.0,1
v3,Java,abstract method,8,0.663,0.5015,0.663,4,0.5,0,0.0,0.7719,0.3616,4,240.0,300.0,0.663,3
v3,Java,class,8,0.7603,0.4634,0.6743,4,0.5,0,0.0,0.2456,0.5174,7,420.0,480.0,0.7603,2
v3,Java,extends,8,0.4507,0.2294,0.3963,0,0.0,0,0.0,0.2049,0.3776,7,420.0,480.0,0.4507,6
v3,Java,implements,8,0.8198,0.5046,0.7984,4,0.5,2,0.25,0.604,0.4593,5,300.0,360.0,0.8198,1
v3,Java,inheritance,8,0.662,0.191,0.4468,1,0.125,0,0.0,0.1333,0.3472,7,420.0,480.0,0.662,3
v3,Java,interface,8,0.4973,0.2388,0.4945,0,0.0,0,0.0,0.5085,0.3219,5,300.0,360.0,0.4973,4
v3,Java,method,8,0.8357,0.22,0.5212,1,0.125,1,0.125,0.1865,0.3565,7,420.0,480.0,0.8357,1
v3,Java,object,8,0.6661,0.4259,0.6319,3,0.375,0,0.0,0.2524,0.4968,6,360.0,420.0,0.6661,3
v4,SQL,aggregate function,8,0.6631,0.2745,0.5032,1,0.125,1,0.125,0.4608,0.1642,7,420.0,480.0,0.6631,1
v4,SQL,count,8,0.6962,0.5086,0.6895,4,0.5,0,0.0,0.4947,0.2,6,360.0,420.0,0.6962,2
v4,SQL,group by,8,1.0,0.9404,1.0,8,1.0,7,0.875,0.7305,0.4248,0,0.0,60.0,1.0,1
v4,SQL,having,8,0.4811,0.2186,0.4142,1,0.125,0,0.0,0.3699,0.1288,4,240.0,300.0,0.4811,3
v4,SQL,inner join,8,0.1327,0.0643,0.1215,0,0.0,0,0.0,0.0661,0.1402,1,60.0,120.0,0.1327,8
v4,SQL,join,8,0.2574,0.1318,0.2354,0,0.0,0,0.0,0.2128,0.1534,1,60.0,120.0,0.2574,7
v4,SQL,left join,8,0.4488,0.3692,0.4378,1,0.125,0,0.0,0.2367,0.2644,3,180.0,240.0,0.4488,5
v4,SQL,order by,8,0.485,0.4063,0.4727,3,0.375,0,0.0,0.189,0.322,4,240.0,300.0,0.485,2
v4,SQL,select,8,0.524,0.4169,0.5022,5,0.625,0,0.0,0.1437,0.3709,0,0.0,60.0,0.524,2
v4,SQL,subquery,8,0.1209,0.0856,0.1179,0,0.0,0,0.0,0.0498,0.1628,7,420.0,480.0,0.1209,9
v4,SQL,where,8,0.3987,0.2192,0.3896,1,0.125,0,0.0,0.3506,0.1557,0,0.0,60.0,0.3987,5
v5,Java,abstract class,7,1.0,0.753,0.9899,6,0.8571,4,0.5714,0.4856,0.5731,6,360.0,420.0,1.0,1
v5,Java,abstract method,7,0.663,0.5197,0.663,5,0.7143,2,0.2857,0.4437,0.3608,1,60.0,120.0,0.663,3
v5,Java,class,7,0.7731,0.4995,0.7576,2,0.2857,0,0.0,0.3947,0.5164,6,360.0,420.0,0.7731,2
v5,Java,extends,7,0.5463,0.2179,0.4537,0,0.0,0,0.0,0.4132,0.3768,0,0.0,60.0,0.5463,6
v5,Java,implements,7,0.8179,0.6251,0.7899,6,0.8571,1,0.1429,0.5151,0.4584,0,0.0,60.0,0.8179,2
v5,Java,inheritance,7,0.4118,0.1997,0.4118,0,0.0,0,0.0,0.3513,0.3465,0,0.0,60.0,0.4118,7
v5,Java,interface,7,0.6,0.4261,0.5885,1,0.1429,0,0.0,0.4986,0.3212,3,180.0,240.0,0.6,2
v5,Java,method,7,0.5657,0.3588,0.496,1,0.1429,0,0.0,0.3369,0.3558,6,360.0,420.0,0.5657,3
v5,Java,object,7,0.687,0.441,0.5837,0,0.0,0,0.0,0.3786,0.4958,0,0.0,60.0,0.687,4
v6,SQL,aggregate function,8,0.4103,0.2116,0.3609,0,0.0,0,0.0,0.3046,0.1638,7,420.0,480.0,0.4103,7
v6,SQL,count,8,0.4423,0.2682,0.3998,0,0.0,0,0.0,0.2868,0.1996,7,420.0,480.0,0.4423,6
v6,SQL,group by,8,1.0,0.787,1.0,7,0.875,3,0.375,0.5396,0.4239,4,240.0,300.0,1.0,1
v6,SQL,having,8,0.6,0.3214,0.5792,1,0.125,0,0.0,0.6059,0.1285,7,420.0,480.0,0.6,3
v6,SQL,inner join,8,0.0939,0.0402,0.0893,0,0.0,0,0.0,0.1472,0.1399,7,420.0,480.0,0.0939,9
v6,SQL,join,8,0.325,0.0818,0.1988,0,0.0,0,0.0,0.3194,0.153,0,0.0,60.0,0.325,6
v6,SQL,left join,8,0.2854,0.2271,0.2731,0,0.0,0,0.0,0.1625,0.2637,2,120.0,180.0,0.2854,6
v6,SQL,order by,8,0.8641,0.7137,0.8626,8,1.0,3,0.375,0.6517,0.3213,6,360.0,420.0,0.8641,1
v6,SQL,select,8,0.9242,0.7248,0.9242,7,0.875,2,0.25,0.8036,0.37,0,0.0,60.0,0.9242,1
v6,SQL,subquery,8,0.5042,0.1927,0.423,0,0.0,0,0.0,0.3653,0.1625,7,420.0,480.0,0.5042,5
v6,SQL,where,8,0.6364,0.2511,0.5667,1,0.125,0,0.0,0.4742,0.1554,2,120.0,180.0,0.6364,2
v7,SQL,aggregate function,9,0.3196,0.0969,0.221,0,0.0,0,0.0,0.28,0.1639,3,180.0,240.0,0.3196,6
v7,SQL,count,9,0.6963,0.331,0.5391,1,0.1111,1,0.1111,0.6333,0.1997,3,180.0,240.0,0.6963,1
v7,SQL,group by,9,0.8955,0.6707,0.8917,9,1.0,1,0.1111,0.3842,0.4242,7,420.0,480.0,0.8955,1
v7,SQL,having,9,0.1726,0.037,0.1177,0,0.0,0,0.0,0.0943,0.1286,1,60.0,120.0,0.1726,9
v7,SQL,inner join,9,0.1932,0.1158,0.1802,0,0.0,0,0.0,0.1652,0.14,7,420.0,480.0,0.1932,9
v7,SQL,join,9,0.4069,0.2461,0.3715,0,0.0,0,0.0,0.3035,0.1532,7,420.0,480.0,0.4069,7
v7,SQL,left join,9,0.5659,0.3851,0.5498,0,0.0,0,0.0,0.3651,0.2639,7,420.0,480.0,0.5659,4
v7,SQL,order by,9,0.8611,0.6212,0.861,8,0.8889,1,0.1111,0.7214,0.3215,6,360.0,420.0,0.8611,1
v7,SQL,select,9,0.9401,0.8192,0.9357,9,1.0,6,0.6667,0.8165,0.3702,1,60.0,120.0,0.9401,1
v7,SQL,subquery,9,0.5048,0.2916,0.4638,0,0.0,0,0.0,0.3518,0.1626,8,480.0,540.0,0.5048,4
v7,SQL,where,9,0.446,0.2779,0.4422,0,0.0,0,0.0,0.3039,0.1555,1,60.0,120.0,0.446,4
v8,SQL,aggregate function,18,0.5062,0.1906,0.4815,1,0.0556,0,0.0,0.233,0.1638,0,0.0,60.0,0.5062,6
v8,SQL,count,18,0.8422,0.3249,0.7259,1,0.0556,1,0.0556,0.2231,0.1996,17,1020.0,1080.0,0.8422,1
v8,SQL,group by,18,1.0,0.6671,0.9469,15,0.8333,4,0.2222,0.4179,0.4238,14,840.0,900.0,1.0,1
v8,SQL,having,18,0.6,0.1856,0.5927,1,0.0556,0,0.0,0.5736,0.1285,16,960.0,1020.0,0.6,3
v8,SQL,inner join,18,0.6178,0.2519,0.5986,1,0.0556,1,0.0556,0.3213,0.1399,12,720.0,780.0,0.6178,1
v8,SQL,join,18,0.6332,0.3256,0.5994,1,0.0556,0,0.0,0.4308,0.153,11,660.0,720.0,0.6332,4
v8,SQL,left join,18,0.7826,0.4003,0.7581,5,0.2778,1,0.0556,0.2337,0.2637,13,780.0,840.0,0.7826,2
v8,SQL,order by,18,0.87,0.5657,0.8662,11,0.6111,3,0.1667,0.6171,0.3213,10,600.0,660.0,0.87,1
v8,SQL,select,18,0.9269,0.6428,0.9267,13,0.7222,7,0.3889,0.6914,0.3699,5,300.0,360.0,0.9269,1
v8,SQL,subquery,18,0.6961,0.2649,0.6,1,0.0556,0,0.0,0.36,0.1625,17,1020.0,1080.0,0.6961,2
v8,SQL,where,18,0.6433,0.3057,0.6431,4,0.2222,1,0.0556,0.2829,0.1554,8,480.0,540.0,0.6433,2
v9,SQL,aggregate function,12,0.6633,0.5437,0.6619,9,0.75,3,0.25,0.7268,0.1641,11,660.0,720.0,0.6633,1
v9,SQL,count,12,0.6963,0.5997,0.6963,10,0.8333,5,0.4167,0.6265,0.2,4,240.0,300.0,0.6963,1
v9,SQL,group by,12,0.9723,0.5747,0.8577,8,0.6667,3,0.25,0.33,0.4248,1,60.0,120.0,0.9723,1
v9,SQL,having,12,0.243,0.0535,0.1876,0,0.0,0,0.0,0.2424,0.1288,2,120.0,180.0,0.243,6
v9,SQL,inner join,12,0.3413,0.0833,0.2491,0,0.0,0,0.0,0.1539,0.1402,1,60.0,120.0,0.3413,9
v9,SQL,join,12,0.5103,0.1696,0.4203,0,0.0,0,0.0,0.3142,0.1534,1,60.0,120.0,0.5103,5
v9,SQL,left join,12,0.4254,0.2781,0.4239,0,0.0,0,0.0,0.2578,0.2643,3,180.0,240.0,0.4254,4
v9,SQL,order by,12,0.5812,0.3689,0.5102,0,0.0,0,0.0,0.1104,0.322,1,60.0,120.0,0.5812,4
v9,SQL,select,12,0.7336,0.5173,0.7194,9,0.75,1,0.0833,0.3411,0.3708,1,60.0,120.0,0.7336,2
v9,SQL,subquery,12,0.4955,0.1917,0.4,0,0.0,0,0.0,0.1786,0.1628,1,60.0,120.0,0.4955,6
v9,SQL,where,12,0.3521,0.1272,0.3117,0,0.0,0,0.0,0.2503,0.1557,1,60.0,120.0,0.3521,8
v10,SQL,aggregate function,21,0.9059,0.3616,0.9029,7,0.3333,5,0.2381,0.3325,0.1533,12,720.0,780.0,0.9059,2
v10,SQL,count,21,0.5242,0.2459,0.4605,3,0.1429,0,0.0,0.2288,0.1872,9,540.0,600.0,0.5242,3
v10,SQL,group by,21,1.0,0.8387,1.0,19,0.9048,15,0.7143,0.7119,0.3975,1,60.0,120.0,1.0,1
v10,SQL,having,21,0.6,0.1853,0.5181,1,0.0476,0,0.0,0.2941,0.1202,15,900.0,960.0,0.6,2
v10,SQL,inner join,21,0.6507,0.1714,0.5776,1,0.0476,0,0.0,0.1245,0.1312,12,720.0,780.0,0.6507,4
v10,SQL,join,21,0.3537,0.1405,0.3112,0,0.0,0,0.0,0.2552,0.1436,7,420.0,480.0,0.3537,4
v10,SQL,left join,21,0.425,0.2551,0.4138,0,0.0,0,0.0,0.0943,0.2466,19,1140.0,1200.0,0.425,4
v10,SQL,order by,21,0.7176,0.4543,0.6433,19,0.9048,0,0.0,0.189,0.3017,12,720.0,780.0,0.7176,3
v10,SQL,select,21,0.9166,0.4678,0.8304,13,0.619,1,0.0476,0.5154,0.3464,0,0.0,60.0,0.9166,1
v10,SQL,subquery,21,0.3993,0.1658,0.3664,0,0.0,0,0.0,0.109,0.1541,12,720.0,780.0,0.3993,6
v10,SQL,where,21,0.2535,0.1532,0.2532,0,0.0,0,0.0,0.1997,0.1466,6,360.0,420.0,0.2535,6
v11,SQL,aggregate function,12,0.6478,0.3001,0.5569,2,0.1667,0,0.0,0.2193,0.1641,5,300.0,360.0,0.6478,2
v11,SQL,count,12,0.7033,0.2507,0.5808,1,0.0833,0,0.0,0.071,0.1999,11,660.0,720.0,0.7033,2
v11,SQL,group by,12,1.0,0.7165,1.0,7,0.5833,6,0.5,0.583,0.4246,4,240.0,300.0,1.0,1
v11,SQL,having,12,0.2591,0.102,0.2359,0,0.0,0,0.0,0.1375,0.1287,8,480.0,540.0,0.2591,6
v11,SQL,inner join,12,0.2296,0.0685,0.1861,0,0.0,0,0.0,0.0648,0.1401,5,300.0,360.0,0.2296,6
v11,SQL,join,12,0.3547,0.1279,0.2778,0,0.0,0,0.0,0.0992,0.1533,10,600.0,660.0,0.3547,9
v11,SQL,left join,12,0.7493,0.3568,0.6466,2,0.1667,0,0.0,0.1817,0.2642,10,600.0,660.0,0.7493,4
v11,SQL,order by,12,0.789,0.5502,0.7638,10,0.8333,0,0.0,0.1813,0.3218,10,600.0,660.0,0.789,3
v11,SQL,select,12,0.9271,0.7271,0.927,10,0.8333,6,0.5,0.354,0.3706,1,60.0,120.0,0.9271,1
v11,SQL,subquery,12,0.646,0.3628,0.646,4,0.3333,0,0.0,0.3378,0.1627,2,120.0,180.0,0.646,3
v11,SQL,where,12,0.4155,0.1962,0.3935,0,0.0,0,0.0,0.0863,0.1556,11,660.0,720.0,0.4155,6
v12,SQL,aggregate function,18,0.2753,0.1266,0.275,0,0.0,0,0.0,0.0555,0.1642,10,600.0,660.0,0.2753,8
v12,SQL,count,18,0.6963,0.232,0.6148,1,0.0556,0,0.0,0.0955,0.2,10,600.0,660.0,0.6963,3
v12,SQL,group by,18,1.0,0.5932,0.9329,14,0.7778,5,0.2778,0.1152,0.4249,11,660.0,720.0,1.0,1
v12,SQL,having,18,0.4624,0.118,0.4345,0,0.0,0,0.0,0.049,0.1288,10,600.0,660.0,0.4624,7
v12,SQL,inner join,18,0.6191,0.3592,0.6172,6,0.3333,2,0.1111,0.7157,0.1402,1,60.0,120.0,0.6191,1
v12,SQL,join,18,0.6333,0.3543,0.6333,4,0.2222,1,0.0556,0.5163,0.1534,3,180.0,240.0,0.6333,3
v12,SQL,left join,18,0.7832,0.6161,0.7832,13,0.7222,7,0.3889,0.8243,0.2644,8,480.0,540.0,0.7832,1
v12,SQL,order by,18,0.6938,0.4257,0.6901,3,0.1667,0,0.0,0.0856,0.322,4,240.0,300.0,0.6938,2
v12,SQL,select,18,0.9271,0.5955,0.9271,12,0.6667,3,0.1667,0.2715,0.3709,2,120.0,180.0,0.9271,1
v12,SQL,subquery,18,0.4727,0.168,0.4438,0,0.0,0,0.0,0.035,0.1628,17,1020.0,1080.0,0.4727,5
v12,SQL,where,18,0.6669,0.2316,0.5791,1,0.0556,0,0.0,0.1132,0.1557,17,1020.0,1080.0,0.6669,2
v13,SQL,aggregate function,17,0.6007,0.2097,0.5473,0,0.0,0,0.0,0.1815,0.1642,6,360.0,420.0,0.6007,4
v13,SQL,count,17,0.6963,0.3336,0.6623,3,0.1765,0,0.0,0.2917,0.2001,11,660.0,720.0,0.6963,3
v13,SQL,group by,17,1.0,0.6576,1.0,11,0.6471,6,0.3529,0.4479,0.4251,6,360.0,420.0,1.0,1
v13,SQL,having,17,0.6,0.2569,0.6,3,0.1765,0,0.0,0.4654,0.1289,8,480.0,540.0,0.6,3
v13,SQL,inner join,17,0.3918,0.1452,0.3458,0,0.0,0,0.0,0.158,0.1403,6,360.0,420.0,0.3918,7
v13,SQL,join,17,0.5874,0.2255,0.4996,1,0.0588,0,0.0,0.4104,0.1535,1,60.0,120.0,0.5874,3
v13,SQL,left join,17,0.7832,0.4141,0.7829,4,0.2353,3,0.1765,0.3834,0.2645,14,840.0,900.0,0.7832,1
v13,SQL,order by,17,0.8677,0.6411,0.8644,11,0.6471,4,0.2353,0.5344,0.3222,0,0.0,60.0,0.8677,2
v13,SQL,select,17,0.9269,0.6812,0.9164,13,0.7647,4,0.2353,0.5661,0.3711,3,180.0,240.0,0.9269,1
v13,SQL,subquery,17,0.6354,0.2989,0.602,2,0.1176,0,0.0,0.4819,0.1629,3,180.0,240.0,0.6354,3
v13,SQL,where,17,0.6364,0.2749,0.6256,3,0.1765,0,0.0,0.4466,0.1558,4,240.0,300.0,0.6364,3
v14,Python,break,11,0.7347,0.5738,0.7281,7,0.6364,5,0.4545,0.8478,0.1134,7,420.0,480.0,0.7347,3
v14,Python,continue,11,0.6892,0.3459,0.5903,3,0.2727,0,0.0,0.5564,0.0955,3,180.0,240.0,0.6892,2
v14,Python,for,11,0.9507,0.4981,0.8121,4,0.3636,1,0.0909,0.1812,0.2733,10,600.0,660.0,0.9507,1
v14,Python,for loop,11,0.8386,0.6992,0.838,11,1.0,3,0.2727,0.2736,0.3074,0,0.0,60.0,0.8386,1
v14,Python,index,11,0.1562,0.0562,0.1341,0,0.0,0,0.0,0.04,0.0377,10,600.0,660.0,0.1562,8
v14,Python,iteration,11,0.3291,0.093,0.238,0,0.0,0,0.0,0.1281,0.0308,10,600.0,660.0,0.3291,4
v14,Python,list,11,0.6409,0.1992,0.4856,1,0.0909,0,0.0,0.2918,0.0865,0,0.0,60.0,0.6409,3
v14,Python,nested loop,11,0.8458,0.5475,0.8207,5,0.4545,1,0.0909,0.3732,0.1897,4,240.0,300.0,0.8458,1
v14,Python,range,11,0.869,0.4011,0.7613,2,0.1818,1,0.0909,0.2186,0.2475,5,300.0,360.0,0.869,1
v15,Python,break,10,0.3588,0.2292,0.3473,0,0.0,0,0.0,0.2099,0.104,9,540.0,600.0,0.3588,5
v15,Python,continue,10,0.6722,0.2365,0.4727,1,0.1,0,0.0,0.4243,0.0864,4,240.0,300.0,0.6722,2
v15,Python,for,10,0.9509,0.6227,0.8474,10,1.0,1,0.1,0.4222,0.2726,9,540.0,600.0,0.9509,1
v15,Python,for loop,10,1.0,0.8882,1.0,10,1.0,7,0.7,0.821,0.3041,0,0.0,60.0,1.0,1
v15,Python,index,10,0.2358,0.1021,0.2021,0,0.0,0,0.0,0.0453,0.0726,9,540.0,600.0,0.2358,7
v15,Python,iteration,10,0.2308,0.0574,0.171,0,0.0,0,0.0,0.2006,0.0307,7,420.0,480.0,0.2308,6
v15,Python,list,10,0.7888,0.3606,0.7569,2,0.2,1,0.1,0.4393,0.1043,2,120.0,180.0,0.7888,1
v15,Python,nested loop,10,0.6567,0.4477,0.6443,4,0.4,0,0.0,0.6438,0.1601,0,0.0,60.0,0.6567,2
v15,Python,range,10,0.9201,0.4649,0.7282,3,0.3,1,0.1,0.7031,0.2467,7,420.0,480.0,0.9201,1
v16,Python,break,6,0.1781,0.1484,0.169,0,0.0,0,0.0,0.051,0.104,3,180.0,240.0,0.1781,7
v16,Python,continue,6,0.1601,0.1212,0.1579,0,0.0,0,0.0,0.0648,0.0864,3,180.0,240.0,0.1601,8
v16,Python,for,6,0.561,0.4418,0.5048,5,0.8333,0,0.0,0.1711,0.2727,0,0.0,60.0,0.561,2
v16,Python,for loop,6,0.4929,0.4555,0.4901,5,0.8333,0,0.0,0.0624,0.3042,5,300.0,360.0,0.4929,2
v16,Python,index,6,0.7172,0.4003,0.6927,3,0.5,3,0.5,0.8437,0.0596,2,120.0,180.0,0.7172,1
v16,Python,iteration,6,0.092,0.0485,0.0904,0,0.0,0,0.0,0.082,0.0307,0,0.0,60.0,0.092,8
v16,Python,list,6,0.7235,0.5246,0.7035,3,0.5,3,0.5,0.5132,0.0919,0,0.0,60.0,0.7235,1
v16,Python,nested loop,6,0.3467,0.2337,0.3278,0,0.0,0,0.0,0.0539,0.1601,5,300.0,360.0,0.3467,5
v16,Python,range,6,0.5481,0.3962,0.5031,2,0.3333,0,0.0,0.1419,0.2467,4,240.0,300.0,0.5481,2
v17,Python,break,6,0.3879,0.2883,0.3821,0,0.0,0,0.0,0.1753,0.1041,5,300.0,360.0,0.3879,6
v17,Python,continue,6,0.6915,0.4384,0.5863,1,0.1667,0,0.0,0.3156,0.0865,5,300.0,360.0,0.6915,2
v17,Python,for,6,0.584,0.5277,0.5757,2,0.3333,0,0.0,0.2388,0.2732,0,0.0,60.0,0.584,2
v17,Python,for loop,6,1.0,0.9698,1.0,6,1.0,6,1.0,0.6669,0.3047,0,0.0,60.0,1.0,1
v17,Python,index,6,0.5165,0.0944,0.2833,0,0.0,0,0.0,0.0159,0.0424,5,300.0,360.0,0.5165,4
v17,Python,iteration,6,0.2958,0.176,0.2609,0,0.0,0,0.0,0.1538,0.0308,5,300.0,360.0,0.2958,8
v17,Python,list,6,0.4179,0.2828,0.3538,0,0.0,0,0.0,0.214,0.077,5,300.0,360.0,0.4179,5
v17,Python,nested loop,6,0.7225,0.5691,0.6917,4,0.6667,0,0.0,0.4489,0.1603,2,120.0,180.0,0.7225,2
v17,Python,range,6,0.8287,0.5412,0.7484,5,0.8333,0,0.0,0.3488,0.2474,3,180.0,240.0,0.8287,2
v18,Python,break,7,0.3699,0.2023,0.352,0,0.0,0,0.0,0.0442,0.0796,5,300.0,360.0,0.3699,7
v18,Python,continue,7,0.5189,0.2681,0.4938,0,0.0,0,0.0,0.0944,0.0651,1,60.0,120.0,0.5189,5
v18,Python,for,7,0.958,0.8193,0.9558,6,0.8571,4,0.5714,0.3404,0.2203,6,360.0,420.0,0.958,1
v18,Python,for loop,7,1.0,0.7706,1.0,6,0.8571,2,0.2857,0.3237,0.2481,0,0.0,60.0,1.0,1
v18,Python,index,7,0.7232,0.5148,0.7231,3,0.4286,0,0.0,0.1401,0.0724,2,120.0,180.0,0.7232,3
v18,Python,iteration,7,0.3979,0.2558,0.3881,0,0.0,0,0.0,0.2232,0.0158,2,120.0,180.0,0.3979,8
v18,Python,list,7,0.6794,0.4874,0.6683,1,0.1429,0,0.0,0.2704,0.1041,2,120.0,180.0,0.6794,4
v18,Python,nested loop,7,0.7504,0.5046,0.7255,2,0.2857,0,0.0,0.209,0.1098,3,180.0,240.0,0.7504,3
v18,Python,range,7,0.7947,0.5352,0.7543,3,0.4286,1,0.1429,0.2095,0.1573,2,120.0,180.0,0.7947,2
v19,Python,break,11,0.7321,0.4848,0.731,7,0.6364,3,0.2727,0.2732,0.1096,3,180.0,240.0,0.7321,1
v19,Python,continue,11,0.6985,0.4191,0.6985,4,0.3636,3,0.2727,0.6169,0.0955,5,300.0,360.0,0.6985,1
v19,Python,for,11,0.8046,0.5592,0.7427,9,0.8182,1,0.0909,0.0822,0.2054,10,600.0,660.0,0.8046,1
v19,Python,for loop,11,1.0,0.7069,0.9972,9,0.8182,3,0.2727,0.317,0.2627,9,540.0,600.0,1.0,1
v19,Python,index,11,0.4798,0.1368,0.3514,0,0.0,0,0.0,0.0383,0.0727,10,600.0,660.0,0.4798,5
v19,Python,iteration,11,0.2681,0.0757,0.2057,0,0.0,0,0.0,0.0551,0.0125,10,600.0,660.0,0.2681,7
v19,Python,list,11,0.2902,0.185,0.2902,0,0.0,0,0.0,0.0321,0.1045,8,480.0,540.0,0.2902,6
v19,Python,nested loop,11,0.9125,0.4062,0.7348,2,0.1818,1,0.0909,0.3784,0.2061,1,60.0,120.0,0.9125,1
v19,Python,range,11,0.5747,0.3749,0.5603,2,0.1818,0,0.0,0.0873,0.1331,8,480.0,540.0,0.5747,2
v20,Python,break,21,0.699,0.341,0.6976,5,0.2381,1,0.0476,0.3545,0.1114,15,900.0,960.0,0.699,1
v20,Python,continue,21,0.6985,0.3315,0.6973,5,0.2381,0,0.0,0.5323,0.0928,16,960.0,1020.0,0.6985,2
v20,Python,for,21,0.9539,0.5178,0.926,10,0.4762,1,0.0476,0.5761,0.2174,0,0.0,60.0,0.9539,1
v20,Python,for loop,21,1.0,0.8042,1.0,21,1.0,14,0.6667,0.5837,0.2684,1,60.0,120.0,1.0,1
v20,Python,index,21,0.7232,0.2818,0.7232,4,0.1905,2,0.0952,0.6042,0.0725,9,540.0,600.0,0.7232,1
v20,Python,iteration,21,0.474,0.1087,0.401,0,0.0,0,0.0,0.1855,0.0193,4,240.0,300.0,0.474,7
v20,Python,list,21,0.7819,0.3301,0.7314,4,0.1905,0,0.0,0.4695,0.1042,11,660.0,720.0,0.7819,2
v20,Python,nested loop,21,0.8949,0.4672,0.882,9,0.4286,1,0.0476,0.5291,0.1988,20,1200.0,1260.0,0.8949,1
v20,Python,range,21,0.867,0.4158,0.8574,5,0.2381,2,0.0952,0.5698,0.1755,8,480.0,540.0,0.867,1
v21,Python,break,27,0.7213,0.4175,0.6637,11,0.4074,1,0.037,0.2233,0.1679,26,1560.0,1620.0,0.7213,1
v21,Python,continue,27,0.7275,0.3474,0.6316,7,0.2593,0,0.0,0.234,0.1482,23,1380.0,1440.0,0.7275,3
v21,Python,for,27,0.8391,0.38,0.8314,7,0.2593,0,0.0,0.2226,0.1917,14,840.0,900.0,0.8391,2
v21,Python,for loop,27,1.0,0.8082,1.0,26,0.963,9,0.3333,0.3606,0.3249,3,180.0,240.0,1.0,1
v21,Python,index,27,0.5675,0.1218,0.4693,1,0.037,0,0.0,0.0707,0.0414,7,420.0,480.0,0.5675,3
v21,Python,iteration,27,0.4256,0.0934,0.3891,0,0.0,0,0.0,0.106,0.0073,4,240.0,300.0,0.4256,6
v21,Python,list,27,0.5239,0.1239,0.4803,0,0.0,0,0.0,0.0639,0.0573,4,240.0,300.0,0.5239,4
v21,Python,nested loop,27,1.0,0.8137,1.0,22,0.8148,16,0.5926,0.6508,0.361,8,480.0,540.0,1.0,1
v21,Python,range,27,0.7209,0.2882,0.7171,7,0.2593,1,0.037,0.204,0.1097,15,900.0,960.0,0.7209,3
v22,Python,break,2,0.1592,0.1573,0.1573,0,0.0,0,0.0,0.0324,0.0904,1,60.0,120.0,0.1592,6
v22,Python,continue,2,0.2168,0.1674,0.1674,0,0.0,0,0.0,0.0597,0.0785,1,60.0,120.0,0.2168,5
v22,Python,for,2,0.3894,0.3755,0.3755,2,1.0,0,0.0,-0.008,0.2456,1,60.0,120.0,0.3894,3
v22,Python,for loop,2,0.4351,0.431,0.431,2,1.0,0,0.0,0.0088,0.2744,1,60.0,120.0,0.4351,2
v22,Python,index,2,0.0616,0.0571,0.0571,0,0.0,0,0.0,-0.0071,0.0499,0,0.0,60.0,0.0616,8
v22,Python,iteration,2,0.1005,0.0725,0.0725,0,0.0,0,0.0,0.0343,0.0251,1,60.0,120.0,0.1005,7
v22,Python,list,2,0.1294,0.1124,0.1124,0,0.0,0,0.0,-0.0146,0.0931,0,0.0,60.0,0.1294,6
v22,Python,nested loop,2,0.2612,0.2455,0.2455,0,0.0,0,0.0,0.0259,0.1416,1,60.0,120.0,0.2612,4
v22,Python,range,2,0.8996,0.8903,0.8903,2,1.0,2,1.0,0.5075,0.2118,1,60.0,120.0,0.8996,1
v23,Java,abstract class,32,0.9642,0.4385,0.858,12,0.375,1,0.0312,0.2265,0.5736,31,1860.0,1920.0,0.9642,1
v23,Java,abstract method,32,0.8279,0.3115,0.8119,6,0.1875,0,0.0,0.2827,0.3612,24,1440.0,1500.0,0.8279,2
v23,Java,class,32,0.779,0.5442,0.7774,24,0.75,1,0.0312,0.2105,0.5169,12,720.0,780.0,0.779,1
v23,Java,extends,32,0.644,0.2475,0.629,0,0.0,0,0.0,0.2233,0.3772,27,1620.0,1680.0,0.644,4
v23,Java,implements,32,0.7902,0.3471,0.7635,5,0.1562,1,0.0312,0.2567,0.4588,28,1680.0,1740.0,0.7902,1
v23,Java,inheritance,32,0.4953,0.1713,0.4857,0,0.0,0,0.0,0.1861,0.3468,27,1620.0,1680.0,0.4953,8
v23,Java,interface,32,0.546,0.2401,0.5451,1,0.0312,0,0.0,0.2339,0.3215,27,1620.0,1680.0,0.546,7
v23,Java,method,32,1.0,0.5416,0.9817,20,0.625,6,0.1875,0.268,0.3561,21,1260.0,1320.0,1.0,1
v23,Java,object,32,1.0,0.8122,1.0,28,0.875,23,0.7188,0.5568,0.4962,19,1140.0,1200.0,1.0,1
v24,Java,abstract class,12,0.4708,0.2963,0.4629,2,0.1667,0,0.0,0.0275,0.3063,7,420.0,480.0,0.4708,3
v24,Java,abstract method,12,0.83,0.6124,0.7463,10,0.8333,3,0.25,0.33,0.1719,3,180.0,240.0,0.83,2
v24,Java,class,12,0.5103,0.4006,0.492,6,0.5,0,0.0,0.023,0.3009,1,60.0,120.0,0.5103,3
v24,Java,extends,12,0.7937,0.2587,0.5964,1,0.0833,1,0.0833,0.0513,0.2127,11,660.0,720.0,0.7937,1
v24,Java,implements,12,0.6352,0.2348,0.4652,1,0.0833,0,0.0,0.0284,0.2436,11,660.0,720.0,0.6352,2
v24,Java,inheritance,12,0.6327,0.2087,0.4711,1,0.0833,0,0.0,0.0299,0.1961,11,660.0,720.0,0.6327,3
v24,Java,interface,12,0.6566,0.3634,0.596,2,0.1667,0,0.0,0.1541,0.1522,6,360.0,420.0,0.6566,3
v24,Java,method,12,1.0,0.7303,0.9757,11,0.9167,8,0.6667,0.3348,0.1871,6,360.0,420.0,1.0,1
v24,Java,object,12,0.6142,0.4216,0.591,2,0.1667,0,0.0,0.0458,0.2786,11,660.0,720.0,0.6142,4
v25,Java,abstract class,6,0.7683,0.505,0.6417,4,0.6667,0,0.0,0.2932,0.572,0,0.0,60.0,0.7683,2
v25,Java,abstract method,6,0.6047,0.1625,0.3688,1,0.1667,0,0.0,0.146,0.3601,3,180.0,240.0,0.6047,2
v25,Java,class,6,0.545,0.4616,0.5431,1,0.1667,0,0.0,0.1545,0.5155,0,0.0,60.0,0.545,5
v25,Java,extends,6,0.3635,0.1964,0.3171,0,0.0,0,0.0,0.1914,0.3761,0,0.0,60.0,0.3635,6
v25,Java,implements,6,0.8259,0.7573,0.8152,6,1.0,5,0.8333,0.6434,0.4575,0,0.0,60.0,0.8259,1
v25,Java,inheritance,6,0.2421,0.1601,0.2246,0,0.0,0,0.0,0.1013,0.3459,3,180.0,240.0,0.2421,8
v25,Java,interface,6,0.6,0.5771,0.6,5,0.8333,0,0.0,0.6657,0.3206,0,0.0,60.0,0.6,3
v25,Java,method,6,0.6596,0.2833,0.4605,1,0.1667,1,0.1667,0.1646,0.3552,3,180.0,240.0,0.6596,1
v25,Java,object,6,0.5845,0.3849,0.5313,0,0.0,0,0.0,0.2289,0.4949,0,0.0,60.0,0.5845,4
v26,Java,abstract class,6,0.8232,0.6596,0.7965,5,0.8333,1,0.1667,0.4009,0.4233,4,240.0,300.0,0.8232,1
v26,Java,abstract method,6,0.497,0.2143,0.4565,0,0.0,0,0.0,0.4327,0.2313,4,240.0,300.0,0.497,6
v26,Java,class,6,0.9969,0.6008,0.8509,4,0.6667,1,0.1667,0.3595,0.4052,5,300.0,360.0,0.9969,1
v26,Java,extends,6,0.5162,0.3007,0.4037,0,0.0,0,0.0,0.1878,0.2916,5,300.0,360.0,0.5162,8
v26,Java,implements,6,0.7901,0.6982,0.7842,5,0.8333,4,0.6667,0.7019,0.336,1,60.0,120.0,0.7901,1
v26,Java,inheritance,6,0.6001,0.3117,0.5104,0,0.0,0,0.0,0.2677,0.2686,5,300.0,360.0,0.6001,5
v26,Java,interface,6,0.6006,0.6001,0.6003,4,0.6667,0,0.0,0.7801,0.2082,3,180.0,240.0,0.6006,2
v26,Java,method,6,0.6272,0.3079,0.567,0,0.0,0,0.0,0.3242,0.2427,5,300.0,360.0,0.6272,4
v26,Java,object,6,0.5531,0.4062,0.5033,0,0.0,0,0.0,0.1445,0.3781,5,300.0,360.0,0.5531,7
v27,Java,abstract class,9,0.9283,0.6241,0.9215,6,0.6667,1,0.1111,0.2793,0.3065,3,180.0,240.0,0.9283,2
v27,Java,abstract method,9,0.4361,0.0844,0.2851,0,0.0,0,0.0,0.1122,0.1769,4,240.0,300.0,0.4361,7
v27,Java,class,9,0.9442,0.6531,0.9262,5,0.5556,1,0.1111,0.2329,0.2972,3,180.0,240.0,0.9442,1
v27,Java,extends,9,0.8573,0.7135,0.8471,6,0.6667,5,0.5556,0.4282,0.2134,5,300.0,360.0,0.8573,1
v27,Java,implements,9,0.6215,0.4711,0.5917,0,0.0,0,0.0,0.1747,0.2442,2,120.0,180.0,0.6215,5
v27,Java,inheritance,9,0.7658,0.4548,0.7039,3,0.3333,0,0.0,0.3162,0.1967,5,300.0,360.0,0.7658,2
v27,Java,interface,9,0.2532,0.134,0.219,0,0.0,0,0.0,0.0839,0.1575,3,180.0,240.0,0.2532,7
v27,Java,method,9,0.6183,0.2479,0.4986,1,0.1111,0,0.0,0.1399,0.1759,4,240.0,300.0,0.6183,3
v27,Java,object,9,0.9265,0.6838,0.9022,6,0.6667,2,0.2222,0.2885,0.2762,1,60.0,120.0,0.9265,1
v28,Java,abstract class,15,1.0,0.7504,1.0,13,0.8667,6,0.4,0.3649,0.3066,6,360.0,420.0,1.0,1
v28,Java,abstract method,15,0.5742,0.1441,0.4364,0,0.0,0,0.0,0.1601,0.1727,8,480.0,540.0,0.5742,4
v28,Java,class,15,1.0,0.7477,1.0,12,0.8,4,0.2667,0.2764,0.3081,1,60.0,120.0,1.0,1
v28,Java,extends,15,0.8188,0.5301,0.815,4,0.2667,2,0.1333,0.6149,0.2183,7,420.0,480.0,0.8188,2
v28,Java,implements,15,0.734,0.5242,0.7189,3,0.2,0,0.0,0.3197,0.2453,3,180.0,240.0,0.734,3
v28,Java,inheritance,15,0.7169,0.3746,0.6902,0,0.0,0,0.0,0.5011,0.2016,7,420.0,480.0,0.7169,5
v28,Java,interface,15,0.4887,0.1853,0.4813,0,0.0,0,0.0,0.1809,0.1551,2,120.0,180.0,0.4887,6
v28,Java,method,15,0.7172,0.3172,0.7033,5,0.3333,0,0.0,0.224,0.1798,5,300.0,360.0,0.7172,2
v28,Java,object,15,0.9389,0.665,0.9373,8,0.5333,3,0.2,0.3976,0.2786,11,660.0,720.0,0.9389,1
v29,Java,abstract class,9,1.0,0.8432,1.0,9,1.0,7,0.7778,0.6985,0.5718,0,0.0,60.0,1.0,1
v29,Java,abstract method,9,0.6629,0.531,0.6628,6,0.6667,0,0.0,0.7046,0.36,7,420.0,480.0,0.6629,2
v29,Java,class,9,0.6416,0.4194,0.5943,6,0.6667,0,0.0,0.1799,0.5153,2,120.0,180.0,0.6416,2
v29,Java,extends,9,0.4236,0.2324,0.3642,0,0.0,0,0.0,0.1719,0.376,2,120.0,180.0,0.4236,4
v29,Java,implements,9,0.8061,0.4442,0.7996,3,0.3333,2,0.2222,0.5621,0.4574,6,360.0,420.0,0.8061,1
v29,Java,inheritance,9,0.2704,0.1208,0.228,0,0.0,0,0.0,0.0626,0.3458,2,120.0,180.0,0.2704,7
v29,Java,interface,9,0.6,0.2173,0.6,2,0.2222,0,0.0,0.5738,0.3205,6,360.0,420.0,0.6,3
v29,Java,method,9,0.2454,0.1427,0.2363,0,0.0,0,0.0,0.1846,0.355,3,180.0,240.0,0.2454,5
v29,Java,object,9,0.6291,0.3909,0.5496,1,0.1111,0,0.0,0.2197,0.4947,2,120.0,180.0,0.6291,3
v30,Java,abstract class,3,0.9629,0.9087,0.9337,3,1.0,3,1.0,0.5838,0.5723,1,60.0,120.0,0.9629,1
v30,Java,abstract method,3,0.663,0.6626,0.663,3,1.0,0,0.0,0.6892,0.3604,0,0.0,60.0,0.663,2
v30,Java,class,3,0.4093,0.3689,0.3834,1,0.3333,0,0.0,0.1206,0.5158,1,60.0,120.0,0.4093,4
v30,Java,extends,3,0.1919,0.1797,0.1858,0,0.0,0,0.0,0.1274,0.3763,2,120.0,180.0,0.1919,6
v30,Java,implements,3,0.2233,0.2197,0.2206,0,0.0,0,0.0,0.0312,0.4578,1,60.0,120.0,0.2233,5
v30,Java,inheritance,3,0.087,0.0618,0.0726,0,0.0,0,0.0,0.0461,0.3461,2,120.0,180.0,0.087,8
v30,Java,interface,3,0.0763,0.0509,0.0663,0,0.0,0,0.0,0.0797,0.3208,2,120.0,180.0,0.0763,9
v30,Java,method,3,0.1843,0.1547,0.1774,0,0.0,0,0.0,0.1363,0.3553,2,120.0,180.0,0.1843,7
v30,Java,object,3,0.4341,0.3963,0.4304,2,0.6667,0,0.0,0.1687,0.4952,2,120.0,180.0,0.4341,3
v31,C++,class,36,0.7012,0.3315,0.656,1,0.0278,0,0.0,0.1375,0.2383,13,780.0,840.0,0.7012,2
v31,C++,constructor,36,0.7741,0.2134,0.7429,3,0.0833,0,0.0,0.0612,0.1426,11,660.0,720.0,0.7741,2
v31,C++,data type,36,1.0,0.6608,0.9918,27,0.75,12,0.3333,0.6045,0.2725,34,2040.0,2100.0,1.0,1
v31,C++,inheritance,36,0.8055,0.186,0.7621,2,0.0556,1,0.0278,0.0622,0.162,10,600.0,660.0,0.8055,1
v31,C++,object,36,0.8648,0.4388,0.862,11,0.3056,3,0.0833,0.0713,0.2821,6,360.0,420.0,0.8648,1
v31,C++,pointer,36,0.8694,0.3431,0.7876,5,0.1389,0,0.0,0.2541,0.1663,35,2100.0,2160.0,0.8694,2
v31,C++,polymorphism,36,0.7621,0.3329,0.76,2,0.0556,0,0.0,0.1004,0.1204,29,1740.0,1800.0,0.7621,2
v31,C++,reference,36,0.9709,0.5496,0.933,25,0.6944,2,0.0556,0.1639,0.2705,28,1680.0,1740.0,0.9709,1
v31,C++,template,36,1.0,0.16,0.8086,1,0.0278,1,0.0278,0.0746,0.1304,35,2100.0,2160.0,1.0,1
v31,C++,variable,36,1.0,0.7878,1.0,31,0.8611,17,0.4722,0.4419,0.2915,8,480.0,540.0,1.0,1
v32,C++,class,12,0.4911,0.2963,0.4476,1,0.0833,0,0.0,0.2755,0.1359,0,0.0,60.0,0.4911,3
v32,C++,constructor,12,0.3313,0.1344,0.2763,0,0.0,0,0.0,0.0848,0.0741,3,180.0,240.0,0.3313,9
v32,C++,data type,12,1.0,0.8169,0.9903,10,0.8333,7,0.5833,0.6804,0.2714,11,660.0,720.0,1.0,1
v32,C++,inheritance,12,0.3559,0.103,0.2514,0,0.0,0,0.0,0.0581,0.0609,3,180.0,240.0,0.3559,8
v32,C++,object,12,0.5446,0.396,0.524,3,0.25,0,0.0,0.1518,0.1832,3,180.0,240.0,0.5446,3
v32,C++,pointer,12,0.635,0.4478,0.6288,4,0.3333,0,0.0,0.2571,0.1657,1,60.0,120.0,0.635,2
v32,C++,polymorphism,12,0.5317,0.317,0.4504,0,0.0,0,0.0,0.1252,0.1277,3,180.0,240.0,0.5317,4
v32,C++,reference,12,0.8738,0.5288,0.7947,6,0.5,0,0.0,0.1949,0.2692,3,180.0,240.0,0.8738,2
v32,C++,template,12,0.1231,0.0464,0.1203,0,0.0,0,0.0,0.0339,0.0557,9,540.0,600.0,0.1231,8
v32,C++,variable,12,1.0,0.8605,1.0,12,1.0,5,0.4167,0.6638,0.2902,1,60.0,120.0,1.0,1
v33,C++,class,12,0.2377,0.1795,0.2312,0,0.0,0,0.0,0.0483,0.109,10,600.0,660.0,0.2377,4
v33,C++,constructor,12,0.2582,0.1346,0.2362,0,0.0,0,0.0,0.0667,0.067,5,300.0,360.0,0.2582,7
v33,C++,data type,12,0.6216,0.452,0.6095,9,0.75,0,0.0,0.1259,0.2721,7,420.0,480.0,0.6216,2
v33,C++,inheritance,12,0.14,0.0515,0.1128,0,0.0,0,0.0,0.0965,0.0567,5,300.0,360.0,0.14,10
v33,C++,object,12,0.584,0.3282,0.5059,3,0.25,0,0.0,0.2139,0.1648,10,600.0,660.0,0.584,2
v33,C++,pointer,12,0.9445,0.8422,0.9238,12,1.0,11,0.9167,0.7067,0.1661,11,660.0,720.0,0.9445,1
v33,C++,polymorphism,12,0.3325,0.2536,0.3236,1,0.0833,0,0.0,0.1693,0.1194,5,300.0,360.0,0.3325,5
v33,C++,reference,12,0.5393,0.3862,0.5275,0,0.0,0,0.0,0.0804,0.2701,6,360.0,420.0,0.5393,4
v33,C++,template,12,0.4187,0.1078,0.3107,1,0.0833,0,0.0,0.0476,0.1307,11,660.0,720.0,0.4187,2
v33,C++,variable,12,0.9049,0.4969,0.8055,10,0.8333,1,0.0833,0.2401,0.2911,2,120.0,180.0,0.9049,1
v34,C++,class,11,0.3741,0.1978,0.3314,0,0.0,0,0.0,0.046,0.1004,10,600.0,660.0,0.3741,10
v34,C++,constructor,11,0.3821,0.1179,0.2843,0,0.0,0,0.0,0.0515,0.0559,10,600.0,660.0,0.3821,8
v34,C++,data type,11,0.8297,0.491,0.6948,4,0.3636,0,0.0,0.0914,0.228,10,600.0,660.0,0.8297,2
v34,C++,inheritance,11,0.3777,0.0852,0.2422,0,0.0,0,0.0,0.0452,0.0373,10,600.0,660.0,0.3777,9
v34,C++,object,11,0.9274,0.4244,0.7486,3,0.2727,1,0.0909,0.1057,0.1529,10,600.0,660.0,0.9274,1
v34,C++,pointer,11,0.9937,0.6826,0.968,9,0.8182,4,0.3636,0.6244,0.1546,9,540.0,600.0,0.9937,1
v34,C++,polymorphism,11,0.6781,0.2965,0.5033,1,0.0909,0,0.0,0.0216,0.1109,10,600.0,660.0,0.6781,3
v34,C++,reference,11,0.971,0.751,0.9595,8,0.7273,6,0.5455,0.6504,0.2149,8,480.0,540.0,0.971,1
v34,C++,template,11,0.4165,0.2358,0.4083,1,0.0909,0,0.0,0.0277,0.134,3,180.0,240.0,0.4165,6
v34,C++,variable,11,0.6555,0.4857,0.637,7,0.6364,0,0.0,0.2726,0.2314,4,240.0,300.0,0.6555,3
v35,C++,class,9,0.6182,0.2904,0.5665,0,0.0,0,0.0,0.034,0.2125,2,120.0,180.0,0.6182,4
v35,C++,constructor,9,0.4456,0.2011,0.4398,0,0.0,0,0.0,0.0935,0.1253,2,120.0,180.0,0.4456,7
v35,C++,data type,9,0.7604,0.5403,0.7094,8,0.8889,0,0.0,0.161,0.272,5,300.0,360.0,0.7604,2
v35,C++,inheritance,9,0.4603,0.1409,0.3568,0,0.0,0,0.0,0.0202,0.1366,2,120.0,180.0,0.4603,6
v35,C++,object,9,0.6789,0.3357,0.6185,2,0.2222,0,0.0,0.0262,0.2572,2,120.0,180.0,0.6789,2
v35,C++,pointer,9,0.4443,0.2657,0.4139,0,0.0,0,0.0,0.1831,0.1661,8,480.0,540.0,0.4443,4
v35,C++,polymorphism,9,0.3767,0.2548,0.3458,0,0.0,0,0.0,0.1123,0.1194,2,120.0,180.0,0.3767,8
v35,C++,reference,9,0.9763,0.8912,0.974,8,0.8889,8,0.8889,0.7693,0.27,5,300.0,360.0,0.9763,1
v35,C++,template,9,0.3747,0.1306,0.347,0,0.0,0,0.0,0.0763,0.0317,2,120.0,180.0,0.3747,9
v35,C++,variable,9,0.8388,0.6033,0.7894,9,1.0,1,0.1111,0.1993,0.291,3,180.0,240.0,0.8388,1
v36,C++,class,13,0.9292,0.6262,0.9292,11,0.8462,2,0.1538,0.2848,0.3179,4,240.0,300.0,0.9292,2
v36,C++,constructor,13,0.7193,0.3969,0.6473,1,0.0769,0,0.0,0.1453,0.1768,4,240.0,300.0,0.7193,3
v36,C++,data type,13,0.8392,0.3101,0.7136,2,0.1538,1,0.0769,0.4858,0.1437,2,120.0,180.0,0.8392,1
v36,C++,inheritance,13,0.7956,0.4489,0.7276,5,0.3846,0,0.0,0.1177,0.2015,8,480.0,540.0,0.7956,2
v36,C++,object,13,1.0,0.8344,1.0,10,0.7692,7,0.5385,0.6153,0.3344,0,0.0,60.0,1.0,1
v36,C++,pointer,13,0.9459,0.2633,0.7157,1,0.0769,1,0.0769,0.0751,0.1127,12,720.0,780.0,0.9459,1
v36,C++,polymorphism,13,0.6954,0.4295,0.6778,6,0.4615,1,0.0769,0.4445,0.1288,9,540.0,600.0,0.6954,1
v36,C++,reference,13,0.6385,0.305,0.5886,0,0.0,0,0.0,0.1997,0.1427,12,720.0,780.0,0.6385,4
v36,C++,template,13,0.8361,0.2104,0.671,1,0.0769,0,0.0,0.1071,0.1289,12,720.0,780.0,0.8361,2
v36,C++,variable,13,0.67,0.26,0.6522,2,0.1538,1,0.0769,0.1252,0.1468,12,720.0,780.0,0.67,3
v37,C++,class,9,0.8519,0.4854,0.7162,7,0.7778,0,0.0,0.149,0.2385,5,300.0,360.0,0.8519,2
v37,C++,constructor,9,0.7744,0.7154,0.7743,8,0.8889,6,0.6667,0.7444,0.1427,4,240.0,300.0,0.7744,1
v37,C++,data type,9,0.1723,0.1223,0.1615,0,0.0,0,0.0,0.0461,0.0632,7,420.0,480.0,0.1723,7
v37,C++,inheritance,9,0.71,0.3867,0.6401,2,0.2222,0,0.0,0.0676,0.1622,4,240.0,300.0,0.71,2
v37,C++,object,9,1.0,0.733,1.0,9,1.0,3,0.3333,0.2382,0.2824,5,300.0,360.0,1.0,1
v37,C++,pointer,9,0.4641,0.1944,0.4103,0,0.0,0,0.0,0.0482,0.0704,4,240.0,300.0,0.4641,5
v37,C++,polymorphism,9,0.5193,0.3126,0.484,1,0.1111,0,0.0,0.1345,0.0939,7,420.0,480.0,0.5193,2
v37,C++,reference,9,0.237,0.1252,0.2155,0,0.0,0,0.0,0.1201,0.0627,4,240.0,300.0,0.237,9
v37,C++,template,9,0.2493,0.0881,0.2228,0,0.0,0,0.0,0.0179,0.0349,4,240.0,300.0,0.2493,8
v37,C++,variable,9,0.2756,0.1281,0.24,0,0.0,0,0.0,0.0386,0.0562,4,240.0,300.0,0.2756,7
v38,C++,class,5,0.8511,0.5762,0.7102,4,0.8,1,0.2,0.1401,0.386,3,180.0,240.0,0.8511,1
v38,C++,constructor,5,0.7863,0.4372,0.6664,1,0.2,1,0.2,0.1084,0.2021,4,240.0,300.0,0.7863,1
v38,C++,data type,5,0.764,0.3448,0.5742,1,0.2,0,0.0,0.1394,0.1146,3,180.0,240.0,0.764,3
v38,C++,inheritance,5,0.8045,0.6297,0.7959,3,0.6,3,0.6,0.5223,0.2304,0,0.0,60.0,0.8045,1
v38,C++,object,5,0.8504,0.6372,0.73,5,1.0,0,0.0,0.1893,0.3686,3,180.0,240.0,0.8504,2
v38,C++,pointer,5,0.5817,0.3283,0.5329,1,0.2,0,0.0,0.1024,0.1039,3,180.0,240.0,0.5817,4
v38,C++,polymorphism,5,0.4141,0.2015,0.2939,0,0.0,0,0.0,0.2667,0.1573,0,0.0,60.0,0.4141,4
v38,C++,reference,5,0.3116,0.1316,0.252,0,0.0,0,0.0,0.0806,0.1006,4,240.0,300.0,0.3116,6
v38,C++,template,5,0.323,0.2196,0.297,0,0.0,0,0.0,0.2572,0.0705,0,0.0,60.0,0.323,5
v38,C++,variable,5,0.2921,0.112,0.2221,0,0.0,0,0.0,0.1161,0.1023,2,120.0,180.0,0.2921,6
v39,C++,class,10,0.9401,0.8294,0.9385,9,0.9,5,0.5,0.4163,0.2927,0,0.0,60.0,0.9401,1
v39,C++,constructor,10,0.7017,0.4837,0.6609,2,0.2,0,0.0,0.2584,0.1673,7,420.0,480.0,0.7017,3
v39,C++,data type,10,0.6457,0.1624,0.45,1,0.1,0,0.0,0.1137,0.0647,1,60.0,120.0,0.6457,2
v39,C++,inheritance,10,0.8142,0.6246,0.8099,7,0.7,1,0.1,0.4445,0.1917,0,0.0,60.0,0.8142,2
v39,C++,object,10,1.0,0.8431,1.0,10,1.0,4,0.4,0.2769,0.3203,6,360.0,420.0,1.0,1
v39,C++,pointer,10,0.4661,0.1592,0.4194,0,0.0,0,0.0,0.0725,0.0727,1,60.0,120.0,0.4661,4
v39,C++,polymorphism,10,0.303,0.1839,0.2966,0,0.0,0,0.0,0.0629,0.1138,6,360.0,420.0,0.303,6
v39,C++,reference,10,0.5811,0.228,0.5438,0,0.0,0,0.0,0.1535,0.0634,7,420.0,480.0,0.5811,4
v39,C++,template,10,0.3287,0.1703,0.3176,0,0.0,0,0.0,0.1386,0.0615,2,120.0,180.0,0.3287,5
v39,C++,variable,10,0.5787,0.1837,0.454,1,0.1,0,0.0,0.1017,0.0569,1,60.0,120.0,0.5787,3
v40,C++,class,18,0.7339,0.2811,0.6549,2,0.1111,0,0.0,0.1915,0.1975,6,360.0,420.0,0.7339,2
v40,C++,constructor,18,0.5265,0.1756,0.4767,0,0.0,0,0.0,0.1517,0.1077,17,1020.0,1080.0,0.5265,6
v40,C++,data type,18,0.8845,0.5093,0.878,10,0.5556,1,0.0556,0.3082,0.1305,12,720.0,780.0,0.8845,1
v40,C++,inheritance,18,0.3651,0.0845,0.3135,0,0.0,0,0.0,0.0693,0.1062,2,120.0,180.0,0.3651,9
v40,C++,object,18,0.7603,0.4875,0.7538,12,0.6667,2,0.1111,0.1594,0.2273,2,120.0,180.0,0.7603,1
v40,C++,pointer,18,0.6362,0.3858,0.5996,7,0.3889,0,0.0,0.0423,0.1275,17,1020.0,1080.0,0.6362,4
v40,C++,polymorphism,18,0.8071,0.3472,0.7117,6,0.3333,0,0.0,0.1379,0.125,17,1020.0,1080.0,0.8071,2
v40,C++,reference,18,0.3889,0.1588,0.3822,0,0.0,0,0.0,0.0901,0.1109,17,1020.0,1080.0,0.3889,8
v40,C++,template,18,1.0,0.8793,1.0,17,0.9444,15,0.8333,0.6681,0.134,0,0.0,60.0,1.0,1
v40,C++,variable,18,0.4865,0.1706,0.462,0,0.0,0,0.0,0.1084,0.1154,3,180.0,240.0,0.4865,4
