video_id,subject,method,chunk_id,start_sec,end_sec,concept,lsa_score
v1,SQL,ocr_only,0,0,180,select,0.0694748275975952
v1,SQL,ocr_only,0,0,180,where,-0.003099311373169644
v1,SQL,ocr_only,0,0,180,group by,0.002123619829934952
v1,SQL,ocr_only,0,0,180,having,0.018789743915827186
v1,SQL,ocr_only,0,0,180,count,0.0031390946393082338
v1,SQL,ocr_only,0,0,180,aggregate function,0.02357177164449276
v1,SQL,ocr_only,0,0,180,join,0.19242122194581912
v1,SQL,ocr_only,0,0,180,inner join,0.07705101081726239
v1,SQL,ocr_only,0,0,180,left join,0.11961000007304769
v1,SQL,ocr_only,0,0,180,subquery,0.012580826476260106
v1,SQL,ocr_only,0,0,180,order by,0.026950136013651576
v1,SQL,ocr_only,1,180,360,select,0.03901153923400256
v1,SQL,ocr_only,1,180,360,where,0.018165372003622032
v1,SQL,ocr_only,1,180,360,group by,0.007557418676324482
v1,SQL,ocr_only,1,180,360,having,0.016750830040171333
v1,SQL,ocr_only,1,180,360,count,0.017651124650541965
v1,SQL,ocr_only,1,180,360,aggregate function,0.008059867821678212
v1,SQL,ocr_only,1,180,360,join,0.18332553820237005
v1,SQL,ocr_only,1,180,360,inner join,0.10167950877387223
v1,SQL,ocr_only,1,180,360,left join,0.012228098767420988
v1,SQL,ocr_only,1,180,360,subquery,0.06298796579864366
v1,SQL,ocr_only,1,180,360,order by,0.04152888003189902
v1,SQL,ocr_only,2,360,540,select,0.08058688991908083
v1,SQL,ocr_only,2,360,540,where,0.029865812809436103
v1,SQL,ocr_only,2,360,540,group by,0.04181835225364273
v1,SQL,ocr_only,2,360,540,having,0.02801770821144942
v1,SQL,ocr_only,2,360,540,count,0.049518672569489185
v1,SQL,ocr_only,2,360,540,aggregate function,0.035358245926557716
v1,SQL,ocr_only,2,360,540,join,0.1964775311393708
v1,SQL,ocr_only,2,360,540,inner join,0.10409314956479154
v1,SQL,ocr_only,2,360,540,left join,0.004292945357304718
v1,SQL,ocr_only,2,360,540,subquery,0.08522306226833964
v1,SQL,ocr_only,2,360,540,order by,0.06079099823158417
v1,SQL,ocr_only,3,540,720,select,0.08548052934996293
v1,SQL,ocr_only,3,540,720,where,0.03398345395960872
v1,SQL,ocr_only,3,540,720,group by,0.02006232178899098
v1,SQL,ocr_only,3,540,720,having,0.029995157704684246
v1,SQL,ocr_only,3,540,720,count,0.020806548212012572
v1,SQL,ocr_only,3,540,720,aggregate function,0.01064411283538318
v1,SQL,ocr_only,3,540,720,join,0.19563453770168662
v1,SQL,ocr_only,3,540,720,inner join,0.12805878285432934
v1,SQL,ocr_only,3,540,720,left join,-0.003116793394341557
v1,SQL,ocr_only,3,540,720,subquery,0.06933525041333514
v1,SQL,ocr_only,3,540,720,order by,0.047644545977969785
v1,SQL,ocr_only,4,720,900,select,0.08617125479226564
v1,SQL,ocr_only,4,720,900,where,0.039551651871539424
v1,SQL,ocr_only,4,720,900,group by,0.020856144776661218
v1,SQL,ocr_only,4,720,900,having,0.043731505685605986
v1,SQL,ocr_only,4,720,900,count,0.014466211082309697
v1,SQL,ocr_only,4,720,900,aggregate function,0.0005891302575715462
v1,SQL,ocr_only,4,720,900,join,0.20838484029580776
v1,SQL,ocr_only,4,720,900,inner join,0.17275207750176183
v1,SQL,ocr_only,4,720,900,left join,-0.0009781465097708697
v1,SQL,ocr_only,4,720,900,subquery,0.07248796315020505
v1,SQL,ocr_only,4,720,900,order by,0.061203096439043
v2,Python,ocr_only,0,0,180,for loop,0.12322976578181787
v2,Python,ocr_only,0,0,180,for,0.2025186359948461
v2,Python,ocr_only,0,0,180,iteration,0.007099986679455279
v2,Python,ocr_only,0,0,180,range,0.15881925996704685
v2,Python,ocr_only,0,0,180,list,0.1410869330545973
v2,Python,ocr_only,0,0,180,nested loop,-0.00332415828841343
v2,Python,ocr_only,0,0,180,index,-0.00011814878725782529
v2,Python,ocr_only,0,0,180,break,-0.0005022822788656094
v2,Python,ocr_only,0,0,180,continue,0.05969866495191425
v2,Python,ocr_only,1,180,360,for loop,0.11354273732840715
v2,Python,ocr_only,1,180,360,for,0.1957352305256646
v2,Python,ocr_only,1,180,360,iteration,0.008564900911768482
v2,Python,ocr_only,1,180,360,range,0.1542592445219362
v2,Python,ocr_only,1,180,360,list,0.13035484795594168
v2,Python,ocr_only,1,180,360,nested loop,-0.004743842122823088
v2,Python,ocr_only,1,180,360,index,-0.0014798770899011166
v2,Python,ocr_only,1,180,360,break,0.0755543638555295
v2,Python,ocr_only,1,180,360,continue,0.056979214895317445
v2,Python,ocr_only,2,360,540,for loop,0.14689486202854576
v2,Python,ocr_only,2,360,540,for,0.2421102711451179
v2,Python,ocr_only,2,360,540,iteration,-0.00022839052894256192
v2,Python,ocr_only,2,360,540,range,0.21136536076366727
v2,Python,ocr_only,2,360,540,list,0.14283344032437767
v2,Python,ocr_only,2,360,540,nested loop,0.00012547046952239942
v2,Python,ocr_only,2,360,540,index,-0.0009112213909871054
v2,Python,ocr_only,2,360,540,break,0.02269173081404711
v2,Python,ocr_only,2,360,540,continue,0.06830075982681318
v2,Python,ocr_only,3,540,720,for loop,0.1422592892951544
v2,Python,ocr_only,3,540,720,for,0.2254385039729399
v2,Python,ocr_only,3,540,720,iteration,-0.003914344022117254
v2,Python,ocr_only,3,540,720,range,0.1959865430640743
v2,Python,ocr_only,3,540,720,list,0.16435026009519757
v2,Python,ocr_only,3,540,720,nested loop,0.0031924821920424574
v2,Python,ocr_only,3,540,720,index,-0.003910625169858084
v2,Python,ocr_only,3,540,720,break,-0.007527377979258874
v2,Python,ocr_only,3,540,720,continue,0.06758343652289248
v2,Python,ocr_only,4,720,900,for loop,0.15271035117735232
v2,Python,ocr_only,4,720,900,for,0.2348629948477568
v2,Python,ocr_only,4,720,900,iteration,-0.013520630793929088
v2,Python,ocr_only,4,720,900,range,0.27922562362804443
v2,Python,ocr_only,4,720,900,list,0.14444864291487985
v2,Python,ocr_only,4,720,900,nested loop,-0.0008774154181954828
v2,Python,ocr_only,4,720,900,index,0.008135414340384747
v2,Python,ocr_only,4,720,900,break,-0.004927124597311064
v2,Python,ocr_only,4,720,900,continue,0.01592851597824728
v3,Java,ocr_only,0,0,180,class,0.05971920638418026
v3,Java,ocr_only,0,0,180,object,0.03694246839906474
v3,Java,ocr_only,0,0,180,method,0.008400992261249327
v3,Java,ocr_only,0,0,180,interface,0.0034785115781082224
v3,Java,ocr_only,0,0,180,implements,0.03129228882631198
v3,Java,ocr_only,0,0,180,extends,0.030237030099192316
v3,Java,ocr_only,0,0,180,inheritance,0.037389272333796894
v3,Java,ocr_only,0,0,180,abstract class,0.1714908676952173
v3,Java,ocr_only,0,0,180,abstract method,0.08054659363992539
v3,Java,ocr_only,1,180,360,class,0.044634551849340516
v3,Java,ocr_only,1,180,360,object,0.023814912871627104
v3,Java,ocr_only,1,180,360,method,-0.00558125486802226
v3,Java,ocr_only,1,180,360,interface,0.03434939883063144
v3,Java,ocr_only,1,180,360,implements,0.08251558949089954
v3,Java,ocr_only,1,180,360,extends,0.03441218852628722
v3,Java,ocr_only,1,180,360,inheritance,0.02453174179556954
v3,Java,ocr_only,1,180,360,abstract class,0.21642884934122536
v3,Java,ocr_only,1,180,360,abstract method,0.12093813530108354
v3,Java,ocr_only,2,360,540,class,0.02846855790123973
v3,Java,ocr_only,2,360,540,object,0.01682291253066408
v3,Java,ocr_only,2,360,540,method,0.00022674876483392696
v3,Java,ocr_only,2,360,540,interface,0.04038676596394919
v3,Java,ocr_only,2,360,540,implements,0.06659953026003462
v3,Java,ocr_only,2,360,540,extends,0.02618682665897834
v3,Java,ocr_only,2,360,540,inheritance,0.010854276165605676
v3,Java,ocr_only,2,360,540,abstract class,0.22624851582650107
v3,Java,ocr_only,2,360,540,abstract method,0.14997458288545013
v4,SQL,ocr_only,0,0,180,select,0.05201795076772699
v4,SQL,ocr_only,0,0,180,where,0.023219352933598458
v4,SQL,ocr_only,0,0,180,group by,0.37419605992330857
v4,SQL,ocr_only,0,0,180,having,0.08668024278328108
v4,SQL,ocr_only,0,0,180,count,0.15246153909473753
v4,SQL,ocr_only,0,0,180,aggregate function,0.05509093190936077
v4,SQL,ocr_only,0,0,180,join,0.047985402689135134
v4,SQL,ocr_only,0,0,180,inner join,0.010571141594752137
v4,SQL,ocr_only,0,0,180,left join,0.030252973273846274
v4,SQL,ocr_only,0,0,180,subquery,0.06867256138929631
v4,SQL,ocr_only,0,0,180,order by,0.18045710779274943
v4,SQL,ocr_only,1,180,360,select,0.05706387417430497
v4,SQL,ocr_only,1,180,360,where,0.06189210083618705
v4,SQL,ocr_only,1,180,360,group by,0.20450055048864077
v4,SQL,ocr_only,1,180,360,having,0.14467738759035761
v4,SQL,ocr_only,1,180,360,count,0.12991999930186704
v4,SQL,ocr_only,1,180,360,aggregate function,0.049386557512022214
v4,SQL,ocr_only,1,180,360,join,0.005795038433680096
v4,SQL,ocr_only,1,180,360,inner join,0.003003876324265353
v4,SQL,ocr_only,1,180,360,left join,0.003743741189577433
v4,SQL,ocr_only,1,180,360,subquery,0.0167809334420022
v4,SQL,ocr_only,1,180,360,order by,0.07294590137649642
v4,SQL,ocr_only,2,360,540,select,0.10922505411460573
v4,SQL,ocr_only,2,360,540,where,-0.002088398756040967
v4,SQL,ocr_only,2,360,540,group by,0.07732539378766269
v4,SQL,ocr_only,2,360,540,having,0.09681811039281575
v4,SQL,ocr_only,2,360,540,count,0.12972738875552509
v4,SQL,ocr_only,2,360,540,aggregate function,0.08812140110189547
v4,SQL,ocr_only,2,360,540,join,-0.009123093735499044
v4,SQL,ocr_only,2,360,540,inner join,0.008330011242246171
v4,SQL,ocr_only,2,360,540,left join,-0.00505878501613356
v4,SQL,ocr_only,2,360,540,subquery,0.010838190089867385
v4,SQL,ocr_only,2,360,540,order by,0.012408069895061791
v5,Java,ocr_only,0,0,180,class,0.21278405414366386
v5,Java,ocr_only,0,0,180,object,0.16350112565209096
v5,Java,ocr_only,0,0,180,method,0.14957171942280684
v5,Java,ocr_only,0,0,180,interface,0.2018633848092006
v5,Java,ocr_only,0,0,180,implements,0.29560172887505404
v5,Java,ocr_only,0,0,180,extends,0.17519156436995495
v5,Java,ocr_only,0,0,180,inheritance,0.2022633525064009
v5,Java,ocr_only,0,0,180,abstract class,0.1982852202044987
v5,Java,ocr_only,0,0,180,abstract method,0.025591562758513268
v5,Java,ocr_only,1,180,360,class,0.17758373298270264
v5,Java,ocr_only,1,180,360,object,0.15179325720410153
v5,Java,ocr_only,1,180,360,method,0.13565326467070724
v5,Java,ocr_only,1,180,360,interface,0.1770987519101122
v5,Java,ocr_only,1,180,360,implements,0.2569934288946741
v5,Java,ocr_only,1,180,360,extends,0.16317385698204961
v5,Java,ocr_only,1,180,360,inheritance,0.18073929654244728
v5,Java,ocr_only,1,180,360,abstract class,0.16943366059386297
v5,Java,ocr_only,1,180,360,abstract method,0.022068320711103775
v5,Java,ocr_only,2,360,540,class,0.19174137242372993
v5,Java,ocr_only,2,360,540,object,0.10081298160950208
v5,Java,ocr_only,2,360,540,method,0.16497615425680004
v5,Java,ocr_only,2,360,540,interface,0.1620958744878564
v5,Java,ocr_only,2,360,540,implements,0.17539187214172972
v5,Java,ocr_only,2,360,540,extends,0.16248966498079173
v5,Java,ocr_only,2,360,540,inheritance,0.19197249334762592
v5,Java,ocr_only,2,360,540,abstract class,0.1820257338299672
v5,Java,ocr_only,2,360,540,abstract method,0.04709496049425374
v6,SQL,ocr_only,0,0,180,select,0.4422274790903753
v6,SQL,ocr_only,0,0,180,where,0.3858249145250366
v6,SQL,ocr_only,0,0,180,group by,0.2352601918202788
v6,SQL,ocr_only,0,0,180,having,0.03310146005923636
v6,SQL,ocr_only,0,0,180,count,0.005714686264086121
v6,SQL,ocr_only,0,0,180,aggregate function,0.008462393949689942
v6,SQL,ocr_only,0,0,180,join,0.10718720594995733
v6,SQL,ocr_only,0,0,180,inner join,0.027213445316580074
v6,SQL,ocr_only,0,0,180,left join,0.13130074858750745
v6,SQL,ocr_only,0,0,180,subquery,0.019389303455491124
v6,SQL,ocr_only,0,0,180,order by,0.21571013283101215
v6,SQL,ocr_only,1,180,360,select,0.11597264711265784
v6,SQL,ocr_only,1,180,360,where,0.07920721405150541
v6,SQL,ocr_only,1,180,360,group by,0.31507376824364364
v6,SQL,ocr_only,1,180,360,having,0.03207619889211322
v6,SQL,ocr_only,1,180,360,count,0.10095697426485412
v6,SQL,ocr_only,1,180,360,aggregate function,0.08327056399770884
v6,SQL,ocr_only,1,180,360,join,-0.0061682332265885695
v6,SQL,ocr_only,1,180,360,inner join,0.007897961995277352
v6,SQL,ocr_only,1,180,360,left join,0.07806554722570731
v6,SQL,ocr_only,1,180,360,subquery,-0.006181758563723071
v6,SQL,ocr_only,1,180,360,order by,0.17895500202349018
v6,SQL,ocr_only,2,360,540,select,0.16463360459314375
v6,SQL,ocr_only,2,360,540,where,0.06516309184297585
v6,SQL,ocr_only,2,360,540,group by,0.20085697038975772
v6,SQL,ocr_only,2,360,540,having,0.27031148191214094
v6,SQL,ocr_only,2,360,540,count,0.22807287278994176
v6,SQL,ocr_only,2,360,540,aggregate function,0.21341869087166493
v6,SQL,ocr_only,2,360,540,join,-0.01562580210384548
v6,SQL,ocr_only,2,360,540,inner join,0.019136987466252496
v6,SQL,ocr_only,2,360,540,left join,0.06242803630895542
v6,SQL,ocr_only,2,360,540,subquery,0.08937917730695935
v6,SQL,ocr_only,2,360,540,order by,0.2938344544010135
v7,SQL,ocr_only,0,0,180,select,0.001300110014303445
v7,SQL,ocr_only,0,0,180,where,0.006254099597757331
v7,SQL,ocr_only,0,0,180,group by,0.012669601751848008
v7,SQL,ocr_only,0,0,180,having,-0.001136131032985143
v7,SQL,ocr_only,0,0,180,count,0.020464966253377143
v7,SQL,ocr_only,0,0,180,aggregate function,-0.026625286442892446
v7,SQL,ocr_only,0,0,180,join,-0.003404365840321181
v7,SQL,ocr_only,0,0,180,inner join,-0.0013214260859861083
v7,SQL,ocr_only,0,0,180,left join,-0.03126649650965259
v7,SQL,ocr_only,0,0,180,subquery,0.010981102097853288
v7,SQL,ocr_only,0,0,180,order by,-0.0008682324024947434
v8,SQL,ocr_only,0,0,180,select,0.0722430308432815
v8,SQL,ocr_only,0,0,180,where,0.036530406820006876
v8,SQL,ocr_only,0,0,180,group by,0.0724224574753104
v8,SQL,ocr_only,0,0,180,having,0.049525929435065334
v8,SQL,ocr_only,0,0,180,count,0.024801771074053174
v8,SQL,ocr_only,0,0,180,aggregate function,0.022683891388109233
v8,SQL,ocr_only,0,0,180,join,0.11587342123365843
v8,SQL,ocr_only,0,0,180,inner join,0.02021280584830829
v8,SQL,ocr_only,0,0,180,left join,-0.00868493607207329
v8,SQL,ocr_only,0,0,180,subquery,0.06851151881310405
v8,SQL,ocr_only,0,0,180,order by,0.03481335441966644
v8,SQL,ocr_only,1,180,360,select,0.011842876029301657
v8,SQL,ocr_only,1,180,360,where,0.0003955884289785114
v8,SQL,ocr_only,1,180,360,group by,0.0005436308297067395
v8,SQL,ocr_only,1,180,360,having,-0.0001461702812473074
v8,SQL,ocr_only,1,180,360,count,6.789151393334043e-05
v8,SQL,ocr_only,1,180,360,aggregate function,-0.00032450486653072563
v8,SQL,ocr_only,1,180,360,join,0.0035972796541680254
v8,SQL,ocr_only,1,180,360,inner join,-0.0003460945261108174
v8,SQL,ocr_only,1,180,360,left join,-0.001056820439191962
v8,SQL,ocr_only,1,180,360,subquery,0.009067414068628361
v8,SQL,ocr_only,1,180,360,order by,0.004415363897838272
v8,SQL,ocr_only,2,360,540,select,0.01953099680040049
v8,SQL,ocr_only,2,360,540,where,0.012144601730067076
v8,SQL,ocr_only,2,360,540,group by,0.002542170152558008
v8,SQL,ocr_only,2,360,540,having,0.0008910050910953531
v8,SQL,ocr_only,2,360,540,count,-0.0004142523886782915
v8,SQL,ocr_only,2,360,540,aggregate function,0.0003743965405161078
v8,SQL,ocr_only,2,360,540,join,0.001309000630574503
v8,SQL,ocr_only,2,360,540,inner join,-0.0029010642130867315
v8,SQL,ocr_only,2,360,540,left join,-0.0006072583241174696
v8,SQL,ocr_only,2,360,540,subquery,0.014278068371506124
v8,SQL,ocr_only,2,360,540,order by,0.006003232685140104
v8,SQL,ocr_only,3,540,720,select,0.014628458969335914
v8,SQL,ocr_only,3,540,720,where,0.0014295580917225317
v8,SQL,ocr_only,3,540,720,group by,0.0032084596029530016
v8,SQL,ocr_only,3,540,720,having,0.0006803362071361504
v8,SQL,ocr_only,3,540,720,count,0.0005144501138471636
v8,SQL,ocr_only,3,540,720,aggregate function,-0.0004750356591488226
v8,SQL,ocr_only,3,540,720,join,0.0009670143884193772
v8,SQL,ocr_only,3,540,720,inner join,-0.0018515678252977708
v8,SQL,ocr_only,3,540,720,left join,0.015938987647409357
v8,SQL,ocr_only,3,540,720,subquery,0.010426443844494876
v8,SQL,ocr_only,3,540,720,order by,0.008653151286994978
v8,SQL,ocr_only,4,720,900,select,0.013713671147776206
v8,SQL,ocr_only,4,720,900,where,0.00148945734954435
v8,SQL,ocr_only,4,720,900,group by,-0.0010042024167096614
v8,SQL,ocr_only,4,720,900,having,-0.001392964077205326
v8,SQL,ocr_only,4,720,900,count,-0.0006422416289701779
v8,SQL,ocr_only,4,720,900,aggregate function,0.0025010571423612
v8,SQL,ocr_only,4,720,900,join,0.00695489816396882
v8,SQL,ocr_only,4,720,900,inner join,0.03674636572732575
v8,SQL,ocr_only,4,720,900,left join,0.006906973195903933
v8,SQL,ocr_only,4,720,900,subquery,0.010035920260298049
v8,SQL,ocr_only,4,720,900,order by,0.010519762849345634
v8,SQL,ocr_only,5,900,1080,select,0.03828956893569857
v8,SQL,ocr_only,5,900,1080,where,0.007760030275828277
v8,SQL,ocr_only,5,900,1080,group by,0.06418167179758066
v8,SQL,ocr_only,5,900,1080,having,-0.0040939390507324196
v8,SQL,ocr_only,5,900,1080,count,0.016240688900822902
v8,SQL,ocr_only,5,900,1080,aggregate function,0.020426836850771804
v8,SQL,ocr_only,5,900,1080,join,0.002474718322218692
v8,SQL,ocr_only,5,900,1080,inner join,0.1212704428588761
v8,SQL,ocr_only,5,900,1080,left join,0.02034711798715624
v8,SQL,ocr_only,5,900,1080,subquery,0.015272096152652872
v8,SQL,ocr_only,5,900,1080,order by,0.08715718827684044
v9,SQL,ocr_only,0,0,180,select,0.014561542605441673
v9,SQL,ocr_only,0,0,180,where,-0.006084584222564289
v9,SQL,ocr_only,0,0,180,group by,0.01165354657173304
v9,SQL,ocr_only,0,0,180,having,0.019964685968302198
v9,SQL,ocr_only,0,0,180,count,0.18095908495623952
v9,SQL,ocr_only,0,0,180,aggregate function,0.1770961096219672
v9,SQL,ocr_only,0,0,180,join,0.13582155151558625
v9,SQL,ocr_only,0,0,180,inner join,-0.0234007350597951
v9,SQL,ocr_only,0,0,180,left join,-0.0044790293652685696
v9,SQL,ocr_only,0,0,180,subquery,0.004669819613300353
v9,SQL,ocr_only,0,0,180,order by,-0.009255007330726915
v9,SQL,ocr_only,1,180,360,select,0.2009665287653428
v9,SQL,ocr_only,1,180,360,where,0.07605257649862243
v9,SQL,ocr_only,1,180,360,group by,0.0915820885631764
v9,SQL,ocr_only,1,180,360,having,0.006970104016382895
v9,SQL,ocr_only,1,180,360,count,0.12912243548415728
v9,SQL,ocr_only,1,180,360,aggregate function,0.030160412573029174
v9,SQL,ocr_only,1,180,360,join,0.10000935913666915
v9,SQL,ocr_only,1,180,360,inner join,0.13796138920747392
v9,SQL,ocr_only,1,180,360,left join,0.14630475128387602
v9,SQL,ocr_only,1,180,360,subquery,0.004433852747454621
v9,SQL,ocr_only,1,180,360,order by,-0.03129432914714107
v9,SQL,ocr_only,2,360,540,select,0.10831774150023182
v9,SQL,ocr_only,2,360,540,where,0.0008771200089472673
v9,SQL,ocr_only,2,360,540,group by,0.0745790899717816
v9,SQL,ocr_only,2,360,540,having,-0.001482773144349615
v9,SQL,ocr_only,2,360,540,count,0.025439157466282197
v9,SQL,ocr_only,2,360,540,aggregate function,0.09890375281026101
v9,SQL,ocr_only,2,360,540,join,-0.012006983642655589
v9,SQL,ocr_only,2,360,540,inner join,0.004114986599552772
v9,SQL,ocr_only,2,360,540,left join,-0.01437104616334633
v9,SQL,ocr_only,2,360,540,subquery,-0.0028932454342128003
v9,SQL,ocr_only,2,360,540,order by,0.08047621313268391
v9,SQL,ocr_only,3,540,720,select,0.08673286569674105
v9,SQL,ocr_only,3,540,720,where,0.002590855304294735
v9,SQL,ocr_only,3,540,720,group by,0.07618266056477435
v9,SQL,ocr_only,3,540,720,having,-0.00540341051440947
v9,SQL,ocr_only,3,540,720,count,0.027747665148985287
v9,SQL,ocr_only,3,540,720,aggregate function,0.042825651610690345
v9,SQL,ocr_only,3,540,720,join,0.003217089235476094
v9,SQL,ocr_only,3,540,720,inner join,-0.007099910506901504
v9,SQL,ocr_only,3,540,720,left join,-0.0015170074163801104
v9,SQL,ocr_only,3,540,720,subquery,-0.005534034010177642
v9,SQL,ocr_only,3,540,720,order by,0.10785944167297747
v10,SQL,ocr_only,0,0,180,select,0.19003527548077573
v10,SQL,ocr_only,0,0,180,where,-0.015592893589692071
v10,SQL,ocr_only,0,0,180,group by,0.6679733943602209
v10,SQL,ocr_only,0,0,180,having,0.07791053473300405
v10,SQL,ocr_only,0,0,180,count,-0.005562915087979732
v10,SQL,ocr_only,0,0,180,aggregate function,-0.004659041442969578
v10,SQL,ocr_only,0,0,180,join,-0.04031065114219324
v10,SQL,ocr_only,0,0,180,inner join,0.01106911202094491
v10,SQL,ocr_only,0,0,180,left join,-0.010784335040319986
v10,SQL,ocr_only,0,0,180,subquery,0.007684861333811432
v10,SQL,ocr_only,0,0,180,order by,0.07028301546400074
v10,SQL,ocr_only,1,180,360,select,0.0721070309343348
v10,SQL,ocr_only,1,180,360,where,-0.0010981479455953094
v10,SQL,ocr_only,1,180,360,group by,0.23642128529013046
v10,SQL,ocr_only,1,180,360,having,0.09785843737446698
v10,SQL,ocr_only,1,180,360,count,0.0009016640372824849
v10,SQL,ocr_only,1,180,360,aggregate function,0.09739511082440315
v10,SQL,ocr_only,1,180,360,join,0.0011195754321346046
v10,SQL,ocr_only,1,180,360,inner join,-0.002050350056924838
v10,SQL,ocr_only,1,180,360,left join,0.004068215530068605
v10,SQL,ocr_only,1,180,360,subquery,0.005930089967173364
v10,SQL,ocr_only,1,180,360,order by,0.05449288241392262
v10,SQL,ocr_only,2,360,540,select,0.12973546934678196
v10,SQL,ocr_only,2,360,540,where,0.0442701387316394
v10,SQL,ocr_only,2,360,540,group by,0.12276611023700017
v10,SQL,ocr_only,2,360,540,having,0.052529450870933955
v10,SQL,ocr_only,2,360,540,count,0.05051775991705203
v10,SQL,ocr_only,2,360,540,aggregate function,0.09040370384343435
v10,SQL,ocr_only,2,360,540,join,0.06091420789685144
v10,SQL,ocr_only,2,360,540,inner join,0.018422821736428275
v10,SQL,ocr_only,2,360,540,left join,0.05664257556703289
v10,SQL,ocr_only,2,360,540,subquery,0.03897721746351699
v10,SQL,ocr_only,2,360,540,order by,0.0570615178359448
v10,SQL,ocr_only,3,540,720,select,0.09374888291313109
v10,SQL,ocr_only,3,540,720,where,0.043928214817393216
v10,SQL,ocr_only,3,540,720,group by,0.1772410111097121
v10,SQL,ocr_only,3,540,720,having,0.02116154595206599
v10,SQL,ocr_only,3,540,720,count,0.08085453638497501
v10,SQL,ocr_only,3,540,720,aggregate function,0.029413735523285186
v10,SQL,ocr_only,3,540,720,join,0.05583738838720656
v10,SQL,ocr_only,3,540,720,inner join,0.023723812427272964
v10,SQL,ocr_only,3,540,720,left join,0.07754692974414784
v10,SQL,ocr_only,3,540,720,subquery,0.009649297368458962
v10,SQL,ocr_only,3,540,720,order by,0.03999115765875076
v10,SQL,ocr_only,4,720,900,select,0.08432372155519201
v10,SQL,ocr_only,4,720,900,where,0.04065791681696661
v10,SQL,ocr_only,4,720,900,group by,0.15312608025193733
v10,SQL,ocr_only,4,720,900,having,0.033637503312666545
v10,SQL,ocr_only,4,720,900,count,0.06545366145123983
v10,SQL,ocr_only,4,720,900,aggregate function,0.024591514645244297
v10,SQL,ocr_only,4,720,900,join,0.05090887110512206
v10,SQL,ocr_only,4,720,900,inner join,0.025968945293335658
v10,SQL,ocr_only,4,720,900,left join,0.06705982128644904
v10,SQL,ocr_only,4,720,900,subquery,0.004407220489252083
v10,SQL,ocr_only,4,720,900,order by,0.028831843143080738
v10,SQL,ocr_only,5,900,1080,select,0.052463922275334494
v10,SQL,ocr_only,5,900,1080,where,0.02837939972416075
v10,SQL,ocr_only,5,900,1080,group by,0.10848871076473682
v10,SQL,ocr_only,5,900,1080,having,0.039635504578387916
v10,SQL,ocr_only,5,900,1080,count,0.10208520596704282
v10,SQL,ocr_only,5,900,1080,aggregate function,0.041301887794245706
v10,SQL,ocr_only,5,900,1080,join,0.03182166075476876
v10,SQL,ocr_only,5,900,1080,inner join,0.022384936493467397
v10,SQL,ocr_only,5,900,1080,left join,0.04267098551726656
v10,SQL,ocr_only,5,900,1080,subquery,0.0031480756554958344
v10,SQL,ocr_only,5,900,1080,order by,0.012798437906042614
v10,SQL,ocr_only,6,1080,1260,select,0.06294592602326451
v10,SQL,ocr_only,6,1080,1260,where,0.03339163485085906
v10,SQL,ocr_only,6,1080,1260,group by,0.1139551713176226
v10,SQL,ocr_only,6,1080,1260,having,0.04999924238842719
v10,SQL,ocr_only,6,1080,1260,count,0.049727846943155726
v10,SQL,ocr_only,6,1080,1260,aggregate function,0.011900974165704792
v10,SQL,ocr_only,6,1080,1260,join,0.04038327558077735
v10,SQL,ocr_only,6,1080,1260,inner join,0.026283153845060643
v10,SQL,ocr_only,6,1080,1260,left join,0.053992681556470225
v10,SQL,ocr_only,6,1080,1260,subquery,0.0023870922464366297
v10,SQL,ocr_only,6,1080,1260,order by,0.019811489443304943
v11,SQL,ocr_only,0,0,180,select,0.00035865838677356595
v11,SQL,ocr_only,0,0,180,where,0.0018052311578258698
v11,SQL,ocr_only,0,0,180,group by,0.0025885247912623855
v11,SQL,ocr_only,0,0,180,having,0.00023315953346924554
v11,SQL,ocr_only,0,0,180,count,0.00027894457975643567
v11,SQL,ocr_only,0,0,180,aggregate function,-0.003442801946034733
v11,SQL,ocr_only,0,0,180,join,0.005212821415649426
v11,SQL,ocr_only,0,0,180,inner join,-0.005602292911361464
v11,SQL,ocr_only,0,0,180,left join,-0.009681684228251193
v11,SQL,ocr_only,0,0,180,subquery,0.004953086098720412
v11,SQL,ocr_only,0,0,180,order by,-0.0038652796912641355
v12,SQL,ocr_only,0,0,180,select,-0.004657404525722254
v12,SQL,ocr_only,0,0,180,where,0.001182816140437221
v12,SQL,ocr_only,0,0,180,group by,0.0906364255240162
v12,SQL,ocr_only,0,0,180,having,-0.004468165886097299
v12,SQL,ocr_only,0,0,180,count,0.0014906185536049672
v12,SQL,ocr_only,0,0,180,aggregate function,-0.0001613625360901404
v12,SQL,ocr_only,0,0,180,join,-0.005931366421679504
v12,SQL,ocr_only,0,0,180,inner join,0.004893281820600443
v12,SQL,ocr_only,0,0,180,left join,0.005483351826864885
v12,SQL,ocr_only,0,0,180,subquery,-0.005533318433558454
v12,SQL,ocr_only,0,0,180,order by,0.10496414126334941
v13,SQL,ocr_only,0,0,180,select,0.2084059207760242
v13,SQL,ocr_only,0,0,180,where,0.14150706437940377
v13,SQL,ocr_only,0,0,180,group by,0.2950680551633446
v13,SQL,ocr_only,0,0,180,having,0.1342796737829557
v13,SQL,ocr_only,0,0,180,count,0.015533688280890573
v13,SQL,ocr_only,0,0,180,aggregate function,0.14352043611011037
v13,SQL,ocr_only,0,0,180,join,0.12342378334127599
v13,SQL,ocr_only,0,0,180,inner join,0.05097122489785849
v13,SQL,ocr_only,0,0,180,left join,0.17168361002398183
v13,SQL,ocr_only,0,0,180,subquery,0.07996541797854811
v13,SQL,ocr_only,0,0,180,order by,0.2935226300598749
v13,SQL,ocr_only,1,180,360,select,0.10623536901156501
v13,SQL,ocr_only,1,180,360,where,0.08298205947214245
v13,SQL,ocr_only,1,180,360,group by,0.056185247493356606
v13,SQL,ocr_only,1,180,360,having,0.003089376734219348
v13,SQL,ocr_only,1,180,360,count,0.051919465537589284
v13,SQL,ocr_only,1,180,360,aggregate function,-0.00969488782846223
v13,SQL,ocr_only,1,180,360,join,-0.030071343993023778
v13,SQL,ocr_only,1,180,360,inner join,0.024032926715327578
v13,SQL,ocr_only,1,180,360,left join,0.014964274263964775
v13,SQL,ocr_only,1,180,360,subquery,0.0075669927296490745
v13,SQL,ocr_only,1,180,360,order by,0.15464187552355457
v13,SQL,ocr_only,2,360,540,select,0.04283310360239044
v13,SQL,ocr_only,2,360,540,where,0.01370171480283952
v13,SQL,ocr_only,2,360,540,group by,0.1870005203421533
v13,SQL,ocr_only,2,360,540,having,0.016111073590871168
v13,SQL,ocr_only,2,360,540,count,-0.02334733776602903
v13,SQL,ocr_only,2,360,540,aggregate function,0.03977559690201012
v13,SQL,ocr_only,2,360,540,join,0.016254638784739515
v13,SQL,ocr_only,2,360,540,inner join,-0.009553693594143348
v13,SQL,ocr_only,2,360,540,left join,-0.001696088129309478
v13,SQL,ocr_only,2,360,540,subquery,-0.0003861679817762376
v13,SQL,ocr_only,2,360,540,order by,0.19716354760481042
v13,SQL,ocr_only,3,540,720,select,0.15746279225924825
v13,SQL,ocr_only,3,540,720,where,0.12463524807080782
v13,SQL,ocr_only,3,540,720,group by,0.1533851975642723
v13,SQL,ocr_only,3,540,720,having,0.07039955639839784
v13,SQL,ocr_only,3,540,720,count,0.04052033923404757
v13,SQL,ocr_only,3,540,720,aggregate function,0.024046850071017027
v13,SQL,ocr_only,3,540,720,join,0.03830197013387316
v13,SQL,ocr_only,3,540,720,inner join,0.018508710912072443
v13,SQL,ocr_only,3,540,720,left join,0.05411278573769326
v13,SQL,ocr_only,3,540,720,subquery,0.007706330536070066
v13,SQL,ocr_only,3,540,720,order by,0.1484468464612076
v13,SQL,ocr_only,4,720,900,select,0.07735218394123661
v13,SQL,ocr_only,4,720,900,where,0.03508653979435617
v13,SQL,ocr_only,4,720,900,group by,0.06477239582347795
v13,SQL,ocr_only,4,720,900,having,0.01813491516447603
v13,SQL,ocr_only,4,720,900,count,0.06911232951016512
v13,SQL,ocr_only,4,720,900,aggregate function,0.008554330563997592
v13,SQL,ocr_only,4,720,900,join,0.013241199752445329
v13,SQL,ocr_only,4,720,900,inner join,0.05112770542642812
v13,SQL,ocr_only,4,720,900,left join,0.10475744149187113
v13,SQL,ocr_only,4,720,900,subquery,0.008666994910117387
v13,SQL,ocr_only,4,720,900,order by,0.15315384315897487
v13,SQL,ocr_only,5,900,1080,select,0.04318196237899241
v13,SQL,ocr_only,5,900,1080,where,-0.002763366741343991
v13,SQL,ocr_only,5,900,1080,group by,0.012529267827408477
v13,SQL,ocr_only,5,900,1080,having,0.015481373981022983
v13,SQL,ocr_only,5,900,1080,count,-0.030689802327648733
v13,SQL,ocr_only,5,900,1080,aggregate function,0.035129622515849446
v13,SQL,ocr_only,5,900,1080,join,0.07090028318796024
v13,SQL,ocr_only,5,900,1080,inner join,0.0034545758505782082
v13,SQL,ocr_only,5,900,1080,left join,0.09546515385286346
v13,SQL,ocr_only,5,900,1080,subquery,0.006556735651720254
v13,SQL,ocr_only,5,900,1080,order by,-0.0006073064087450464
v14,Python,ocr_only,0,0,180,for loop,0.036931486245477436
v14,Python,ocr_only,0,0,180,for,0.06608199677068316
v14,Python,ocr_only,0,0,180,iteration,0.0014739413065433997
v14,Python,ocr_only,0,0,180,range,0.019644747111849128
v14,Python,ocr_only,0,0,180,list,0.0012971677642306537
v14,Python,ocr_only,0,0,180,nested loop,-0.0012976847874832799
v14,Python,ocr_only,0,0,180,index,-0.0016526757238998948
v14,Python,ocr_only,0,0,180,break,0.08699293771914701
v14,Python,ocr_only,0,0,180,continue,-0.00717930705121358
v14,Python,ocr_only,1,180,360,for loop,0.07167407233529861
v14,Python,ocr_only,1,180,360,for,0.11824076603140203
v14,Python,ocr_only,1,180,360,iteration,-0.0016556584696846828
v14,Python,ocr_only,1,180,360,range,0.05898541925951105
v14,Python,ocr_only,1,180,360,list,-0.0011923396237825264
v14,Python,ocr_only,1,180,360,nested loop,0.0019184796250276922
v14,Python,ocr_only,1,180,360,index,0.0010874627508985753
v14,Python,ocr_only,1,180,360,break,-0.01096081452402877
v14,Python,ocr_only,1,180,360,continue,0.048654225152151724
v14,Python,ocr_only,2,360,540,for loop,0.03462890323269257
v14,Python,ocr_only,2,360,540,for,0.02262864752728257
v14,Python,ocr_only,2,360,540,iteration,0.0058748624210260515
v14,Python,ocr_only,2,360,540,range,0.021881029282544005
v14,Python,ocr_only,2,360,540,list,-0.0051774419578505095
v14,Python,ocr_only,2,360,540,nested loop,0.005398031098854743
v14,Python,ocr_only,2,360,540,index,0.01592705612568361
v14,Python,ocr_only,2,360,540,break,0.04358290408667557
v14,Python,ocr_only,2,360,540,continue,0.004563567238060163
v14,Python,ocr_only,3,540,720,for loop,-0.049756062046452054
v14,Python,ocr_only,3,540,720,for,-0.005647836041413734
v14,Python,ocr_only,3,540,720,iteration,-0.004352222823495509
v14,Python,ocr_only,3,540,720,range,-0.007190447511992183
v14,Python,ocr_only,3,540,720,list,0.008623844269467303
v14,Python,ocr_only,3,540,720,nested loop,-0.014456495330921007
v14,Python,ocr_only,3,540,720,index,-0.02186968695473754
v14,Python,ocr_only,3,540,720,break,0.5667080856771795
v14,Python,ocr_only,3,540,720,continue,-0.016066960640665994
v15,Python,ocr_only,0,0,180,for loop,0.07823132257497527
v15,Python,ocr_only,0,0,180,for,0.035506928859120025
v15,Python,ocr_only,0,0,180,iteration,0.020875676826445935
v15,Python,ocr_only,0,0,180,range,0.00404686300489642
v15,Python,ocr_only,0,0,180,list,0.006134955759772407
v15,Python,ocr_only,0,0,180,nested loop,0.023579427539057368
v15,Python,ocr_only,0,0,180,index,0.024217035282306756
v15,Python,ocr_only,0,0,180,break,-0.0028550062326925347
v15,Python,ocr_only,0,0,180,continue,-0.09948664746332644
v15,Python,ocr_only,1,180,360,for loop,0.04195755073701026
v15,Python,ocr_only,1,180,360,for,0.07482217221888997
v15,Python,ocr_only,1,180,360,iteration,0.00036212108646385113
v15,Python,ocr_only,1,180,360,range,0.024292439965517065
v15,Python,ocr_only,1,180,360,list,-0.0003433201365417111
v15,Python,ocr_only,1,180,360,nested loop,-0.0012184256083038643
v15,Python,ocr_only,1,180,360,index,-0.00013032852971543732
v15,Python,ocr_only,1,180,360,break,-0.004577510132234383
v15,Python,ocr_only,1,180,360,continue,0.08652436887232502
v15,Python,ocr_only,2,360,540,for loop,0.04086056008850589
v15,Python,ocr_only,2,360,540,for,0.11094239474597056
v15,Python,ocr_only,2,360,540,iteration,-0.008350979774640227
v15,Python,ocr_only,2,360,540,range,0.09424080691625537
v15,Python,ocr_only,2,360,540,list,-0.004272300541129984
v15,Python,ocr_only,2,360,540,nested loop,-0.010637969872856557
v15,Python,ocr_only,2,360,540,index,-0.008954937606260604
v15,Python,ocr_only,2,360,540,break,-0.0032915399467969087
v15,Python,ocr_only,2,360,540,continue,0.1721805552749443
v15,Python,ocr_only,3,540,720,for loop,0.04744615648994734
v15,Python,ocr_only,3,540,720,for,0.12175393199848422
v15,Python,ocr_only,3,540,720,iteration,-0.0074694670780797575
v15,Python,ocr_only,3,540,720,range,0.042762794473245845
v15,Python,ocr_only,3,540,720,list,-0.001796393126758123
v15,Python,ocr_only,3,540,720,nested loop,-0.009522720964343137
v15,Python,ocr_only,3,540,720,index,-0.009368691402556636
v15,Python,ocr_only,3,540,720,break,0.004554793263621779
v15,Python,ocr_only,3,540,720,continue,0.15265229978243125
v16,Python,ocr_only,0,0,180,for loop,0.009087957138373159
v16,Python,ocr_only,0,0,180,for,-0.0052705086926628725
v16,Python,ocr_only,0,0,180,iteration,0.0070267945395295715
v16,Python,ocr_only,0,0,180,range,-0.005697982664047867
v16,Python,ocr_only,0,0,180,list,0.08442583653651933
v16,Python,ocr_only,0,0,180,nested loop,0.005903762988383187
v16,Python,ocr_only,0,0,180,index,-0.0005885046736868991
v16,Python,ocr_only,0,0,180,break,0.0014426841900852792
v16,Python,ocr_only,0,0,180,continue,-0.014220752051343714
v16,Python,ocr_only,1,180,360,for loop,-0.00828355801181333
v16,Python,ocr_only,1,180,360,for,-0.0007726583249876871
v16,Python,ocr_only,1,180,360,iteration,-0.012722800098481873
v16,Python,ocr_only,1,180,360,range,0.231253061153532
v16,Python,ocr_only,1,180,360,list,0.0009316266276761146
v16,Python,ocr_only,1,180,360,nested loop,-0.003989545580123521
v16,Python,ocr_only,1,180,360,index,0.0014911825478790045
v16,Python,ocr_only,1,180,360,break,-0.00497193822208062
v16,Python,ocr_only,1,180,360,continue,0.01664730024030131
v17,Python,ocr_only,0,0,180,for loop,0.18166601354954967
v17,Python,ocr_only,0,0,180,for,0.1815107023504965
v17,Python,ocr_only,0,0,180,iteration,0.00408725567135184
v17,Python,ocr_only,0,0,180,range,0.05999115327482572
v17,Python,ocr_only,0,0,180,list,0.11642588405504611
v17,Python,ocr_only,0,0,180,nested loop,0.07299580957011537
v17,Python,ocr_only,0,0,180,index,0.0044453425991533525
v17,Python,ocr_only,0,0,180,break,0.023540039042358914
v17,Python,ocr_only,0,0,180,continue,0.022722868009084393
v17,Python,ocr_only,1,180,360,for loop,0.025141794805262848
v17,Python,ocr_only,1,180,360,for,0.037650424839962754
v17,Python,ocr_only,1,180,360,iteration,0.0008569397520142086
v17,Python,ocr_only,1,180,360,range,0.041175140906690215
v17,Python,ocr_only,1,180,360,list,-0.0070613506672525935
v17,Python,ocr_only,1,180,360,nested loop,-0.002368000364972508
v17,Python,ocr_only,1,180,360,index,0.0004049496435408949
v17,Python,ocr_only,1,180,360,break,0.003966345301436173
v17,Python,ocr_only,1,180,360,continue,0.0006967397341630937
v18,Python,ocr_only,0,0,180,for loop,-0.004397571443458404
v18,Python,ocr_only,0,0,180,for,0.002859219254613936
v18,Python,ocr_only,0,0,180,iteration,-0.002138398811942351
v18,Python,ocr_only,0,0,180,range,0.0009694066949030879
v18,Python,ocr_only,0,0,180,list,0.0005243582561515053
v18,Python,ocr_only,0,0,180,nested loop,-0.002583420328462367
v18,Python,ocr_only,0,0,180,index,-0.002089859589722847
v18,Python,ocr_only,0,0,180,break,0.0001229882412991429
v18,Python,ocr_only,0,0,180,continue,0.11723164951613887
v19,Python,ocr_only,0,0,180,for loop,0.041931604794367465
v19,Python,ocr_only,0,0,180,for,0.031112145102131793
v19,Python,ocr_only,0,0,180,iteration,0.03966948507795965
v19,Python,ocr_only,0,0,180,range,0.019226156450341605
v19,Python,ocr_only,0,0,180,list,0.05631294771060511
v19,Python,ocr_only,0,0,180,nested loop,-0.0005220560611054342
v19,Python,ocr_only,0,0,180,index,-0.0015029928242032496
v19,Python,ocr_only,0,0,180,break,0.0050884994624215965
v19,Python,ocr_only,0,0,180,continue,0.004903219390936162
v19,Python,ocr_only,1,180,360,for loop,0.030262290269216084
v19,Python,ocr_only,1,180,360,for,0.024061311534758788
v19,Python,ocr_only,1,180,360,iteration,0.03332629015840507
v19,Python,ocr_only,1,180,360,range,0.01792251416356775
v19,Python,ocr_only,1,180,360,list,0.04126482530678152
v19,Python,ocr_only,1,180,360,nested loop,-0.0029108483455507115
v19,Python,ocr_only,1,180,360,index,-0.0039844151894927035
v19,Python,ocr_only,1,180,360,break,0.03690994200859831
v19,Python,ocr_only,1,180,360,continue,0.002140281178226734
v19,Python,ocr_only,2,360,540,for loop,0.07230426601508423
v19,Python,ocr_only,2,360,540,for,0.07995243264237734
v19,Python,ocr_only,2,360,540,iteration,0.0030717152820082
v19,Python,ocr_only,2,360,540,range,0.09614615944257256
v19,Python,ocr_only,2,360,540,list,0.03588095178718927
v19,Python,ocr_only,2,360,540,nested loop,0.0037865692990340797
v19,Python,ocr_only,2,360,540,index,0.002714990227821072
v19,Python,ocr_only,2,360,540,break,-0.004140687727306858
v19,Python,ocr_only,2,360,540,continue,0.024040923637174597
v19,Python,ocr_only,3,540,720,for loop,0.05526689151638661
v19,Python,ocr_only,3,540,720,for,0.055818361031408185
v19,Python,ocr_only,3,540,720,iteration,-0.0017583429930483987
v19,Python,ocr_only,3,540,720,range,0.09594071946060759
v19,Python,ocr_only,3,540,720,list,0.013121767424704027
v19,Python,ocr_only,3,540,720,nested loop,0.0005676718789514705
v19,Python,ocr_only,3,540,720,index,0.004551522362828408
v19,Python,ocr_only,3,540,720,break,-0.002651200204522322
v19,Python,ocr_only,3,540,720,continue,-0.004871341638774368
v20,Python,ocr_only,0,0,180,for loop,0.2427947625559092
v20,Python,ocr_only,0,0,180,for,0.4578363970051697
v20,Python,ocr_only,0,0,180,iteration,0.021408632513528515
v20,Python,ocr_only,0,0,180,range,0.16530739959935062
v20,Python,ocr_only,0,0,180,list,0.18849968803626332
v20,Python,ocr_only,0,0,180,nested loop,-0.0018358061642560267
v20,Python,ocr_only,0,0,180,index,-0.006471370091929404
v20,Python,ocr_only,0,0,180,break,-0.005236723584096969
v20,Python,ocr_only,0,0,180,continue,0.0016432264132557807
v20,Python,ocr_only,1,180,360,for loop,0.07052734267322722
v20,Python,ocr_only,1,180,360,for,0.11630042283133411
v20,Python,ocr_only,1,180,360,iteration,0.007216183277666758
v20,Python,ocr_only,1,180,360,range,0.04599007953535329
v20,Python,ocr_only,1,180,360,list,0.04663612816388057
v20,Python,ocr_only,1,180,360,nested loop,0.0007636485309001558
v20,Python,ocr_only,1,180,360,index,0.009190609560022019
v20,Python,ocr_only,1,180,360,break,0.010454421805288033
v20,Python,ocr_only,1,180,360,continue,-0.0025212230664132217
v20,Python,ocr_only,2,360,540,for loop,0.19704474074770545
v20,Python,ocr_only,2,360,540,for,0.37166184273329234
v20,Python,ocr_only,2,360,540,iteration,0.01459362807921229
v20,Python,ocr_only,2,360,540,range,0.15740527878905775
v20,Python,ocr_only,2,360,540,list,0.13644378212789768
v20,Python,ocr_only,2,360,540,nested loop,-0.0037552952313741074
v20,Python,ocr_only,2,360,540,index,0.0017305178572487776
v20,Python,ocr_only,2,360,540,break,-0.00047323494595798095
v20,Python,ocr_only,2,360,540,continue,0.0056268423893709694
v20,Python,ocr_only,3,540,720,for loop,0.17417182699043685
v20,Python,ocr_only,3,540,720,for,0.3048828518790336
v20,Python,ocr_only,3,540,720,iteration,0.012519912536222465
v20,Python,ocr_only,3,540,720,range,0.15776194523213644
v20,Python,ocr_only,3,540,720,list,0.10610568657009635
v20,Python,ocr_only,3,540,720,nested loop,-0.0018022461041664606
v20,Python,ocr_only,3,540,720,index,-0.004194439095284648
v20,Python,ocr_only,3,540,720,break,-0.0018105371122415855
v20,Python,ocr_only,3,540,720,continue,0.0006649644839461964
v20,Python,ocr_only,4,720,900,for loop,0.16848232508092337
v20,Python,ocr_only,4,720,900,for,0.2891927342751615
v20,Python,ocr_only,4,720,900,iteration,0.013009579634068881
v20,Python,ocr_only,4,720,900,range,0.13700882303882317
v20,Python,ocr_only,4,720,900,list,0.1299051309682897
v20,Python,ocr_only,4,720,900,nested loop,0.002792184939552261
v20,Python,ocr_only,4,720,900,index,0.002450685262817693
v20,Python,ocr_only,4,720,900,break,0.0029325607321871693
v20,Python,ocr_only,4,720,900,continue,-0.004418329866015373
v20,Python,ocr_only,5,900,1080,for loop,0.1861644194697161
v20,Python,ocr_only,5,900,1080,for,0.35974051845602395
v20,Python,ocr_only,5,900,1080,iteration,0.0176796611844944
v20,Python,ocr_only,5,900,1080,range,0.14207239778657568
v20,Python,ocr_only,5,900,1080,list,0.12915551627362806
v20,Python,ocr_only,5,900,1080,nested loop,0.0010462668808956742
v20,Python,ocr_only,5,900,1080,index,0.008185016191121258
v20,Python,ocr_only,5,900,1080,break,0.052633190861129234
v20,Python,ocr_only,5,900,1080,continue,-0.000872854804405746
v20,Python,ocr_only,6,1080,1260,for loop,0.26832502064034924
v20,Python,ocr_only,6,1080,1260,for,0.5290810113744875
v20,Python,ocr_only,6,1080,1260,iteration,0.01676674635390228
v20,Python,ocr_only,6,1080,1260,range,0.20983320079603182
v20,Python,ocr_only,6,1080,1260,list,0.17865913545123463
v20,Python,ocr_only,6,1080,1260,nested loop,-0.00495314447426175
v20,Python,ocr_only,6,1080,1260,index,-0.007933835711855982
v20,Python,ocr_only,6,1080,1260,break,-0.010540635066708468
v20,Python,ocr_only,6,1080,1260,continue,0.03044518493890078
v21,Python,ocr_only,0,0,180,for loop,0.2879517499613096
v21,Python,ocr_only,0,0,180,for,-0.04170177840520748
v21,Python,ocr_only,0,0,180,iteration,-0.013221252752233407
v21,Python,ocr_only,0,0,180,range,-0.0027432024777608007
v21,Python,ocr_only,0,0,180,list,0.013386105664857902
v21,Python,ocr_only,0,0,180,nested loop,0.49867371238939207
v21,Python,ocr_only,0,0,180,index,-0.002144829311181272
v21,Python,ocr_only,0,0,180,break,0.1719955033401607
v21,Python,ocr_only,0,0,180,continue,0.13151222657030154
v21,Python,ocr_only,1,180,360,for loop,-0.01116246796964795
v21,Python,ocr_only,1,180,360,for,0.011639912747652411
v21,Python,ocr_only,1,180,360,iteration,-0.00539724857401339
v21,Python,ocr_only,1,180,360,range,0.004653813625538131
v21,Python,ocr_only,1,180,360,list,0.0006842882217041145
v21,Python,ocr_only,1,180,360,nested loop,-0.014041966153798817
v21,Python,ocr_only,1,180,360,index,-0.0026397359402077613
v21,Python,ocr_only,1,180,360,break,0.0033012795613857034
v21,Python,ocr_only,1,180,360,continue,0.003681031751050419
v21,Python,ocr_only,2,360,540,for loop,0.005412384889168556
v21,Python,ocr_only,2,360,540,for,0.019910624014046065
v21,Python,ocr_only,2,360,540,iteration,0.020878956736104116
v21,Python,ocr_only,2,360,540,range,-0.006773206848653176
v21,Python,ocr_only,2,360,540,list,-0.011235971452476571
v21,Python,ocr_only,2,360,540,nested loop,0.0010503079941045234
v21,Python,ocr_only,2,360,540,index,-0.009576485701331858
v21,Python,ocr_only,2,360,540,break,-0.003662357783240924
v21,Python,ocr_only,2,360,540,continue,0.002204954300062603
v21,Python,ocr_only,3,540,720,for loop,0.004305423492777244
v21,Python,ocr_only,3,540,720,for,-0.01380468659219055
v21,Python,ocr_only,3,540,720,iteration,-0.0038751843887586163
v21,Python,ocr_only,3,540,720,range,-5.307332328727581e-05
v21,Python,ocr_only,3,540,720,list,0.003321151290552712
v21,Python,ocr_only,3,540,720,nested loop,0.0048256353746386664
v21,Python,ocr_only,3,540,720,index,0.004497006819789013
v21,Python,ocr_only,3,540,720,break,0.003839519266244108
v21,Python,ocr_only,3,540,720,continue,-0.0074494845954832835
v21,Python,ocr_only,4,720,900,for loop,0.04453593929792407
v21,Python,ocr_only,4,720,900,for,0.055597859239695964
v21,Python,ocr_only,4,720,900,iteration,0.0025213076119073546
v21,Python,ocr_only,4,720,900,range,0.03047020301938573
v21,Python,ocr_only,4,720,900,list,0.028761991040463793
v21,Python,ocr_only,4,720,900,nested loop,0.05767543872674459
v21,Python,ocr_only,4,720,900,index,0.002799790365655884
v21,Python,ocr_only,4,720,900,break,-0.009497244108746689
v21,Python,ocr_only,4,720,900,continue,-0.008718311784573746
v21,Python,ocr_only,5,900,1080,for loop,-0.005206205025109649
v21,Python,ocr_only,5,900,1080,for,-0.0029107198285903205
v21,Python,ocr_only,5,900,1080,iteration,-0.007316240925294878
v21,Python,ocr_only,5,900,1080,range,0.004082052645322213
v21,Python,ocr_only,5,900,1080,list,0.0029833358936595133
v21,Python,ocr_only,5,900,1080,nested loop,-0.005148537974881976
v21,Python,ocr_only,5,900,1080,index,0.003411956066675794
v21,Python,ocr_only,5,900,1080,break,0.005012767047344023
v21,Python,ocr_only,5,900,1080,continue,0.0016986718356157057
v21,Python,ocr_only,6,1080,1260,for loop,0.001825051452809528
v21,Python,ocr_only,6,1080,1260,for,-0.005514316175871254
v21,Python,ocr_only,6,1080,1260,iteration,0.002167945568068699
v21,Python,ocr_only,6,1080,1260,range,-0.0030189393382209283
v21,Python,ocr_only,6,1080,1260,list,-0.0012832427581036454
v21,Python,ocr_only,6,1080,1260,nested loop,0.0014055361784716704
v21,Python,ocr_only,6,1080,1260,index,0.006878009859913326
v21,Python,ocr_only,6,1080,1260,break,0.0012458826580057272
v21,Python,ocr_only,6,1080,1260,continue,0.004009035873616599
v21,Python,ocr_only,7,1260,1440,for loop,0.02876557939369139
v21,Python,ocr_only,7,1260,1440,for,0.04762061038800734
v21,Python,ocr_only,7,1260,1440,iteration,-0.000584560464661335
v21,Python,ocr_only,7,1260,1440,range,0.026004564944554113
v21,Python,ocr_only,7,1260,1440,list,0.02680961090120119
v21,Python,ocr_only,7,1260,1440,nested loop,0.0022371761017656263
v21,Python,ocr_only,7,1260,1440,index,0.0016436178891870092
v21,Python,ocr_only,7,1260,1440,break,0.00013519369672235877
v21,Python,ocr_only,7,1260,1440,continue,-0.002377153014784281
v21,Python,ocr_only,8,1440,1620,for loop,0.007140941807693833
v21,Python,ocr_only,8,1440,1620,for,0.028317100125925962
v21,Python,ocr_only,8,1440,1620,iteration,0.0014392537043839348
v21,Python,ocr_only,8,1440,1620,range,0.011954089621653391
v21,Python,ocr_only,8,1440,1620,list,0.005630369902364462
v21,Python,ocr_only,8,1440,1620,nested loop,-0.007972671721356524
v21,Python,ocr_only,8,1440,1620,index,-0.003131202876030622
v21,Python,ocr_only,8,1440,1620,break,0.0018443715647167647
v21,Python,ocr_only,8,1440,1620,continue,0.00785345599031061
v22,Python,ocr_only,0,0,180,for loop,0.0018023184688565667
v22,Python,ocr_only,0,0,180,for,0.005890731266341938
v22,Python,ocr_only,0,0,180,iteration,0.4097008090812079
v22,Python,ocr_only,0,0,180,range,0.9412038854897044
v22,Python,ocr_only,0,0,180,list,-0.010348722807071374
v22,Python,ocr_only,0,0,180,nested loop,-0.007420884033592996
v22,Python,ocr_only,0,0,180,index,0.0033654377677799887
v22,Python,ocr_only,0,0,180,break,-0.0005065632858491273
v22,Python,ocr_only,0,0,180,continue,-0.0016320194673166046
v23,Java,ocr_only,0,0,180,class,0.00965574482586
v23,Java,ocr_only,0,0,180,object,0.017857471385533678
v23,Java,ocr_only,0,0,180,method,0.00893060896992141
v23,Java,ocr_only,0,0,180,interface,-0.006398071696510937
v23,Java,ocr_only,0,0,180,implements,0.0014740260426892673
v23,Java,ocr_only,0,0,180,extends,-0.0019490610128838177
v23,Java,ocr_only,0,0,180,inheritance,0.00023118105344851434
v23,Java,ocr_only,0,0,180,abstract class,6.835881160324892e-05
v23,Java,ocr_only,0,0,180,abstract method,-0.0006144287339868934
v23,Java,ocr_only,1,180,360,class,0.034868794638908795
v23,Java,ocr_only,1,180,360,object,0.10324872216565027
v23,Java,ocr_only,1,180,360,method,0.021257236496958362
v23,Java,ocr_only,1,180,360,interface,0.03103710430376186
v23,Java,ocr_only,1,180,360,implements,0.04181082433283396
v23,Java,ocr_only,1,180,360,extends,0.03142661393814452
v23,Java,ocr_only,1,180,360,inheritance,0.029696464467898684
v23,Java,ocr_only,1,180,360,abstract class,0.025338870405673918
v23,Java,ocr_only,1,180,360,abstract method,0.0015625419207802346
v23,Java,ocr_only,2,360,540,class,0.06637846513790571
v23,Java,ocr_only,2,360,540,object,0.25257455601298695
v23,Java,ocr_only,2,360,540,method,-0.039942618822283386
v23,Java,ocr_only,2,360,540,interface,-0.002463190859899802
v23,Java,ocr_only,2,360,540,implements,0.11363287349079379
v23,Java,ocr_only,2,360,540,extends,0.05315785421861562
v23,Java,ocr_only,2,360,540,inheritance,0.03195477728630423
v23,Java,ocr_only,2,360,540,abstract class,0.11462994573392332
v23,Java,ocr_only,2,360,540,abstract method,0.01118610239289362
v23,Java,ocr_only,3,540,720,class,0.13083125199807963
v23,Java,ocr_only,3,540,720,object,0.31688345881623525
v23,Java,ocr_only,3,540,720,method,0.13950277634357727
v23,Java,ocr_only,3,540,720,interface,0.05772346644815196
v23,Java,ocr_only,3,540,720,implements,0.03956783138973936
v23,Java,ocr_only,3,540,720,extends,0.050450563984450976
v23,Java,ocr_only,3,540,720,inheritance,0.0665056900765897
v23,Java,ocr_only,3,540,720,abstract class,0.04138724048945523
v23,Java,ocr_only,3,540,720,abstract method,0.0639907937045149
v23,Java,ocr_only,4,720,900,class,0.04160240534825892
v23,Java,ocr_only,4,720,900,object,0.043805095614618955
v23,Java,ocr_only,4,720,900,method,0.028733556166975562
v23,Java,ocr_only,4,720,900,interface,0.01973560157022161
v23,Java,ocr_only,4,720,900,implements,0.021742133980560432
v23,Java,ocr_only,4,720,900,extends,0.030605992639014513
v23,Java,ocr_only,4,720,900,inheritance,0.02684009667174886
v23,Java,ocr_only,4,720,900,abstract class,-0.005677647004295839
v23,Java,ocr_only,4,720,900,abstract method,-0.017566942713968546
v23,Java,ocr_only,5,900,1080,class,0.07803153684481448
v23,Java,ocr_only,5,900,1080,object,0.0232533136613628
v23,Java,ocr_only,5,900,1080,method,-0.021534773718522672
v23,Java,ocr_only,5,900,1080,interface,-0.021736491927780623
v23,Java,ocr_only,5,900,1080,implements,0.07925497924079423
v23,Java,ocr_only,5,900,1080,extends,0.037564368233567215
v23,Java,ocr_only,5,900,1080,inheritance,0.038388134055821393
v23,Java,ocr_only,5,900,1080,abstract class,0.11195080899287037
v23,Java,ocr_only,5,900,1080,abstract method,0.012215923404072045
v23,Java,ocr_only,6,1080,1260,class,0.11132830008529766
v23,Java,ocr_only,6,1080,1260,object,0.14048785448852763
v23,Java,ocr_only,6,1080,1260,method,0.05736758697296209
v23,Java,ocr_only,6,1080,1260,interface,0.06614909225515452
v23,Java,ocr_only,6,1080,1260,implements,0.11035011697194051
v23,Java,ocr_only,6,1080,1260,extends,0.09310353564314336
v23,Java,ocr_only,6,1080,1260,inheritance,0.08577827005133973
v23,Java,ocr_only,6,1080,1260,abstract class,0.09485113454300481
v23,Java,ocr_only,6,1080,1260,abstract method,0.01429108678043237
v23,Java,ocr_only,7,1260,1440,class,0.04062011807918536
v23,Java,ocr_only,7,1260,1440,object,0.047867548795823125
v23,Java,ocr_only,7,1260,1440,method,0.04206404635001571
v23,Java,ocr_only,7,1260,1440,interface,0.04244862907754295
v23,Java,ocr_only,7,1260,1440,implements,0.06182398747649396
v23,Java,ocr_only,7,1260,1440,extends,0.049337985233103065
v23,Java,ocr_only,7,1260,1440,inheritance,0.04457511331581203
v23,Java,ocr_only,7,1260,1440,abstract class,0.03742996857128855
v23,Java,ocr_only,7,1260,1440,abstract method,-0.00024256495358558196
v23,Java,ocr_only,8,1440,1620,class,0.03514642744907392
v23,Java,ocr_only,8,1440,1620,object,0.03630118186956325
v23,Java,ocr_only,8,1440,1620,method,0.04619904344879567
v23,Java,ocr_only,8,1440,1620,interface,0.04019512980739649
v23,Java,ocr_only,8,1440,1620,implements,0.05279801620683247
v23,Java,ocr_only,8,1440,1620,extends,0.0343264728832103
v23,Java,ocr_only,8,1440,1620,inheritance,0.0389211030944362
v23,Java,ocr_only,8,1440,1620,abstract class,0.030550715547611428
v23,Java,ocr_only,8,1440,1620,abstract method,-0.001780597881051678
v23,Java,ocr_only,9,1620,1800,class,0.1222487382038979
v23,Java,ocr_only,9,1620,1800,object,0.1454663909354077
v23,Java,ocr_only,9,1620,1800,method,0.10113718498420486
v23,Java,ocr_only,9,1620,1800,interface,0.09694066445790277
v23,Java,ocr_only,9,1620,1800,implements,0.17084468298999253
v23,Java,ocr_only,9,1620,1800,extends,0.1363892832319953
v23,Java,ocr_only,9,1620,1800,inheritance,0.13137439072668472
v23,Java,ocr_only,9,1620,1800,abstract class,0.09185713626177
v23,Java,ocr_only,9,1620,1800,abstract method,-0.011591146835971799
v23,Java,ocr_only,10,1800,1980,class,-0.004073183849022045
v23,Java,ocr_only,10,1800,1980,object,-0.00851022175499643
v23,Java,ocr_only,10,1800,1980,method,0.08489258188256206
v23,Java,ocr_only,10,1800,1980,interface,0.04650189115481062
v23,Java,ocr_only,10,1800,1980,implements,-0.003234671098601931
v23,Java,ocr_only,10,1800,1980,extends,-0.0012938378755052138
v23,Java,ocr_only,10,1800,1980,inheritance,-0.0034860870840015892
v23,Java,ocr_only,10,1800,1980,abstract class,0.008875130324821139
v23,Java,ocr_only,10,1800,1980,abstract method,0.08353203015079805
v24,Java,ocr_only,0,0,180,class,0.04614717263203627
v24,Java,ocr_only,0,0,180,object,0.03887274788976186
v24,Java,ocr_only,0,0,180,method,0.07578951591549773
v24,Java,ocr_only,0,0,180,interface,0.051580674130878953
v24,Java,ocr_only,0,0,180,implements,0.05071026073848077
v24,Java,ocr_only,0,0,180,extends,0.03597243464709053
v24,Java,ocr_only,0,0,180,inheritance,0.038618946098188764
v24,Java,ocr_only,0,0,180,abstract class,0.041049795992942624
v24,Java,ocr_only,0,0,180,abstract method,0.038285415070417286
v24,Java,ocr_only,1,180,360,class,0.04486099405189473
v24,Java,ocr_only,1,180,360,object,0.04089330352665277
v24,Java,ocr_only,1,180,360,method,0.06990137722066238
v24,Java,ocr_only,1,180,360,interface,0.04793632429143741
v24,Java,ocr_only,1,180,360,implements,0.052689262791571816
v24,Java,ocr_only,1,180,360,extends,0.03595721715800555
v24,Java,ocr_only,1,180,360,inheritance,0.03797036802674736
v24,Java,ocr_only,1,180,360,abstract class,0.04151495551623111
v24,Java,ocr_only,1,180,360,abstract method,0.03324197977716552
v24,Java,ocr_only,2,360,540,class,0.05249401071003915
v24,Java,ocr_only,2,360,540,object,0.051707789954130425
v24,Java,ocr_only,2,360,540,method,0.0863427400762514
v24,Java,ocr_only,2,360,540,interface,0.06855698293707788
v24,Java,ocr_only,2,360,540,implements,0.06637325194303458
v24,Java,ocr_only,2,360,540,extends,0.0510151008040401
v24,Java,ocr_only,2,360,540,inheritance,0.04877125727655631
v24,Java,ocr_only,2,360,540,abstract class,0.04653278793145492
v24,Java,ocr_only,2,360,540,abstract method,0.04199961663782604
v24,Java,ocr_only,3,540,720,class,0.04060205124417706
v24,Java,ocr_only,3,540,720,object,0.043112166907152624
v24,Java,ocr_only,3,540,720,method,0.08229286476401687
v24,Java,ocr_only,3,540,720,interface,0.06551884565682342
v24,Java,ocr_only,3,540,720,implements,0.05804211386550852
v24,Java,ocr_only,3,540,720,extends,0.048930524962328234
v24,Java,ocr_only,3,540,720,inheritance,0.04115462650977381
v24,Java,ocr_only,3,540,720,abstract class,0.03278305267501682
v24,Java,ocr_only,3,540,720,abstract method,0.03937602457233877
v25,Java,ocr_only,0,0,180,class,0.0824575201092712
v25,Java,ocr_only,0,0,180,object,0.06606762295067656
v25,Java,ocr_only,0,0,180,method,0.12322769100862405
v25,Java,ocr_only,0,0,180,interface,0.12676643113096253
v25,Java,ocr_only,0,0,180,implements,0.10870643362402808
v25,Java,ocr_only,0,0,180,extends,0.05938181028564832
v25,Java,ocr_only,0,0,180,inheritance,0.06774424767139493
v25,Java,ocr_only,0,0,180,abstract class,0.0668816180890875
v25,Java,ocr_only,0,0,180,abstract method,0.07427303319346198
v25,Java,ocr_only,1,180,360,class,0.03771461929206742
v25,Java,ocr_only,1,180,360,object,0.0455271003480647
v25,Java,ocr_only,1,180,360,method,0.019255440286549484
v25,Java,ocr_only,1,180,360,interface,0.10796533059153826
v25,Java,ocr_only,1,180,360,implements,0.19608837372955054
v25,Java,ocr_only,1,180,360,extends,0.04752359363939361
v25,Java,ocr_only,1,180,360,inheritance,0.03462647653119572
v25,Java,ocr_only,1,180,360,abstract class,0.05274284448399288
v25,Java,ocr_only,1,180,360,abstract method,0.013866174449926258
v25,Java,ocr_only,2,360,540,class,-0.00020687302234484163
v25,Java,ocr_only,2,360,540,object,0.005603354361273914
v25,Java,ocr_only,2,360,540,method,-0.0029671273420815965
v25,Java,ocr_only,2,360,540,interface,-0.0035556335030293945
v25,Java,ocr_only,2,360,540,implements,0.0016175436035604294
v25,Java,ocr_only,2,360,540,extends,-0.006517274949867393
v25,Java,ocr_only,2,360,540,inheritance,-0.0018543004562430303
v25,Java,ocr_only,2,360,540,abstract class,0.003516778512752947
v25,Java,ocr_only,2,360,540,abstract method,0.003399975554399316
v26,Java,ocr_only,0,0,180,class,0.06348103687482876
v26,Java,ocr_only,0,0,180,object,0.044728897351575224
v26,Java,ocr_only,0,0,180,method,0.014651280519111468
v26,Java,ocr_only,0,0,180,interface,0.05913139249166555
v26,Java,ocr_only,0,0,180,implements,0.16460117527888343
v26,Java,ocr_only,0,0,180,extends,0.04237065070554415
v26,Java,ocr_only,0,0,180,inheritance,0.04313051432853279
v26,Java,ocr_only,0,0,180,abstract class,0.05665724515250667
v26,Java,ocr_only,0,0,180,abstract method,-0.00022820285153668174
v26,Java,ocr_only,1,180,360,class,0.06275984655602802
v26,Java,ocr_only,1,180,360,object,0.044557459542437554
v26,Java,ocr_only,1,180,360,method,0.013172500730717844
v26,Java,ocr_only,1,180,360,interface,0.06042557518223838
v26,Java,ocr_only,1,180,360,implements,0.1721911191734688
v26,Java,ocr_only,1,180,360,extends,0.04320647219580817
v26,Java,ocr_only,1,180,360,inheritance,0.040039295575896576
v26,Java,ocr_only,1,180,360,abstract class,0.07497193019911523
v26,Java,ocr_only,1,180,360,abstract method,0.015373546396008967
v27,Java,ocr_only,0,0,180,class,0.15860506055010287
v27,Java,ocr_only,0,0,180,object,0.162125853650442
v27,Java,ocr_only,0,0,180,method,0.09897489076764827
v27,Java,ocr_only,0,0,180,interface,0.09304969249625793
v27,Java,ocr_only,0,0,180,implements,0.16339284207237356
v27,Java,ocr_only,0,0,180,extends,0.15320277260837303
v27,Java,ocr_only,0,0,180,inheritance,0.12696907484759856
v27,Java,ocr_only,0,0,180,abstract class,0.12662160453433927
v27,Java,ocr_only,0,0,180,abstract method,-0.003089273737237171
v27,Java,ocr_only,1,180,360,class,0.14455126183177
v27,Java,ocr_only,1,180,360,object,0.13290438079659506
v27,Java,ocr_only,1,180,360,method,0.08393962731342303
v27,Java,ocr_only,1,180,360,interface,0.0892361329703245
v27,Java,ocr_only,1,180,360,implements,0.15980725992929776
v27,Java,ocr_only,1,180,360,extends,0.15663667431488826
v27,Java,ocr_only,1,180,360,inheritance,0.12278214104930962
v27,Java,ocr_only,1,180,360,abstract class,0.1244872042895935
v27,Java,ocr_only,1,180,360,abstract method,0.00045508923159167226
v27,Java,ocr_only,2,360,540,class,0.14409619289263392
v27,Java,ocr_only,2,360,540,object,0.09572593513872665
v27,Java,ocr_only,2,360,540,method,0.04154322208861266
v27,Java,ocr_only,2,360,540,interface,0.04512482502523102
v27,Java,ocr_only,2,360,540,implements,0.13086127205854325
v27,Java,ocr_only,2,360,540,extends,0.1624982976375022
v27,Java,ocr_only,2,360,540,inheritance,0.12429303242542339
v27,Java,ocr_only,2,360,540,abstract class,0.1419732657974975
v27,Java,ocr_only,2,360,540,abstract method,-0.002734944323336774
v28,Java,ocr_only,0,0,180,class,0.07559220983515662
v28,Java,ocr_only,0,0,180,object,0.09498714692740327
v28,Java,ocr_only,0,0,180,method,0.024694198598031514
v28,Java,ocr_only,0,0,180,interface,0.034766430172975066
v28,Java,ocr_only,0,0,180,implements,0.0948888739292599
v28,Java,ocr_only,0,0,180,extends,0.03839978051180942
v28,Java,ocr_only,0,0,180,inheritance,0.056432034282931934
v28,Java,ocr_only,0,0,180,abstract class,0.08744773499415535
v28,Java,ocr_only,0,0,180,abstract method,0.00889098544444001
v28,Java,ocr_only,1,180,360,class,0.07994056635320744
v28,Java,ocr_only,1,180,360,object,0.05047662233326245
v28,Java,ocr_only,1,180,360,method,0.04316562528517633
v28,Java,ocr_only,1,180,360,interface,0.03194015196766936
v28,Java,ocr_only,1,180,360,implements,0.06292354085930317
v28,Java,ocr_only,1,180,360,extends,0.0723743867466466
v28,Java,ocr_only,1,180,360,inheritance,0.045816711127781753
v28,Java,ocr_only,1,180,360,abstract class,0.0962113039210524
v28,Java,ocr_only,1,180,360,abstract method,0.04134974707483209
v28,Java,ocr_only,2,360,540,class,0.06028588289179605
v28,Java,ocr_only,2,360,540,object,0.026479579396983463
v28,Java,ocr_only,2,360,540,method,0.011619659087054092
v28,Java,ocr_only,2,360,540,interface,0.0186599461593045
v28,Java,ocr_only,2,360,540,implements,0.058884001342080494
v28,Java,ocr_only,2,360,540,extends,0.0898221557080782
v28,Java,ocr_only,2,360,540,inheritance,0.04806635064199327
v28,Java,ocr_only,2,360,540,abstract class,0.05514766564113853
v28,Java,ocr_only,2,360,540,abstract method,-0.0011830139448625627
v28,Java,ocr_only,3,540,720,class,0.08313940649311836
v28,Java,ocr_only,3,540,720,object,0.05106930543090916
v28,Java,ocr_only,3,540,720,method,0.02384403275433319
v28,Java,ocr_only,3,540,720,interface,0.026408747707045155
v28,Java,ocr_only,3,540,720,implements,0.08093405733664677
v28,Java,ocr_only,3,540,720,extends,0.0836561550684009
v28,Java,ocr_only,3,540,720,inheritance,0.06217325797623769
v28,Java,ocr_only,3,540,720,abstract class,0.07572820921450898
v28,Java,ocr_only,3,540,720,abstract method,-0.003310645344191327
v28,Java,ocr_only,4,720,900,class,0.058195709492585374
v28,Java,ocr_only,4,720,900,object,0.07119936818087062
v28,Java,ocr_only,4,720,900,method,0.02812166174412559
v28,Java,ocr_only,4,720,900,interface,0.022427184989532972
v28,Java,ocr_only,4,720,900,implements,0.06107315724357609
v28,Java,ocr_only,4,720,900,extends,0.04981057183428521
v28,Java,ocr_only,4,720,900,inheritance,0.03619663301824431
v28,Java,ocr_only,4,720,900,abstract class,0.03695008596421871
v28,Java,ocr_only,4,720,900,abstract method,-0.0015701201856155858
v29,Java,ocr_only,0,0,180,class,0.11246030125047402
v29,Java,ocr_only,0,0,180,object,0.07569292852569084
v29,Java,ocr_only,0,0,180,method,0.08001651324718141
v29,Java,ocr_only,0,0,180,interface,0.060853429454772984
v29,Java,ocr_only,0,0,180,implements,0.09149721763645625
v29,Java,ocr_only,0,0,180,extends,0.08004419427911368
v29,Java,ocr_only,0,0,180,inheritance,0.07914483942018016
v29,Java,ocr_only,0,0,180,abstract class,0.15799308878495813
v29,Java,ocr_only,0,0,180,abstract method,0.05741882899835507
v29,Java,ocr_only,1,180,360,class,0.09978616882364184
v29,Java,ocr_only,1,180,360,object,0.08769871731984805
v29,Java,ocr_only,1,180,360,method,0.03934648011494264
v29,Java,ocr_only,1,180,360,interface,0.05434184301336479
v29,Java,ocr_only,1,180,360,implements,0.11753737509146897
v29,Java,ocr_only,1,180,360,extends,0.11196841713019863
v29,Java,ocr_only,1,180,360,inheritance,0.08620221734767856
v29,Java,ocr_only,1,180,360,abstract class,0.20310795727567993
v29,Java,ocr_only,1,180,360,abstract method,0.06981546918078328
v29,Java,ocr_only,2,360,540,class,0.07194951983960493
v29,Java,ocr_only,2,360,540,object,0.06528172125012456
v29,Java,ocr_only,2,360,540,method,0.04921641388744483
v29,Java,ocr_only,2,360,540,interface,0.08310935635467846
v29,Java,ocr_only,2,360,540,implements,0.11939311450904036
v29,Java,ocr_only,2,360,540,extends,0.0934031845670449
v29,Java,ocr_only,2,360,540,inheritance,0.06477698409480226
v29,Java,ocr_only,2,360,540,abstract class,0.18418688732039437
v29,Java,ocr_only,2,360,540,abstract method,0.08453294075951295
v30,Java,ocr_only,0,0,180,class,0.11227733220957094
v30,Java,ocr_only,0,0,180,object,0.025641821948391666
v30,Java,ocr_only,0,0,180,method,-0.038195204865638925
v30,Java,ocr_only,0,0,180,interface,-0.01793528503966845
v30,Java,ocr_only,0,0,180,implements,0.07996421604553162
v30,Java,ocr_only,0,0,180,extends,0.136337606096789
v30,Java,ocr_only,0,0,180,inheritance,0.0746740649734057
v30,Java,ocr_only,0,0,180,abstract class,0.5128845199906192
v30,Java,ocr_only,0,0,180,abstract method,0.3570695131214814
v31,C++,ocr_only,0,0,180,variable,-0.001296777471233851
v31,C++,ocr_only,0,0,180,data type,0.007458572030876368
v31,C++,ocr_only,0,0,180,pointer,0.00673474958861613
v31,C++,ocr_only,0,0,180,reference,0.010956839697750432
v31,C++,ocr_only,0,0,180,class,0.012265062324872709
v31,C++,ocr_only,0,0,180,object,-0.005715219261881315
v31,C++,ocr_only,0,0,180,constructor,0.003917468891223499
v31,C++,ocr_only,0,0,180,inheritance,-0.0027619739979489063
v31,C++,ocr_only,0,0,180,polymorphism,0.006671662697662323
v31,C++,ocr_only,0,0,180,template,0.009885415121721296
v31,C++,ocr_only,1,180,360,variable,7.209993415808821e-05
v31,C++,ocr_only,1,180,360,data type,0.007322359318444802
v31,C++,ocr_only,1,180,360,pointer,0.0063626722931177816
v31,C++,ocr_only,1,180,360,reference,0.01103983976362761
v31,C++,ocr_only,1,180,360,class,0.01233909423612716
v31,C++,ocr_only,1,180,360,object,-0.005214085121002202
v31,C++,ocr_only,1,180,360,constructor,0.0042994451388383165
v31,C++,ocr_only,1,180,360,inheritance,-0.0026692178261623215
v31,C++,ocr_only,1,180,360,polymorphism,0.006151209721831702
v31,C++,ocr_only,1,180,360,template,0.010151795542249285
v31,C++,ocr_only,2,360,540,variable,0.025512654776533725
v31,C++,ocr_only,2,360,540,data type,0.011701581987734274
v31,C++,ocr_only,2,360,540,pointer,0.01007310508555919
v31,C++,ocr_only,2,360,540,reference,0.02113871787671145
v31,C++,ocr_only,2,360,540,class,0.018890377385607438
v31,C++,ocr_only,2,360,540,object,-0.0013052798159206283
v31,C++,ocr_only,2,360,540,constructor,0.011812018280831867
v31,C++,ocr_only,2,360,540,inheritance,-0.0009480634143316206
v31,C++,ocr_only,2,360,540,polymorphism,0.0026969309819712423
v31,C++,ocr_only,2,360,540,template,0.02221205197449785
v31,C++,ocr_only,3,540,720,variable,0.0418953109398229
v31,C++,ocr_only,3,540,720,data type,0.015298954882948792
v31,C++,ocr_only,3,540,720,pointer,0.01621050871324868
v31,C++,ocr_only,3,540,720,reference,0.027310661588534183
v31,C++,ocr_only,3,540,720,class,0.02678313525428691
v31,C++,ocr_only,3,540,720,object,9.437091694660616e-05
v31,C++,ocr_only,3,540,720,constructor,0.01695306373418027
v31,C++,ocr_only,3,540,720,inheritance,-0.001184588610682204
v31,C++,ocr_only,3,540,720,polymorphism,0.003817106933900756
v31,C++,ocr_only,3,540,720,template,0.030981004120908432
v31,C++,ocr_only,4,720,900,variable,0.013055714356634919
v31,C++,ocr_only,4,720,900,data type,0.010230099019680819
v31,C++,ocr_only,4,720,900,pointer,0.0017085961920958767
v31,C++,ocr_only,4,720,900,reference,0.009322374870559447
v31,C++,ocr_only,4,720,900,class,0.012900834740632035
v31,C++,ocr_only,4,720,900,object,-0.0008831361371577157
v31,C++,ocr_only,4,720,900,constructor,0.008748690440420403
v31,C++,ocr_only,4,720,900,inheritance,-0.0010693668742327138
v31,C++,ocr_only,4,720,900,polymorphism,3.1082804472528366e-05
v31,C++,ocr_only,4,720,900,template,0.015420092182391607
v31,C++,ocr_only,5,900,1080,variable,0.0046669621695926795
v31,C++,ocr_only,5,900,1080,data type,-0.003206715373470237
v31,C++,ocr_only,5,900,1080,pointer,-0.004537156420054304
v31,C++,ocr_only,5,900,1080,reference,-0.002596553408291511
v31,C++,ocr_only,5,900,1080,class,-0.0006621000165800573
v31,C++,ocr_only,5,900,1080,object,0.002518295297900299
v31,C++,ocr_only,5,900,1080,constructor,0.0007491295835790227
v31,C++,ocr_only,5,900,1080,inheritance,0.0018224078118163106
v31,C++,ocr_only,5,900,1080,polymorphism,-0.004622900252879746
v31,C++,ocr_only,5,900,1080,template,0.0014314520471667474
v31,C++,ocr_only,6,1080,1260,variable,0.009249699343861474
v31,C++,ocr_only,6,1080,1260,data type,-0.0049166180880377995
v31,C++,ocr_only,6,1080,1260,pointer,-0.006143725032363706
v31,C++,ocr_only,6,1080,1260,reference,-0.002428254523394931
v31,C++,ocr_only,6,1080,1260,class,-0.0010729447141941354
v31,C++,ocr_only,6,1080,1260,object,0.0037683341505083067
v31,C++,ocr_only,6,1080,1260,constructor,0.0010808360832327306
v31,C++,ocr_only,6,1080,1260,inheritance,0.0025613005275969907
v31,C++,ocr_only,6,1080,1260,polymorphism,-0.00546180557147638
v31,C++,ocr_only,6,1080,1260,template,0.0014074823877795553
v31,C++,ocr_only,7,1260,1440,variable,0.0027203463511307033
v31,C++,ocr_only,7,1260,1440,data type,0.0030083378068449297
v31,C++,ocr_only,7,1260,1440,pointer,-0.0005540446310600608
v31,C++,ocr_only,7,1260,1440,reference,0.0031547730340672664
v31,C++,ocr_only,7,1260,1440,class,0.0037256355338021966
v31,C++,ocr_only,7,1260,1440,object,0.0006578151604107445
v31,C++,ocr_only,7,1260,1440,constructor,0.0019759695724027174
v31,C++,ocr_only,7,1260,1440,inheritance,0.0005816871855614653
v31,C++,ocr_only,7,1260,1440,polymorphism,-0.0026423907880468857
v31,C++,ocr_only,7,1260,1440,template,0.005766538343212509
v31,C++,ocr_only,8,1440,1620,variable,0.014692318288201995
v31,C++,ocr_only,8,1440,1620,data type,0.011063471975664296
v31,C++,ocr_only,8,1440,1620,pointer,-0.001304384690329956
v31,C++,ocr_only,8,1440,1620,reference,0.007978420063713975
v31,C++,ocr_only,8,1440,1620,class,0.008994482784650145
v31,C++,ocr_only,8,1440,1620,object,0.0039928538009733686
v31,C++,ocr_only,8,1440,1620,constructor,0.006224114765529993
v31,C++,ocr_only,8,1440,1620,inheritance,0.0008685841506671537
v31,C++,ocr_only,8,1440,1620,polymorphism,-0.007791986833513609
v31,C++,ocr_only,8,1440,1620,template,0.017140616490106352
v31,C++,ocr_only,9,1620,1800,variable,0.006348475831498244
v31,C++,ocr_only,9,1620,1800,data type,-0.002223762481860823
v31,C++,ocr_only,9,1620,1800,pointer,-0.0044900107403163785
v31,C++,ocr_only,9,1620,1800,reference,-0.002709696456229225
v31,C++,ocr_only,9,1620,1800,class,0.00023602118412307602
v31,C++,ocr_only,9,1620,1800,object,0.003952596415357142
v31,C++,ocr_only,9,1620,1800,constructor,0.001227722425796676
v31,C++,ocr_only,9,1620,1800,inheritance,0.001728421117836275
v31,C++,ocr_only,9,1620,1800,polymorphism,-0.005052642360077418
v31,C++,ocr_only,9,1620,1800,template,0.007165547362278192
v31,C++,ocr_only,10,1800,1980,variable,0.0010972337855411861
v31,C++,ocr_only,10,1800,1980,data type,-0.006779211636785923
v31,C++,ocr_only,10,1800,1980,pointer,-0.002499944727381369
v31,C++,ocr_only,10,1800,1980,reference,-0.00396484444362695
v31,C++,ocr_only,10,1800,1980,class,-2.812518069919187e-05
v31,C++,ocr_only,10,1800,1980,object,0.00010211213962241437
v31,C++,ocr_only,10,1800,1980,constructor,0.0017326526691193646
v31,C++,ocr_only,10,1800,1980,inheritance,0.0005268108494956209
v31,C++,ocr_only,10,1800,1980,polymorphism,0.00030568915872641314
v31,C++,ocr_only,10,1800,1980,template,0.005788896444013961
v31,C++,ocr_only,11,1980,2160,variable,0.012817002900771353
v31,C++,ocr_only,11,1980,2160,data type,0.012760449195035523
v31,C++,ocr_only,11,1980,2160,pointer,0.004774502239239399
v31,C++,ocr_only,11,1980,2160,reference,0.023892085394604905
v31,C++,ocr_only,11,1980,2160,class,0.02530452161246838
v31,C++,ocr_only,11,1980,2160,object,-0.008273359071163526
v31,C++,ocr_only,11,1980,2160,constructor,0.011465430583768779
v31,C++,ocr_only,11,1980,2160,inheritance,-0.00021057557915823015
v31,C++,ocr_only,11,1980,2160,polymorphism,0.015552056700527514
v31,C++,ocr_only,11,1980,2160,template,0.007582104466001005
v32,C++,ocr_only,0,0,180,variable,0.3687293047826379
v32,C++,ocr_only,0,0,180,data type,0.07720045324225178
v32,C++,ocr_only,0,0,180,pointer,0.16504426482785198
v32,C++,ocr_only,0,0,180,reference,0.08490884868235393
v32,C++,ocr_only,0,0,180,class,0.008124268726708917
v32,C++,ocr_only,0,0,180,object,0.009692055874178486
v32,C++,ocr_only,0,0,180,constructor,0.0025907631654675037
v32,C++,ocr_only,0,0,180,inheritance,0.004847433519785937
v32,C++,ocr_only,0,0,180,polymorphism,-0.002634631775985973
v32,C++,ocr_only,0,0,180,template,0.012299369003115481
v32,C++,ocr_only,1,180,360,variable,0.03163390543398824
v32,C++,ocr_only,1,180,360,data type,0.15864031047739482
v32,C++,ocr_only,1,180,360,pointer,0.010444112191812757
v32,C++,ocr_only,1,180,360,reference,0.004253730776403748
v32,C++,ocr_only,1,180,360,class,0.04963611352879573
v32,C++,ocr_only,1,180,360,object,9.846329228751244e-05
v32,C++,ocr_only,1,180,360,constructor,-1.6089773716197266e-05
v32,C++,ocr_only,1,180,360,inheritance,0.0002806902625701962
v32,C++,ocr_only,1,180,360,polymorphism,-0.007258156897571646
v32,C++,ocr_only,1,180,360,template,-0.0016156411987221595
v32,C++,ocr_only,2,360,540,variable,0.09510495320633096
v32,C++,ocr_only,2,360,540,data type,0.24372441400628486
v32,C++,ocr_only,2,360,540,pointer,0.0031952496989449
v32,C++,ocr_only,2,360,540,reference,0.00681006367899381
v32,C++,ocr_only,2,360,540,class,0.0696573391966915
v32,C++,ocr_only,2,360,540,object,0.000778359552659107
v32,C++,ocr_only,2,360,540,constructor,0.00780391923013855
v32,C++,ocr_only,2,360,540,inheritance,0.0031962476655510827
v32,C++,ocr_only,2,360,540,polymorphism,-0.007469605881088911
v32,C++,ocr_only,2,360,540,template,0.0177328886822245
v32,C++,ocr_only,3,540,720,variable,0.07027645471899646
v32,C++,ocr_only,3,540,720,data type,0.3333980676046368
v32,C++,ocr_only,3,540,720,pointer,0.018507813395553904
v32,C++,ocr_only,3,540,720,reference,0.018164986311403515
v32,C++,ocr_only,3,540,720,class,0.12165734140878832
v32,C++,ocr_only,3,540,720,object,-0.009979207795341807
v32,C++,ocr_only,3,540,720,constructor,0.00816606856689875
v32,C++,ocr_only,3,540,720,inheritance,-0.0035690233058244614
v32,C++,ocr_only,3,540,720,polymorphism,0.008029112406759218
v32,C++,ocr_only,3,540,720,template,-0.0009984165150383926
v33,C++,ocr_only,0,0,180,variable,0.029571871465909633
v33,C++,ocr_only,0,0,180,data type,0.023361103109404965
v33,C++,ocr_only,0,0,180,pointer,0.00955955779841513
v33,C++,ocr_only,0,0,180,reference,0.012987187749435032
v33,C++,ocr_only,0,0,180,class,0.017065946434245065
v33,C++,ocr_only,0,0,180,object,0.003774252035656707
v33,C++,ocr_only,0,0,180,constructor,0.01622391078952674
v33,C++,ocr_only,0,0,180,inheritance,0.001761141307960658
v33,C++,ocr_only,0,0,180,polymorphism,2.1390998054761998e-05
v33,C++,ocr_only,0,0,180,template,0.02574655799882033
v33,C++,ocr_only,1,180,360,variable,0.01993001952332345
v33,C++,ocr_only,1,180,360,data type,0.014322047785779123
v33,C++,ocr_only,1,180,360,pointer,0.004006042469520014
v33,C++,ocr_only,1,180,360,reference,0.011769852547328203
v33,C++,ocr_only,1,180,360,class,0.018430964674364236
v33,C++,ocr_only,1,180,360,object,0.0003288839546780282
v33,C++,ocr_only,1,180,360,constructor,0.012568526376022347
v33,C++,ocr_only,1,180,360,inheritance,-0.0004108081946973863
v33,C++,ocr_only,1,180,360,polymorphism,0.0008036089390651282
v33,C++,ocr_only,1,180,360,template,0.02250815119016778
v33,C++,ocr_only,2,360,540,variable,0.013160459389378681
v33,C++,ocr_only,2,360,540,data type,0.0025576514638077966
v33,C++,ocr_only,2,360,540,pointer,-0.0025939030093345347
v33,C++,ocr_only,2,360,540,reference,0.010218770063739783
v33,C++,ocr_only,2,360,540,class,0.010542638690051917
v33,C++,ocr_only,2,360,540,object,-0.0007863967545424731
v33,C++,ocr_only,2,360,540,constructor,0.004313400349327008
v33,C++,ocr_only,2,360,540,inheritance,8.666608230177954e-05
v33,C++,ocr_only,2,360,540,polymorphism,-0.002136903422315312
v33,C++,ocr_only,2,360,540,template,0.012737542408063077
v33,C++,ocr_only,3,540,720,variable,-0.0001657346171259317
v33,C++,ocr_only,3,540,720,data type,-0.007248975908678242
v33,C++,ocr_only,3,540,720,pointer,0.0003719191173952538
v33,C++,ocr_only,3,540,720,reference,0.0004112707304582353
v33,C++,ocr_only,3,540,720,class,0.0010410674996789793
v33,C++,ocr_only,3,540,720,object,-0.000254270896316165
v33,C++,ocr_only,3,540,720,constructor,-0.0008099355749993252
v33,C++,ocr_only,3,540,720,inheritance,0.0005338697711049776
v33,C++,ocr_only,3,540,720,polymorphism,-0.001695101162418822
v33,C++,ocr_only,3,540,720,template,0.0021673440778436806
v34,C++,ocr_only,0,0,180,variable,0.0182665982247726
v34,C++,ocr_only,0,0,180,data type,0.031097924736083183
v34,C++,ocr_only,0,0,180,pointer,0.011342138096941822
v34,C++,ocr_only,0,0,180,reference,0.023775060384446992
v34,C++,ocr_only,0,0,180,class,0.04362281960634874
v34,C++,ocr_only,0,0,180,object,-0.006537499443496208
v34,C++,ocr_only,0,0,180,constructor,-0.002612038250907913
v34,C++,ocr_only,0,0,180,inheritance,-0.007824104237200518
v34,C++,ocr_only,0,0,180,polymorphism,0.004321009168635099
v34,C++,ocr_only,0,0,180,template,0.07562168637625993
v34,C++,ocr_only,1,180,360,variable,0.0010755121177259347
v34,C++,ocr_only,1,180,360,data type,0.0033374626251701307
v34,C++,ocr_only,1,180,360,pointer,-0.0029343012554230033
v34,C++,ocr_only,1,180,360,reference,-0.00179683284283056
v34,C++,ocr_only,1,180,360,class,0.007653916229194866
v34,C++,ocr_only,1,180,360,object,-7.620351970935003e-05
v34,C++,ocr_only,1,180,360,constructor,0.0003150015073544266
v34,C++,ocr_only,1,180,360,inheritance,0.0014208583467319289
v34,C++,ocr_only,1,180,360,polymorphism,4.342914778842624e-05
v34,C++,ocr_only,1,180,360,template,0.005311803337921691
v34,C++,ocr_only,2,360,540,variable,0.0009663592027000789
v34,C++,ocr_only,2,360,540,data type,-0.0019006864580696746
v34,C++,ocr_only,2,360,540,pointer,-0.003951150561840953
v34,C++,ocr_only,2,360,540,reference,-0.0011716684886826766
v34,C++,ocr_only,2,360,540,class,0.00020580697600234072
v34,C++,ocr_only,2,360,540,object,0.0009242699255057758
v34,C++,ocr_only,2,360,540,constructor,0.0006513300921819024
v34,C++,ocr_only,2,360,540,inheritance,0.002727634294084945
v34,C++,ocr_only,2,360,540,polymorphism,-0.0008484832472870642
v34,C++,ocr_only,2,360,540,template,-0.006700769074545121
v34,C++,ocr_only,3,540,720,variable,0.0027746905923930524
v34,C++,ocr_only,3,540,720,data type,-0.0024229240272280067
v34,C++,ocr_only,3,540,720,pointer,-0.006662209840254244
v34,C++,ocr_only,3,540,720,reference,0.0003010347015638189
v34,C++,ocr_only,3,540,720,class,0.0001627628447952779
v34,C++,ocr_only,3,540,720,object,0.007678302230798133
v34,C++,ocr_only,3,540,720,constructor,0.0023116040016071602
v34,C++,ocr_only,3,540,720,inheritance,0.003971168376306241
v34,C++,ocr_only,3,540,720,polymorphism,-0.008298484462024632
v34,C++,ocr_only,3,540,720,template,-0.0025082645715700357
v35,C++,ocr_only,0,0,180,variable,0.12196634898020925
v35,C++,ocr_only,0,0,180,data type,0.005024150846493134
v35,C++,ocr_only,0,0,180,pointer,-0.029350469270186856
v35,C++,ocr_only,0,0,180,reference,0.410234571899695
v35,C++,ocr_only,0,0,180,class,0.013336519827833303
v35,C++,ocr_only,0,0,180,object,0.1030415039084421
v35,C++,ocr_only,0,0,180,constructor,0.020661651718999263
v35,C++,ocr_only,0,0,180,inheritance,0.018470100056188116
v35,C++,ocr_only,0,0,180,polymorphism,-0.06105568568077543
v35,C++,ocr_only,0,0,180,template,0.10199140744641058
v35,C++,ocr_only,1,180,360,variable,0.052175505241067135
v35,C++,ocr_only,1,180,360,data type,0.010392737333805682
v35,C++,ocr_only,1,180,360,pointer,-0.015114575259502126
v35,C++,ocr_only,1,180,360,reference,0.1521482809253432
v35,C++,ocr_only,1,180,360,class,0.012974453707351643
v35,C++,ocr_only,1,180,360,object,0.04571052502055204
v35,C++,ocr_only,1,180,360,constructor,0.014785211004195645
v35,C++,ocr_only,1,180,360,inheritance,0.0016623218378982287
v35,C++,ocr_only,1,180,360,polymorphism,-0.008563415396560043
v35,C++,ocr_only,1,180,360,template,0.10201938015987129
v35,C++,ocr_only,2,360,540,variable,0.28588849571381386
v35,C++,ocr_only,2,360,540,data type,0.06663070116613748
v35,C++,ocr_only,2,360,540,pointer,0.22448431258332543
v35,C++,ocr_only,2,360,540,reference,0.26257544191514814
v35,C++,ocr_only,2,360,540,class,0.02369189290719533
v35,C++,ocr_only,2,360,540,object,-0.03602958138350184
v35,C++,ocr_only,2,360,540,constructor,-0.0018526904388908858
v35,C++,ocr_only,2,360,540,inheritance,-0.023430820284459763
v35,C++,ocr_only,2,360,540,polymorphism,0.1229228543030386
v35,C++,ocr_only,2,360,540,template,0.004297461778144425
v36,C++,ocr_only,0,0,180,variable,0.0001649893100175655
v36,C++,ocr_only,0,0,180,data type,-0.0030993304030513796
v36,C++,ocr_only,0,0,180,pointer,0.002022212009753854
v36,C++,ocr_only,0,0,180,reference,0.0017411063875245483
v36,C++,ocr_only,0,0,180,class,0.0033011097851315813
v36,C++,ocr_only,0,0,180,object,0.002556853482875314
v36,C++,ocr_only,0,0,180,constructor,-0.0041230335807864605
v36,C++,ocr_only,0,0,180,inheritance,-0.003932230027242801
v36,C++,ocr_only,0,0,180,polymorphism,-0.0005008890238269562
v36,C++,ocr_only,0,0,180,template,-0.002526711514278716
v37,C++,ocr_only,0,0,180,variable,-0.00034849876537456243
v37,C++,ocr_only,0,0,180,data type,0.0008422540129383258
v37,C++,ocr_only,0,0,180,pointer,-0.0005346031209559519
v37,C++,ocr_only,0,0,180,reference,-0.000715950274843676
v37,C++,ocr_only,0,0,180,class,2.36407587054818e-05
v37,C++,ocr_only,0,0,180,object,0.00023547696400865885
v37,C++,ocr_only,0,0,180,constructor,0.00011132606235060105
v37,C++,ocr_only,0,0,180,inheritance,-0.0005155736157363134
v37,C++,ocr_only,0,0,180,polymorphism,0.0003308852166694281
v37,C++,ocr_only,0,0,180,template,-0.0012031079262148185
v38,C++,ocr_only,0,0,180,variable,0.004281964016243625
v38,C++,ocr_only,0,0,180,data type,0.002074937115953121
v38,C++,ocr_only,0,0,180,pointer,-0.0016118966204762416
v38,C++,ocr_only,0,0,180,reference,-0.002119397826431429
v38,C++,ocr_only,0,0,180,class,0.0218500408746059
v38,C++,ocr_only,0,0,180,object,0.009901280534446732
v38,C++,ocr_only,0,0,180,constructor,0.007972937209171837
v38,C++,ocr_only,0,0,180,inheritance,0.007955843509312506
v38,C++,ocr_only,0,0,180,polymorphism,-0.004698654971125426
v38,C++,ocr_only,0,0,180,template,-0.003993139897278069
v38,C++,ocr_only,1,180,360,variable,0.001415076847724335
v38,C++,ocr_only,1,180,360,data type,-0.002699373154334703
v38,C++,ocr_only,1,180,360,pointer,-0.000745877862434524
v38,C++,ocr_only,1,180,360,reference,-4.554719649400287e-05
v38,C++,ocr_only,1,180,360,class,0.019658394662553695
v38,C++,ocr_only,1,180,360,object,0.007557169077728287
v38,C++,ocr_only,1,180,360,constructor,0.005540014912142246
v38,C++,ocr_only,1,180,360,inheritance,0.007375583504365675
v38,C++,ocr_only,1,180,360,polymorphism,0.002047595220420707
v38,C++,ocr_only,1,180,360,template,-0.00018674451985820471
v38,C++,ocr_only,2,360,540,variable,-0.003140869646154192
v38,C++,ocr_only,2,360,540,data type,-0.003211444131521728
v38,C++,ocr_only,2,360,540,pointer,0.0016087482720500452
v38,C++,ocr_only,2,360,540,reference,-5.6758751821600473e-05
v38,C++,ocr_only,2,360,540,class,0.034418817391498054
v38,C++,ocr_only,2,360,540,object,0.01334231494390916
v38,C++,ocr_only,2,360,540,constructor,0.009947709407881842
v38,C++,ocr_only,2,360,540,inheritance,0.014251530882957457
v38,C++,ocr_only,2,360,540,polymorphism,0.006831799620447207
v38,C++,ocr_only,2,360,540,template,0.00028201145617400014
v39,C++,ocr_only,0,0,180,variable,0.029588003350781465
v39,C++,ocr_only,0,0,180,data type,0.023816986182022378
v39,C++,ocr_only,0,0,180,pointer,-0.0019609627050744625
v39,C++,ocr_only,0,0,180,reference,-0.003893861699486379
v39,C++,ocr_only,0,0,180,class,0.06400579101597122
v39,C++,ocr_only,0,0,180,object,0.017349384733790007
v39,C++,ocr_only,0,0,180,constructor,0.025868252649268276
v39,C++,ocr_only,0,0,180,inheritance,0.005450393157844846
v39,C++,ocr_only,0,0,180,polymorphism,-0.008722384543093055
v39,C++,ocr_only,0,0,180,template,0.025366702240150328
v39,C++,ocr_only,1,180,360,variable,0.022827271647120933
v39,C++,ocr_only,1,180,360,data type,0.012249048959474453
v39,C++,ocr_only,1,180,360,pointer,-0.001846868140436573
v39,C++,ocr_only,1,180,360,reference,0.0028945096518307022
v39,C++,ocr_only,1,180,360,class,0.07829235509901303
v39,C++,ocr_only,1,180,360,object,0.027491900927441096
v39,C++,ocr_only,1,180,360,constructor,0.029407556292433593
v39,C++,ocr_only,1,180,360,inheritance,0.02552078826990877
v39,C++,ocr_only,1,180,360,polymorphism,-0.0033497654445221485
v39,C++,ocr_only,1,180,360,template,0.0185415387083281
v39,C++,ocr_only,2,360,540,variable,0.007742406338638159
v39,C++,ocr_only,2,360,540,data type,-0.00037197792712206337
v39,C++,ocr_only,2,360,540,pointer,-0.0002135227174748231
v39,C++,ocr_only,2,360,540,reference,0.021623627509114163
v39,C++,ocr_only,2,360,540,class,0.046956016398984536
v39,C++,ocr_only,2,360,540,object,0.016374993741628888
v39,C++,ocr_only,2,360,540,constructor,0.018920947656317872
v39,C++,ocr_only,2,360,540,inheritance,0.02094041003082429
v39,C++,ocr_only,2,360,540,polymorphism,0.0050008808291020284
v39,C++,ocr_only,2,360,540,template,0.017144932536435686
v39,C++,ocr_only,3,540,720,variable,0.007075954875228291
v39,C++,ocr_only,3,540,720,data type,0.002183176296434171
v39,C++,ocr_only,3,540,720,pointer,0.0007451509492016471
v39,C++,ocr_only,3,540,720,reference,0.023516348902714306
v39,C++,ocr_only,3,540,720,class,0.04466432540834836
v39,C++,ocr_only,3,540,720,object,0.014481087408113009
v39,C++,ocr_only,3,540,720,constructor,0.018837138998430338
v39,C++,ocr_only,3,540,720,inheritance,0.01911579226884828
v39,C++,ocr_only,3,540,720,polymorphism,0.00492494746852006
v39,C++,ocr_only,3,540,720,template,0.018649419596765415
v40,C++,ocr_only,0,0,180,variable,0.005200439180209338
v40,C++,ocr_only,0,0,180,data type,0.007859670517405055
v40,C++,ocr_only,0,0,180,pointer,0.016163676948781045
v40,C++,ocr_only,0,0,180,reference,0.0024763828116506
v40,C++,ocr_only,0,0,180,class,-0.005965608127378643
v40,C++,ocr_only,0,0,180,object,0.0027413164098877545
v40,C++,ocr_only,0,0,180,constructor,0.004665506809475612
v40,C++,ocr_only,0,0,180,inheritance,-0.014166652466562511
v40,C++,ocr_only,0,0,180,polymorphism,-0.010967014172231362
v40,C++,ocr_only,0,0,180,template,0.003781459908092007
