video_id,subject,method,concept,num_chunks,max_final_score,mean_final_score,aggregation,max_lsa_score,best_chunk_id,best_start_sec,best_end_sec,predicted
v1,SQL,ocr_only,inner join,5,0.8298039049894923,0.5909038007357394,max,0.17275207750176183,4,720,900,1
v1,SQL,ocr_only,join,5,1.0,1.0,max,0.20838484029580776,0,0,180,1
v1,SQL,ocr_only,left join,5,0.6276031952409773,0.13083523205139863,max,0.11961000007304769,0,0,180,1
v10,SQL,ocr_only,aggregate function,7,0.6466550176667509,0.2593034250711505,max,0.09739511082440315,2,360,540,1
v10,SQL,ocr_only,count,7,0.9392114468357496,0.36409399415964694,max,0.10208520596704282,5,900,1080,1
v10,SQL,ocr_only,group by,7,1.0,0.991055619003386,max,0.6679733943602209,0,0,180,1
v10,SQL,ocr_only,select,7,1.0,0.5266168535748594,max,0.19003527548077573,2,360,540,1
v11,SQL,ocr_only,count,1,0.6687451766542222,0.6687451766542222,max,0.00027894457975643567,0,0,180,1
v11,SQL,ocr_only,group by,1,0.8238077390999745,0.8238077390999745,max,0.0025885247912623855,0,0,180,1
v11,SQL,ocr_only,having,1,0.6656712212385929,0.6656712212385929,max,0.00023315953346924554,0,0,180,1
v11,SQL,ocr_only,join,1,1.0,1.0,max,0.005212821415649426,0,0,180,1
v11,SQL,ocr_only,select,1,0.6740970700921741,0.6740970700921741,max,0.00035865838677356595,0,0,180,1
v11,SQL,ocr_only,subquery,1,0.9825616691725934,0.9825616691725934,max,0.004953086098720412,0,0,180,1
v11,SQL,ocr_only,where,1,0.7712183043000838,0.7712183043000838,max,0.0018052311578258698,0,0,180,1
v12,SQL,ocr_only,group by,1,0.8707998543996253,0.8707998543996253,max,0.0906364255240162,0,0,180,1
v12,SQL,ocr_only,order by,1,1.0,1.0,max,0.10496414126334941,0,0,180,1
v13,SQL,ocr_only,aggregate function,6,0.5217347525317887,0.24754622175113927,max,0.14352043611011037,5,900,1080,1
v13,SQL,ocr_only,group by,6,1.0,0.6875051331240917,max,0.2950680551633446,0,0,180,1
v13,SQL,ocr_only,join,6,0.8052801775797541,0.26792518696261375,max,0.12342378334127599,5,900,1080,1
v13,SQL,ocr_only,left join,6,1.0,0.47929908519995873,max,0.17168361002398183,5,900,1080,1
v13,SQL,ocr_only,order by,6,1.0,0.8621206816271569,max,0.2935226300598749,1,180,360,1
v13,SQL,ocr_only,select,6,1.0,0.631563798908521,max,0.2084059207760242,3,540,720,1
v13,SQL,ocr_only,where,6,0.7807938047499982,0.40272745031817553,max,0.14150706437940377,3,540,720,1
v14,Python,ocr_only,break,4,1.0,0.75,max,0.5667080856771795,0,0,180,1
v14,Python,ocr_only,for,4,1.0,0.6049401782259161,max,0.11824076603140203,1,180,360,1
v14,Python,ocr_only,for loop,4,0.8163671593756421,0.48108842478869074,max,0.07167407233529861,2,360,540,1
v14,Python,ocr_only,range,4,0.5549277934919854,0.362547256343028,max,0.05898541925951105,2,360,540,1
v15,Python,ocr_only,break,4,0.5437359047585785,0.16768115864299799,max,0.004554793263621779,0,0,180,1
v15,Python,ocr_only,continue,4,1.0,0.75,max,0.1721805552749443,1,180,360,1
v15,Python,ocr_only,for,4,0.8715482404830598,0.7764127223995682,max,0.12175393199848422,1,180,360,1
v15,Python,ocr_only,for loop,4,1.0,0.535943681529303,max,0.07823132257497527,0,0,180,1
v15,Python,ocr_only,index,4,0.6960673854139379,0.188759665539723,max,0.024217035282306756,0,0,180,1
v15,Python,ocr_only,iteration,4,0.6772659189379214,0.18916430625483305,max,0.020875676826445935,0,0,180,1
v15,Python,ocr_only,list,4,0.5943214588841822,0.18081512592544227,max,0.006134955759772407,0,0,180,1
v15,Python,ocr_only,nested loop,4,0.6924796348723805,0.1823378429710275,max,0.023579427539057368,0,0,180,1
v15,Python,ocr_only,range,4,0.5825719843970161,0.44888703678811387,max,0.09424080691625537,0,0,180,1
v16,Python,ocr_only,list,2,1.0,0.5279831509889695,max,0.08442583653651933,0,0,180,1
v16,Python,ocr_only,range,2,1.0,0.5431985003703638,max,0.231253061153532,1,180,360,1
v17,Python,ocr_only,for,2,0.9991253953968993,0.9630269137751482,max,0.1815107023504965,0,0,180,1
v17,Python,ocr_only,for loop,2,1.0,0.833804806503708,max,0.18166601354954967,0,0,180,1
v17,Python,ocr_only,list,2,0.6326129866318128,0.3163064933159064,max,0.11642588405504611,0,0,180,1
v17,Python,ocr_only,range,2,1.0,0.6574059258873144,max,0.05999115327482572,1,180,360,1
v18,Python,ocr_only,continue,1,1.0,1.0,max,0.11723164951613887,0,0,180,1
v19,Python,ocr_only,break,4,0.9037578697361387,0.25994716603903373,max,0.03690994200859831,1,180,360,1
v19,Python,ocr_only,for,4,0.8385259158385536,0.6561149752603921,max,0.07995243264237734,2,360,540,1
v19,Python,ocr_only,for loop,4,0.7622630075596882,0.7167258744671956,max,0.07230426601508423,2,360,540,1
v19,Python,ocr_only,iteration,4,0.824559814456331,0.4098717473239528,max,0.03966948507795965,1,180,360,1
v19,Python,ocr_only,list,4,1.0,0.6443883448632984,max,0.05631294771060511,0,0,180,1
v19,Python,ocr_only,range,4,1.0,0.7106690205011046,max,0.09614615944257256,2,360,540,1
v2,Python,ocr_only,for,5,1.0,0.9696920946996357,max,0.2421102711451179,0,0,180,1
v2,Python,ocr_only,for loop,5,0.6429553805013704,0.6047636545671734,max,0.15271035117735232,3,540,720,1
v2,Python,ocr_only,list,5,0.7377802991329144,0.6488641525749006,max,0.16435026009519757,3,540,720,1
v2,Python,ocr_only,range,5,1.0,0.8655775754490455,max,0.27922562362804443,4,720,900,1
v20,Python,ocr_only,for,7,1.0,1.0,max,0.5290810113744875,0,0,180,1
v20,Python,ocr_only,for loop,7,0.6147749022303799,0.5554165125669448,max,0.26832502064034924,1,180,360,1
v20,Python,ocr_only,range,7,0.5239996242262855,0.43114050981564656,max,0.20983320079603182,3,540,720,1
v21,Python,ocr_only,break,9,1.0,0.4577723761243798,max,0.1719955033401607,5,900,1080,1
v21,Python,ocr_only,continue,9,0.7684878546600402,0.41307465485744876,max,0.13151222657030154,6,1080,1260,1
v21,Python,ocr_only,for,9,1.0,0.5884720766944215,max,0.055597859239695964,1,180,360,1
v21,Python,ocr_only,for loop,9,0.9720771394725414,0.535531513435184,max,0.2879517499613096,3,540,720,1
v21,Python,ocr_only,index,9,1.0,0.42425239855012986,max,0.006878009859913326,6,1080,1260,1
v21,Python,ocr_only,iteration,9,1.0,0.3351486024489192,max,0.020878956736104116,2,360,540,1
v21,Python,ocr_only,list,9,0.9192454061306805,0.477732441265401,max,0.028761991040463793,3,540,720,1
v21,Python,ocr_only,nested loop,9,1.0,0.4676758307912472,max,0.49867371238939207,0,0,180,1
v21,Python,ocr_only,range,9,0.9245101954603896,0.5016439401658936,max,0.03047020301938573,5,900,1080,1
v22,Python,ocr_only,range,1,1.0,1.0,max,0.9412038854897044,0,0,180,1
v23,Java,ocr_only,abstract class,11,1.0,0.43818328088807446,max,0.11462994573392332,5,900,1080,1
v23,Java,ocr_only,abstract method,11,0.9854335022207308,0.15824605458972618,max,0.08353203015079805,10,1800,1980,1
v23,Java,ocr_only,class,11,0.9641092209685659,0.5706704836892588,max,0.13083125199807963,4,720,900,1
v23,Java,ocr_only,extends,11,0.811136881440087,0.45785883732447735,max,0.1363892832319953,9,1620,1800,1
v23,Java,ocr_only,implements,11,1.0,0.5871792952750239,max,0.17084468298999253,7,1260,1440,1
v23,Java,ocr_only,inheritance,11,0.7836483529525932,0.4489062464337117,max,0.13137439072668472,9,1620,1800,1
v23,Java,ocr_only,interface,11,0.7690874601699774,0.3766356659730162,max,0.09694066445790277,8,1440,1620,1
v23,Java,ocr_only,method,11,1.0,0.49653825852537176,max,0.13950277634357727,10,1800,1980,1
v23,Java,ocr_only,object,11,1.0,0.788209218174941,max,0.31688345881623525,0,0,180,1
v24,Java,ocr_only,implements,4,0.549659866406426,0.490116674675539,max,0.06637325194303458,2,360,540,1
v24,Java,ocr_only,interface,4,0.6611980858048893,0.5132342669721301,max,0.06855698293707788,3,540,720,1
v24,Java,ocr_only,method,4,1.0,1.0,max,0.0863427400762514,0,0,180,1
v25,Java,ocr_only,abstract class,3,0.8278492151721046,0.3841651100334454,max,0.0668816180890875,2,360,540,1
v25,Java,ocr_only,abstract method,3,0.8182125077573944,0.3464003192196679,max,0.07427303319346198,2,360,540,1
v25,Java,ocr_only,class,3,0.5206331920176799,0.3313188470689917,max,0.0824575201092712,2,360,540,1
v25,Java,ocr_only,implements,3,1.0,0.8010470536986816,max,0.19608837372955054,1,180,360,1
v25,Java,ocr_only,interface,3,1.0,0.5869150137114544,max,0.12676643113096253,0,0,180,1
v25,Java,ocr_only,method,3,0.9474844544950116,0.4233203194790658,max,0.12322769100862405,0,0,180,1
v25,Java,ocr_only,object,3,1.0,0.4243225595082281,max,0.06606762295067656,2,360,540,1
v26,Java,ocr_only,implements,2,1.0,1.0,max,0.1721911191734688,0,0,180,1
v27,Java,ocr_only,abstract class,3,0.8757814614273003,0.8110872262302218,max,0.1419732657974975,2,360,540,1
v27,Java,ocr_only,class,3,0.9712414663942281,0.9213777891440443,max,0.15860506055010287,0,0,180,1
v27,Java,ocr_only,extends,3,1.0,0.9729650288292753,max,0.1624982976375022,2,360,540,1
v27,Java,ocr_only,implements,3,1.0,0.9361770363648394,max,0.16339284207237356,0,0,180,1
v27,Java,ocr_only,inheritance,3,0.7812151350453205,0.7725490565562897,max,0.12696907484759856,0,0,180,1
v27,Java,ocr_only,interface,3,0.577473236485292,0.4747534448399997,max,0.09304969249625793,0,0,180,1
v27,Java,ocr_only,method,3,0.6130638357672378,0.4683123841971155,max,0.09897489076764827,0,0,180,1
v27,Java,ocr_only,object,3,0.9923896424803941,0.806484446710925,max,0.162125853650442,0,0,180,1
v28,Java,ocr_only,abstract class,5,1.0,0.7939197190381588,max,0.0962113039210524,1,180,360,1
v28,Java,ocr_only,class,5,0.9940580937457633,0.8024754359940107,max,0.08313940649311836,3,540,720,1
v28,Java,ocr_only,extends,5,1.0,0.7355872889796693,max,0.0898221557080782,2,360,540,1
v28,Java,ocr_only,implements,5,0.998858567020287,0.7941032280957996,max,0.0948888739292599,0,0,180,1
v28,Java,ocr_only,inheritance,5,0.7529758828628512,0.5162461013473121,max,0.06217325797623769,3,540,720,1
v28,Java,ocr_only,object,5,1.0,0.6435346443681489,max,0.09498714692740327,0,0,180,1
v29,Java,ocr_only,abstract class,3,1.0,1.0,max,0.20310795727567993,0,0,180,1
v29,Java,ocr_only,class,3,0.5472719597330878,0.3615912143343596,max,0.11246030125047402,0,0,180,1
v29,Java,ocr_only,implements,3,0.5199411310982607,0.4454157966200152,max,0.11939311450904036,2,360,540,1
v3,Java,ocr_only,abstract class,3,1.0,1.0,max,0.22624851582650107,0,0,180,1
v3,Java,ocr_only,abstract method,3,0.6625372240354153,0.5637077652858492,max,0.14997458288545013,2,360,540,1
v30,Java,ocr_only,abstract class,1,1.0,1.0,max,0.5128845199906192,0,0,180,1
v30,Java,ocr_only,abstract method,1,0.7172550543212598,0.7172550543212598,max,0.3570695131214814,0,0,180,1
v31,C++,ocr_only,class,12,1.0,0.7004866410191687,max,0.02678313525428691,0,0,180,1
v31,C++,ocr_only,constructor,12,0.6772589996189434,0.543448765997998,max,0.01695306373418027,10,1800,1980,1
v31,C++,ocr_only,data type,12,0.7562571210249489,0.45984357279221516,max,0.015298954882948792,8,1440,1620,1
v31,C++,ocr_only,inheritance,12,0.6938001631869902,0.30742140145286545,max,0.0025613005275969907,5,900,1080,1
v31,C++,ocr_only,object,12,0.7687084292556693,0.30027466800773706,max,0.0039928538009733686,5,900,1080,1
v31,C++,ocr_only,pointer,12,0.692423463471744,0.30344922848583683,max,0.01621050871324868,0,0,180,1
v31,C++,ocr_only,polymorphism,12,0.7095568656096015,0.24883709452733152,max,0.015552056700527514,11,1980,2160,1
v31,C++,ocr_only,reference,12,0.9579355162057029,0.5947353870248983,max,0.027310661588534183,11,1980,2160,1
v31,C++,ocr_only,template,12,1.0,0.8317567552107024,max,0.030981004120908432,4,720,900,1
v31,C++,ocr_only,variable,12,1.0,0.7609150391795426,max,0.0418953109398229,2,360,540,1
v32,C++,ocr_only,data type,4,1.0,0.8037445058330501,max,0.3333980676046368,1,180,360,1
v32,C++,ocr_only,variable,4,1.0,0.4691263246466318,max,0.3687293047826379,0,0,180,1
v33,C++,ocr_only,class,4,0.8803910041527051,0.7782812306149218,max,0.018430964674364236,3,540,720,1
v33,C++,ocr_only,constructor,4,0.6838170689712602,0.5592171469876778,max,0.01622391078952674,3,540,720,1
v33,C++,ocr_only,data type,4,0.7898251311595165,0.43991033359131393,max,0.023361103109404965,0,0,180,1
v33,C++,ocr_only,inheritance,4,0.8265273154399191,0.2638872232490465,max,0.001761141307960658,3,540,720,1
v33,C++,ocr_only,object,4,0.7428278799333464,0.2542077398319267,max,0.003774252035656707,3,540,720,1
v33,C++,ocr_only,pointer,4,0.8093283827420571,0.3312049395569221,max,0.00955955779841513,3,540,720,1
v33,C++,ocr_only,polymorphism,4,0.5898137227928719,0.1679522453874609,max,0.0008036089390651282,3,540,720,1
v33,C++,ocr_only,reference,4,0.8135074689582549,0.649254886364707,max,0.012987187749435032,3,540,720,1
v33,C++,ocr_only,template,4,1.0,0.9609263589711342,max,0.02574655799882033,1,180,360,1
v33,C++,ocr_only,variable,4,1.0,0.9099353179958972,max,0.029571871465909633,0,0,180,1
v34,C++,ocr_only,class,4,1.0,0.7196640239298027,max,0.04362281960634874,1,180,360,1
v34,C++,ocr_only,constructor,4,0.7797819926954688,0.4533039057342057,max,0.0023116040016071602,2,360,540,1
v34,C++,ocr_only,data type,4,0.5923342517004866,0.48390849420076115,max,0.031097924736083183,1,180,360,1
v34,C++,ocr_only,inheritance,4,1.0,0.5448222037294282,max,0.003971168376306241,2,360,540,1
v34,C++,ocr_only,object,4,1.0,0.5235202575495541,max,0.007678302230798133,3,540,720,1
v34,C++,ocr_only,polymorphism,4,0.6207080455137958,0.2618708904955801,max,0.004321009168635099,2,360,540,1
v34,C++,ocr_only,reference,4,0.5864302119549447,0.4026969442702081,max,0.023775060384446992,2,360,540,1
v34,C++,ocr_only,template,4,1.0,0.5353036556904279,max,0.07562168637625993,0,0,180,1
v34,C++,ocr_only,variable,4,0.8131947666510605,0.549411367978482,max,0.0182665982247726,2,360,540,1
v35,C++,ocr_only,pointer,3,0.8092552500183892,0.29217615895625887,max,0.22448431258332543,2,360,540,1
v35,C++,ocr_only,reference,3,1.0,0.9758602623283581,max,0.410234571899695,0,0,180,1
v35,C++,ocr_only,template,3,0.7002986681629212,0.39050959206853436,max,0.10201938015987129,1,180,360,1
v35,C++,ocr_only,variable,3,1.0,0.5968812970324945,max,0.28588849571381386,2,360,540,1
v36,C++,ocr_only,class,1,1.0,1.0,max,0.0033011097851315813,0,0,180,1
v36,C++,ocr_only,object,1,0.8997518951919868,0.8997518951919868,max,0.002556853482875314,0,0,180,1
v36,C++,ocr_only,pointer,1,0.8277380012287003,0.8277380012287003,max,0.002022212009753854,0,0,180,1
v36,C++,ocr_only,reference,1,0.7898742897707863,0.7898742897707863,max,0.0017411063875245483,0,0,180,1
v36,C++,ocr_only,variable,1,0.5775781365549889,0.5775781365549889,max,0.0001649893100175655,0,0,180,1
v37,C++,ocr_only,class,1,0.5997709556618716,0.5997709556618716,max,2.36407587054818e-05,0,0,180,1
v37,C++,ocr_only,constructor,1,0.642641267251528,0.642641267251528,max,0.00011132606235060105,0,0,180,1
v37,C++,ocr_only,data type,1,1.0,1.0,max,0.0008422540129383258,0,0,180,1
v37,C++,ocr_only,object,1,0.7033400117042877,0.7033400117042877,max,0.00023547696400865885,0,0,180,1
v37,C++,ocr_only,polymorphism,1,0.7499861582050248,0.7499861582050248,max,0.0003308852166694281,0,0,180,1
v38,C++,ocr_only,class,3,1.0,1.0,max,0.034418817391498054,0,0,180,1
v38,C++,ocr_only,object,3,0.549930421833494,0.48286072582786493,max,0.01334231494390916,0,0,180,1
v39,C++,ocr_only,class,4,1.0,1.0,max,0.07829235509901303,0,0,180,1
v39,C++,ocr_only,reference,4,0.5184796443451881,0.28152570502771357,max,0.023516348902714306,3,540,720,1
v39,C++,ocr_only,variable,4,0.526761294359182,0.29074737553951446,max,0.029588003350781465,0,0,180,1
v4,SQL,ocr_only,aggregate function,3,0.7003540289727175,0.35099270289250345,max,0.08812140110189547,2,360,540,1
v4,SQL,ocr_only,count,3,1.0,0.673359320256797,max,0.15246153909473753,2,360,540,1
v4,SQL,ocr_only,group by,3,1.0,0.8742004252157836,max,0.37419605992330857,0,0,180,1
v4,SQL,ocr_only,having,3,0.762987655697655,0.5584667418529532,max,0.14467738759035761,2,360,540,1
v4,SQL,ocr_only,select,3,0.8523423593991133,0.4115389769870447,max,0.10922505411460573,2,360,540,1
v40,C++,ocr_only,constructor,1,0.6209019037726403,0.6209019037726403,max,0.004665506809475612,0,0,180,1
v40,C++,ocr_only,data type,1,0.7262144331615752,0.7262144331615752,max,0.007859670517405055,0,0,180,1
v40,C++,ocr_only,object,1,0.5574607728426727,0.5574607728426727,max,0.0027413164098877545,0,0,180,1
v40,C++,ocr_only,pointer,1,1.0,1.0,max,0.016163676948781045,0,0,180,1
v40,C++,ocr_only,reference,1,0.5487258331521354,0.5487258331521354,max,0.0024763828116506,0,0,180,1
v40,C++,ocr_only,template,1,0.5917546139665367,0.5917546139665367,max,0.003781459908092007,0,0,180,1
v40,C++,ocr_only,variable,1,0.6385387834585928,0.6385387834585928,max,0.005200439180209338,0,0,180,1
v5,Java,ocr_only,abstract class,3,0.9313436712942534,0.7327373966609491,max,0.1982852202044987,2,360,540,1
v5,Java,ocr_only,class,3,0.9984047152146779,0.7845542707163465,max,0.21278405414366386,2,360,540,1
v5,Java,ocr_only,extends,3,0.7964982714285092,0.6503973326291806,max,0.17519156436995495,2,360,540,1
v5,Java,ocr_only,implements,3,1.0,0.9618514090732594,max,0.29560172887505404,0,0,180,1
v5,Java,ocr_only,inheritance,3,1.0,0.776575404378547,max,0.2022633525064009,2,360,540,1
v5,Java,ocr_only,interface,3,0.7937801792220807,0.702176156136369,max,0.2018633848092006,2,360,540,1
v5,Java,ocr_only,method,3,0.8136609689637083,0.5854412389368305,max,0.16497615425680004,2,360,540,1
v5,Java,ocr_only,object,3,0.5521969852265889,0.4779120623834852,max,0.16350112565209096,1,180,360,1
v6,SQL,ocr_only,aggregate function,3,0.7401418701141484,0.3416275225748647,max,0.21341869087166493,2,360,540,1
v6,SQL,ocr_only,count,3,0.7874958731250222,0.37366530623033145,max,0.22807287278994176,2,360,540,1
v6,SQL,ocr_only,group by,3,1.0,0.741803850167953,max,0.31507376824364364,1,180,360,1
v6,SQL,ocr_only,having,3,0.9239870969068907,0.3686052924321803,max,0.27031148191214094,2,360,540,1
v6,SQL,ocr_only,order by,3,1.0,0.6857888037201084,max,0.2938344544010135,2,360,540,1
v6,SQL,ocr_only,select,3,1.0,0.6542455937771116,max,0.4422274790903753,0,0,180,1
v6,SQL,ocr_only,where,3,0.8707882896165562,0.46588328064278856,max,0.3858249145250366,0,0,180,1
v7,SQL,ocr_only,count,1,1.0,1.0,max,0.020464966253377143,0,0,180,1
v7,SQL,ocr_only,group by,1,0.849310959227309,0.849310959227309,max,0.012669601751848008,0,0,180,1
v7,SQL,ocr_only,having,1,0.582437918190868,0.582437918190868,max,-0.001136131032985143,0,0,180,1
v7,SQL,ocr_only,inner join,1,0.5788560544061582,0.5788560544061582,max,-0.0013214260859861083,0,0,180,1
v7,SQL,ocr_only,join,1,0.5385915878111084,0.5385915878111084,max,-0.003404365840321181,0,0,180,1
v7,SQL,ocr_only,order by,1,0.5876165583487462,0.5876165583487462,max,-0.0008682324024947434,0,0,180,1
v7,SQL,ocr_only,select,1,0.6295319092973726,0.6295319092973726,max,0.001300110014303445,0,0,180,1
v7,SQL,ocr_only,subquery,1,0.8166712548035359,0.8166712548035359,max,0.010981102097853288,0,0,180,1
v7,SQL,ocr_only,where,1,0.7252954798375485,0.7252954798375485,max,0.006254099597757331,0,0,180,1
v8,SQL,ocr_only,group by,6,0.6511597880847407,0.3095192550817692,max,0.0724224574753104,0,0,180,1
v8,SQL,ocr_only,inner join,6,1.0,0.38118299306290687,max,0.1212704428588761,4,720,900,1
v8,SQL,ocr_only,join,6,1.0,0.3296963483048338,max,0.11587342123365843,0,0,180,1
v8,SQL,ocr_only,left join,6,1.0,0.252472883996193,max,0.02034711798715624,3,540,720,1
v8,SQL,ocr_only,order by,6,0.7278871872344703,0.46684606761203984,max,0.08715718827684044,5,900,1080,1
v8,SQL,ocr_only,select,6,1.0,0.7183713773646505,max,0.0722430308432815,1,180,360,1
v8,SQL,ocr_only,subquery,6,0.7848428474691541,0.5524525163763117,max,0.06851151881310405,1,180,360,1
v8,SQL,ocr_only,where,6,0.6707215148045308,0.2501470455868366,max,0.036530406820006876,2,360,540,1
v9,SQL,ocr_only,aggregate function,4,0.9810971876273465,0.6508122500717795,max,0.1770961096219672,0,0,180,1
v9,SQL,ocr_only,count,4,1.0,0.5795714286841129,max,0.18095908495623952,0,0,180,1
v9,SQL,ocr_only,group by,4,0.7250062359327885,0.5375089029939892,max,0.0915820885631764,2,360,540,1
v9,SQL,ocr_only,inner join,4,0.7287311339321356,0.2198513290668186,max,0.13796138920747392,1,180,360,1
v9,SQL,ocr_only,join,4,0.7791271618994787,0.36336730588228855,max,0.13582155151558625,0,0,180,1
v9,SQL,ocr_only,left join,4,0.7646535108293477,0.226451951568989,max,0.14630475128387602,1,180,360,1
v9,SQL,ocr_only,order by,4,1.0,0.46057291321712607,max,0.10785944167297747,3,540,720,1
v9,SQL,ocr_only,select,4,1.0,0.7504969080094624,max,0.2009665287653428,1,180,360,1
