video_id,subject,method,concept,num_chunks,max_final_score,mean_final_score,aggregation,max_lsa_score,best_chunk_id,best_start_sec,best_end_sec
v1,SQL,ocr_only,aggregate function,5,0.16164303938756303,0.07552700220267473,max,0.035358245926557716,2,360,540
v1,SQL,ocr_only,count,5,0.2353244253598446,0.10375877550453247,max,0.049518672569489185,2,360,540
v1,SQL,ocr_only,group by,5,0.19525711046822014,0.08857658585795601,max,0.04181835225364273,2,360,540
v1,SQL,ocr_only,having,5,0.21355089014323106,0.13357110003993136,max,0.043731505685605986,4,720,900
v1,SQL,ocr_only,inner join,5,0.8298039049894923,0.5909038007357394,max,0.17275207750176183,4,720,900
v1,SQL,ocr_only,join,5,1.0,1.0,max,0.20838484029580776,0,0,180
v1,SQL,ocr_only,left join,5,0.6276031952409773,0.13083523205139863,max,0.11961000007304769,0,0,180
v1,SQL,ocr_only,order by,5,0.2970020818749468,0.23866903607958662,max,0.061203096439043,4,720,900
v1,SQL,ocr_only,select,5,0.44576970758247664,0.3618297550961997,max,0.08617125479226564,3,540,720
v1,SQL,ocr_only,subquery,5,0.42110618071528505,0.3064208071929694,max,0.08522306226833964,2,360,540
v1,SQL,ocr_only,where,5,0.19358626374081872,0.1147337986033504,max,0.039551651871539424,4,720,900
v10,SQL,ocr_only,aggregate function,7,0.6466550176667509,0.2593034250711505,max,0.09739511082440315,2,360,540
v10,SQL,ocr_only,count,7,0.9392114468357496,0.36409399415964694,max,0.10208520596704282,5,900,1080
v10,SQL,ocr_only,group by,7,1.0,0.991055619003386,max,0.6679733943602209,0,0,180
v10,SQL,ocr_only,having,7,0.42675423417133185,0.2758057070885391,max,0.09785843737446698,6,1080,1260
v10,SQL,ocr_only,inner join,7,0.2141836786790704,0.09975781783523938,max,0.026283153845060643,6,1080,1260
v10,SQL,ocr_only,join,7,0.38173008254338614,0.2280095661039449,max,0.06091420789685144,2,360,540
v10,SQL,ocr_only,left join,7,0.46254797733952796,0.2964083297590539,max,0.07754692974414784,6,1080,1260
v10,SQL,ocr_only,order by,7,0.3471186511955948,0.19049094251188434,max,0.07028301546400074,2,360,540
v10,SQL,ocr_only,select,7,1.0,0.5266168535748594,max,0.19003527548077573,2,360,540
v10,SQL,ocr_only,subquery,7,0.18465462971502314,0.040840379977445516,max,0.03897721746351699,2,360,540
v10,SQL,ocr_only,where,7,0.27789796922684307,0.17668662811853877,max,0.0442701387316394,6,1080,1260
v11,SQL,ocr_only,aggregate function,1,0.4188713899860998,0.4188713899860998,max,-0.003442801946034733,0,0,180
v11,SQL,ocr_only,count,1,0.6687451766542222,0.6687451766542222,max,0.00027894457975643567,0,0,180
v11,SQL,ocr_only,group by,1,0.8238077390999745,0.8238077390999745,max,0.0025885247912623855,0,0,180
v11,SQL,ocr_only,having,1,0.6656712212385929,0.6656712212385929,max,0.00023315953346924554,0,0,180
v11,SQL,ocr_only,inner join,1,0.27388564712520436,0.27388564712520436,max,-0.005602292911361464,0,0,180
v11,SQL,ocr_only,join,1,1.0,1.0,max,0.005212821415649426,0,0,180
v11,SQL,ocr_only,left join,1,0.0,0.0,max,-0.009681684228251193,0,0,180
v11,SQL,ocr_only,order by,1,0.3905067194606024,0.3905067194606024,max,-0.0038652796912641355,0,0,180
v11,SQL,ocr_only,select,1,0.6740970700921741,0.6740970700921741,max,0.00035865838677356595,0,0,180
v11,SQL,ocr_only,subquery,1,0.9825616691725934,0.9825616691725934,max,0.004953086098720412,0,0,180
v11,SQL,ocr_only,where,1,0.7712183043000838,0.7712183043000838,max,0.0018052311578258698,0,0,180
v12,SQL,ocr_only,aggregate function,1,0.05203099752225874,0.05203099752225874,max,-0.0001613625360901404,0,0,180
v12,SQL,ocr_only,count,1,0.0669277334151783,0.0669277334151783,max,0.0014906185536049672,0,0,180
v12,SQL,ocr_only,group by,1,0.8707998543996253,0.8707998543996253,max,0.0906364255240162,0,0,180
v12,SQL,ocr_only,having,1,0.013194407655701092,0.013194407655701092,max,-0.004468165886097299,0,0,180
v12,SQL,ocr_only,inner join,1,0.09761124204439972,0.09761124204439972,max,0.004893281820600443,0,0,180
v12,SQL,ocr_only,join,1,0.0,0.0,max,-0.005931366421679504,0,0,180
v12,SQL,ocr_only,left join,1,0.10293219704593494,0.10293219704593494,max,0.005483351826864885,0,0,180
v12,SQL,ocr_only,order by,1,1.0,1.0,max,0.10496414126334941,0,0,180
v12,SQL,ocr_only,select,1,0.01148794863337135,0.01148794863337135,max,-0.004657404525722254,0,0,180
v12,SQL,ocr_only,subquery,1,0.0035893968694530607,0.0035893968694530607,max,-0.005533318433558454,0,0,180
v12,SQL,ocr_only,where,1,0.06415212582210986,0.06415212582210986,max,0.001182816140437221,0,0,180
v13,SQL,ocr_only,aggregate function,6,0.5217347525317887,0.24754622175113927,max,0.14352043611011037,5,900,1080
v13,SQL,ocr_only,count,6,0.44388165473589314,0.18029925858256313,max,0.06911232951016512,1,180,360
v13,SQL,ocr_only,group by,6,1.0,0.6875051331240917,max,0.2950680551633446,0,0,180
v13,SQL,ocr_only,having,6,0.42479923605242625,0.272357313760382,max,0.1342796737829557,0,0,180
v13,SQL,ocr_only,inner join,6,0.29442267196071675,0.18657434648877458,max,0.05112770542642812,4,720,900
v13,SQL,ocr_only,join,6,0.8052801775797541,0.26792518696261375,max,0.12342378334127599,5,900,1080
v13,SQL,ocr_only,left join,6,1.0,0.47929908519995873,max,0.17168361002398183,5,900,1080
v13,SQL,ocr_only,order by,6,1.0,0.8621206816271569,max,0.2935226300598749,1,180,360
v13,SQL,ocr_only,select,6,1.0,0.631563798908521,max,0.2084059207760242,3,540,720
v13,SQL,ocr_only,subquery,6,0.2952443495448072,0.13906893610524865,max,0.07996541797854811,5,900,1080
v13,SQL,ocr_only,where,6,0.7807938047499982,0.40272745031817553,max,0.14150706437940377,3,540,720
v14,Python,ocr_only,break,4,1.0,0.75,max,0.5667080856771795,0,0,180
v14,Python,ocr_only,continue,4,0.4614110711331748,0.17895829241642489,max,0.048654225152151724,1,180,360
v14,Python,ocr_only,for,4,1.0,0.6049401782259161,max,0.11824076603140203,1,180,360
v14,Python,ocr_only,for loop,4,0.8163671593756421,0.48108842478869074,max,0.07167407233529861,2,360,540
v14,Python,ocr_only,index,4,0.43282092510710035,0.15749878073548035,max,0.01592705612568361,2,360,540
v14,Python,ocr_only,iteration,4,0.2266658314685466,0.11605644432830596,max,0.0058748624210260515,2,360,540
v14,Python,ocr_only,list,4,0.09470121909196866,0.06507950372414942,max,0.008623844269467303,3,540,720
v14,Python,ocr_only,nested loop,4,0.21688675152239767,0.10907195570816663,max,0.005398031098854743,2,360,540
v14,Python,ocr_only,range,4,0.5549277934919854,0.362547256343028,max,0.05898541925951105,2,360,540
v15,Python,ocr_only,break,4,0.5437359047585785,0.16768115864299799,max,0.004554793263621779,0,0,180
v15,Python,ocr_only,continue,4,1.0,0.75,max,0.1721805552749443,1,180,360
v15,Python,ocr_only,for,4,0.8715482404830598,0.7764127223995682,max,0.12175393199848422,1,180,360
v15,Python,ocr_only,for loop,4,1.0,0.535943681529303,max,0.07823132257497527,0,0,180
v15,Python,ocr_only,index,4,0.6960673854139379,0.188759665539723,max,0.024217035282306756,0,0,180
v15,Python,ocr_only,iteration,4,0.6772659189379214,0.18916430625483305,max,0.020875676826445935,0,0,180
v15,Python,ocr_only,list,4,0.5943214588841822,0.18081512592544227,max,0.006134955759772407,0,0,180
v15,Python,ocr_only,nested loop,4,0.6924796348723805,0.1823378429710275,max,0.023579427539057368,0,0,180
v15,Python,ocr_only,range,4,0.5825719843970161,0.44888703678811387,max,0.09424080691625537,0,0,180
v16,Python,ocr_only,break,2,0.15878335445404487,0.0952761623490875,max,0.0014426841900852792,0,0,180
v16,Python,ocr_only,continue,2,0.12038117290810774,0.06019058645405387,max,0.01664730024030131,1,180,360
v16,Python,ocr_only,for,2,0.09073038902616479,0.06985561277038355,max,-0.0007726583249876871,0,0,180
v16,Python,ocr_only,for loop,2,0.23628500005305456,0.1272402076109736,max,0.009087957138373159,0,0,180
v16,Python,ocr_only,index,2,0.13819279077770413,0.09822629080846204,max,0.0014911825478790045,0,0,180
v16,Python,ocr_only,iteration,2,0.21539058668965946,0.10769529334482973,max,0.0070267945395295715,0,0,180
v16,Python,ocr_only,list,2,1.0,0.5279831509889695,max,0.08442583653651933,0,0,180
v16,Python,ocr_only,nested loop,2,0.20400619350158566,0.11990088072323545,max,0.005903762988383187,0,0,180
v16,Python,ocr_only,range,2,1.0,0.5431985003703638,max,0.231253061153532,1,180,360
v17,Python,ocr_only,break,2,0.22861728970864645,0.16908091492603372,max,0.023540039042358914,1,180,360
v17,Python,ocr_only,continue,2,0.16083446677549373,0.13288863413522484,max,0.022722868009084393,1,180,360
v17,Python,ocr_only,for,2,0.9991253953968993,0.9630269137751482,max,0.1815107023504965,0,0,180
v17,Python,ocr_only,for loop,2,1.0,0.833804806503708,max,0.18166601354954967,0,0,180
v17,Python,ocr_only,index,2,0.15478531019090033,0.07840090330058494,max,0.0044453425991533525,1,180,360
v17,Python,ocr_only,iteration,2,0.1641556042094951,0.08207780210474755,max,0.00408725567135184,1,180,360
v17,Python,ocr_only,list,2,0.6326129866318128,0.3163064933159064,max,0.11642588405504611,0,0,180
v17,Python,ocr_only,nested loop,2,0.38804502701853705,0.2426718881749772,max,0.07299580957011537,0,0,180
v17,Python,ocr_only,range,2,1.0,0.6574059258873144,max,0.05999115327482572,1,180,360
v18,Python,ocr_only,break,1,0.03716672399191954,0.03716672399191954,max,0.0001229882412991429,0,0,180
v18,Python,ocr_only,continue,1,1.0,1.0,max,0.11723164951613887,0,0,180
v18,Python,ocr_only,for,1,0.059663217776285,0.059663217776285,max,0.002859219254613936,0,0,180
v18,Python,ocr_only,for loop,1,0.0,0.0,max,-0.004397571443458404,0,0,180
v18,Python,ocr_only,index,1,0.018973334166977288,0.018973334166977288,max,-0.002089859589722847,0,0,180
v18,Python,ocr_only,iteration,1,0.018574258830996736,0.018574258830996736,max,-0.002138398811942351,0,0,180
v18,Python,ocr_only,list,1,0.04046667125529706,0.04046667125529706,max,0.0005243582561515053,0,0,180
v18,Python,ocr_only,nested loop,1,0.014915421645253,0.014915421645253,max,-0.002583420328462367,0,0,180
v18,Python,ocr_only,range,1,0.04412572978778095,0.04412572978778095,max,0.0009694066949030879,0,0,180
v19,Python,ocr_only,break,4,0.9037578697361387,0.25994716603903373,max,0.03690994200859831,1,180,360
v19,Python,ocr_only,continue,4,0.2810100442857041,0.13179207129408962,max,0.024040923637174597,2,360,540
v19,Python,ocr_only,for,4,0.8385259158385536,0.6561149752603921,max,0.07995243264237734,2,360,540
v19,Python,ocr_only,for loop,4,0.7622630075596882,0.7167258744671956,max,0.07230426601508423,2,360,540
v19,Python,ocr_only,index,4,0.09346960967610397,0.040457574631526744,max,0.004551522362828408,3,540,720
v19,Python,ocr_only,iteration,4,0.824559814456331,0.4098717473239528,max,0.03966948507795965,1,180,360
v19,Python,ocr_only,list,4,1.0,0.6443883448632984,max,0.05631294771060511,0,0,180
v19,Python,ocr_only,nested loop,4,0.07904582953847056,0.04342250471741764,max,0.0037865692990340797,2,360,540
v19,Python,ocr_only,range,4,1.0,0.7106690205011046,max,0.09614615944257256,2,360,540
v2,Python,ocr_only,break,5,0.40053161119287684,0.10814363904140982,max,0.0755543638555295,1,180,360
v2,Python,ocr_only,continue,5,0.3224112212172038,0.2643705283450667,max,0.06830075982681318,3,540,720
v2,Python,ocr_only,for,5,1.0,0.9696920946996357,max,0.2421102711451179,0,0,180
v2,Python,ocr_only,for loop,5,0.6429553805013704,0.6047636545671734,max,0.15271035117735232,3,540,720
v2,Python,ocr_only,index,5,0.07397548152092885,0.024271232899215556,max,0.008135414340384747,4,720,900
v2,Python,ocr_only,iteration,5,0.06638469970342795,0.027068920158175795,max,0.008564900911768482,1,180,360
v2,Python,ocr_only,list,5,0.7377802991329144,0.6488641525749006,max,0.16435026009519757,3,540,720
v2,Python,ocr_only,nested loop,5,0.04601472147539996,0.018693774746964896,max,0.0031924821920424574,3,540,720
v2,Python,ocr_only,range,5,1.0,0.8655775754490455,max,0.27922562362804443,4,720,900
v20,Python,ocr_only,break,7,0.14837510096136589,0.04310406652578313,max,0.052633190861129234,5,900,1080
v20,Python,ocr_only,continue,7,0.07595288342473042,0.019163310357978296,max,0.03044518493890078,6,1080,1260
v20,Python,ocr_only,for,7,1.0,1.0,max,0.5290810113744875,0,0,180
v20,Python,ocr_only,for loop,7,0.6147749022303799,0.5554165125669448,max,0.26832502064034924,1,180,360
v20,Python,ocr_only,index,7,0.09856649045674663,0.02378896637408818,max,0.009190609560022019,1,180,360
v20,Python,ocr_only,iteration,7,0.08194976824727342,0.058051341730917375,max,0.021408632513528515,1,180,360
v20,Python,ocr_only,list,7,0.4574877354407816,0.3903745040763003,max,0.18849968803626332,4,720,900
v20,Python,ocr_only,nested loop,7,0.02764539720431236,0.012229048283972237,max,0.002792184939552261,1,180,360
v20,Python,ocr_only,range,7,0.5239996242262855,0.43114050981564656,max,0.20983320079603182,3,540,720
v21,Python,ocr_only,break,9,1.0,0.4577723761243798,max,0.1719955033401607,5,900,1080
v21,Python,ocr_only,continue,9,0.7684878546600402,0.41307465485744876,max,0.13151222657030154,6,1080,1260
v21,Python,ocr_only,for,9,1.0,0.5884720766944215,max,0.055597859239695964,1,180,360
v21,Python,ocr_only,for loop,9,0.9720771394725414,0.535531513435184,max,0.2879517499613096,3,540,720
v21,Python,ocr_only,index,9,1.0,0.42425239855012986,max,0.006878009859913326,6,1080,1260
v21,Python,ocr_only,iteration,9,1.0,0.3351486024489192,max,0.020878956736104116,2,360,540
v21,Python,ocr_only,list,9,0.9192454061306805,0.477732441265401,max,0.028761991040463793,3,540,720
v21,Python,ocr_only,nested loop,9,1.0,0.4676758307912472,max,0.49867371238939207,0,0,180
v21,Python,ocr_only,range,9,0.9245101954603896,0.5016439401658936,max,0.03047020301938573,5,900,1080
v22,Python,ocr_only,break,1,0.010343263667617017,0.010343263667617017,max,-0.0005065632858491273,0,0,180
v22,Python,ocr_only,continue,1,0.009160505960208723,0.009160505960208723,max,-0.0016320194673166046,0,0,180
v22,Python,ocr_only,for,1,0.017066270358378814,0.017066270358378814,max,0.005890731266341938,0,0,180
v22,Python,ocr_only,for loop,1,0.01276969993038809,0.01276969993038809,max,0.0018023184688565667,0,0,180
v22,Python,ocr_only,index,1,0.01441240395462624,0.01441240395462624,max,0.0033654377677799887,0,0,180
v22,Python,ocr_only,iteration,1,0.44143595238537964,0.44143595238537964,max,0.4097008090812079,0,0,180
v22,Python,ocr_only,list,1,0.0,0.0,max,-0.010348722807071374,0,0,180
v22,Python,ocr_only,nested loop,1,0.003076906886650272,0.003076906886650272,max,-0.007420884033592996,0,0,180
v22,Python,ocr_only,range,1,1.0,1.0,max,0.9412038854897044,0,0,180
v23,Java,ocr_only,abstract class,11,1.0,0.43818328088807446,max,0.11462994573392332,5,900,1080
v23,Java,ocr_only,abstract method,11,0.9854335022207308,0.15824605458972618,max,0.08353203015079805,10,1800,1980
v23,Java,ocr_only,class,11,0.9641092209685659,0.5706704836892588,max,0.13083125199807963,4,720,900
v23,Java,ocr_only,extends,11,0.811136881440087,0.45785883732447735,max,0.1363892832319953,9,1620,1800
v23,Java,ocr_only,implements,11,1.0,0.5871792952750239,max,0.17084468298999253,7,1260,1440
v23,Java,ocr_only,inheritance,11,0.7836483529525932,0.4489062464337117,max,0.13137439072668472,9,1620,1800
v23,Java,ocr_only,interface,11,0.7690874601699774,0.3766356659730162,max,0.09694066445790277,8,1440,1620
v23,Java,ocr_only,method,11,1.0,0.49653825852537176,max,0.13950277634357727,10,1800,1980
v23,Java,ocr_only,object,11,1.0,0.788209218174941,max,0.31688345881623525,0,0,180
v24,Java,ocr_only,abstract class,4,0.22567135075847156,0.11385448129084541,max,0.04653278793145492,1,180,360
v24,Java,ocr_only,abstract method,4,0.1331649549683255,0.04781377749708792,max,0.04199961663782604,3,540,720
v24,Java,ocr_only,class,4,0.31694504233566867,0.24176842750302058,max,0.05249401071003915,1,180,360
v24,Java,ocr_only,extends,4,0.3261469112079101,0.15088135301257344,max,0.0510151008040401,3,540,720
v24,Java,ocr_only,implements,4,0.549659866406426,0.490116674675539,max,0.06637325194303458,2,360,540
v24,Java,ocr_only,inheritance,4,0.16908918619420424,0.12931189691389985,max,0.04877125727655631,3,540,720
v24,Java,ocr_only,interface,4,0.6611980858048893,0.5132342669721301,max,0.06855698293707788,3,540,720
v24,Java,ocr_only,method,4,1.0,1.0,max,0.0863427400762514,0,0,180
v24,Java,ocr_only,object,4,0.21893300614660371,0.17727884989884768,max,0.051707789954130425,2,360,540
v25,Java,ocr_only,abstract class,3,0.8278492151721046,0.3841651100334454,max,0.0668816180890875,2,360,540
v25,Java,ocr_only,abstract method,3,0.8182125077573944,0.3464003192196679,max,0.07427303319346198,2,360,540
v25,Java,ocr_only,class,3,0.5206331920176799,0.3313188470689917,max,0.0824575201092712,2,360,540
v25,Java,ocr_only,extends,3,0.1847053724657293,0.06156845748857643,max,0.05938181028564832,1,180,360
v25,Java,ocr_only,implements,3,1.0,0.8010470536986816,max,0.19608837372955054,1,180,360
v25,Java,ocr_only,inheritance,3,0.3847138934723585,0.2075808276604453,max,0.06774424767139493,2,360,540
v25,Java,ocr_only,interface,3,1.0,0.5869150137114544,max,0.12676643113096253,0,0,180
v25,Java,ocr_only,method,3,0.9474844544950116,0.4233203194790658,max,0.12322769100862405,0,0,180
v25,Java,ocr_only,object,3,1.0,0.4243225595082281,max,0.06606762295067656,2,360,540
v26,Java,ocr_only,abstract class,2,0.38863014956104713,0.3668736582359351,max,0.07497193019911523,1,180,360
v26,Java,ocr_only,abstract method,2,0.013841433706604185,0.0069207168533020925,max,0.015373546396008967,1,180,360
v26,Java,ocr_only,class,2,0.38651629005089094,0.3491749373825692,max,0.06348103687482876,0,0,180
v26,Java,ocr_only,extends,2,0.2584421177842143,0.22365645192724093,max,0.04320647219580817,0,0,180
v26,Java,ocr_only,implements,2,1.0,1.0,max,0.1721911191734688,0,0,180
v26,Java,ocr_only,inheritance,2,0.26305211893575303,0.2160029437103691,max,0.04313051432853279,0,0,180
v26,Java,ocr_only,interface,2,0.3601275210553447,0.3286409363145829,max,0.06042557518223838,0,0,180
v26,Java,ocr_only,method,2,0.09027203487278136,0.04513601743639068,max,0.014651280519111468,0,0,180
v26,Java,ocr_only,object,2,0.2727493163721088,0.23505794168791289,max,0.044728897351575224,0,0,180
v27,Java,ocr_only,abstract class,3,0.8757814614273003,0.8110872262302218,max,0.1419732657974975,2,360,540
v27,Java,ocr_only,abstract method,3,0.0,0.0,max,0.00045508923159167226,0,0,180
v27,Java,ocr_only,class,3,0.9712414663942281,0.9213777891440443,max,0.15860506055010287,0,0,180
v27,Java,ocr_only,extends,3,1.0,0.9729650288292753,max,0.1624982976375022,2,360,540
v27,Java,ocr_only,implements,3,1.0,0.9361770363648394,max,0.16339284207237356,0,0,180
v27,Java,ocr_only,inheritance,3,0.7812151350453205,0.7725490565562897,max,0.12696907484759856,0,0,180
v27,Java,ocr_only,interface,3,0.577473236485292,0.4747534448399997,max,0.09304969249625793,0,0,180
v27,Java,ocr_only,method,3,0.6130638357672378,0.4683123841971155,max,0.09897489076764827,0,0,180
v27,Java,ocr_only,object,3,0.9923896424803941,0.806484446710925,max,0.162125853650442,0,0,180
v28,Java,ocr_only,abstract class,5,1.0,0.7939197190381588,max,0.0962113039210524,1,180,360
v28,Java,ocr_only,abstract method,5,0.146404643781516,0.0292809287563032,max,0.04134974707483209,1,180,360
v28,Java,ocr_only,class,5,0.9940580937457633,0.8024754359940107,max,0.08313940649311836,3,540,720
v28,Java,ocr_only,extends,5,1.0,0.7355872889796693,max,0.0898221557080782,2,360,540
v28,Java,ocr_only,implements,5,0.998858567020287,0.7941032280957996,max,0.0948888739292599,0,0,180
v28,Java,ocr_only,inheritance,5,0.7529758828628512,0.5162461013473121,max,0.06217325797623769,3,540,720
v28,Java,ocr_only,interface,5,0.34173262567140855,0.23801749657663113,max,0.034766430172975066,3,540,720
v28,Java,ocr_only,method,5,0.4080251571950813,0.2438317718345242,max,0.04316562528517633,4,720,900
v28,Java,ocr_only,object,5,1.0,0.6435346443681489,max,0.09498714692740327,0,0,180
v29,Java,ocr_only,abstract class,3,1.0,1.0,max,0.20310795727567993,0,0,180
v29,Java,ocr_only,abstract method,3,0.2616611320520604,0.14923941787659004,max,0.08453294075951295,2,360,540
v29,Java,ocr_only,class,3,0.5472719597330878,0.3615912143343596,max,0.11246030125047402,0,0,180
v29,Java,ocr_only,extends,3,0.4434616631112527,0.3319348221730031,max,0.11196841713019863,1,180,360
v29,Java,ocr_only,implements,3,0.5199411310982607,0.4454157966200152,max,0.11939311450904036,2,360,540
v29,Java,ocr_only,inheritance,3,0.28612185261827766,0.20581004720590024,max,0.08620221734767856,1,180,360
v29,Java,ocr_only,interface,3,0.2511137555138748,0.12561065607947983,max,0.08310935635467846,2,360,540
v29,Java,ocr_only,method,3,0.22468655794011078,0.07489551931337025,max,0.08001651324718141,0,0,180
v29,Java,ocr_only,object,3,0.29526014324752387,0.19866201082171187,max,0.08769871731984805,1,180,360
v3,Java,ocr_only,abstract class,3,1.0,1.0,max,0.22624851582650107,0,0,180
v3,Java,ocr_only,abstract method,3,0.6625372240354153,0.5637077652858492,max,0.14997458288545013,2,360,540
v3,Java,ocr_only,class,3,0.334741420844493,0.22862672540231335,max,0.05971920638418026,0,0,180
v3,Java,ocr_only,extends,3,0.18014244683483008,0.15142138935562838,max,0.03441218852628722,1,180,360
v3,Java,ocr_only,implements,3,0.39681457144801524,0.28533906140920556,max,0.08251558949089954,1,180,360
v3,Java,ocr_only,inheritance,3,0.2018349217842762,0.12816426874652512,max,0.037389272333796894,0,0,180
v3,Java,ocr_only,interface,3,0.17985962324047422,0.11918056701285822,max,0.04038676596394919,1,180,360
v3,Java,ocr_only,method,3,0.02929832541429277,0.009766108471430923,max,0.008400992261249327,0,0,180
v3,Java,ocr_only,object,3,0.19917557014456275,0.13500399815071065,max,0.03694246839906474,0,0,180
v30,Java,ocr_only,abstract class,1,1.0,1.0,max,0.5128845199906192,0,0,180
v30,Java,ocr_only,abstract method,1,0.7172550543212598,0.7172550543212598,max,0.3570695131214814,0,0,180
v30,Java,ocr_only,class,1,0.2730503959557914,0.2730503959557914,max,0.11227733220957094,0,0,180
v30,Java,ocr_only,extends,1,0.3167106374816321,0.3167106374816321,max,0.136337606096789,0,0,180
v30,Java,ocr_only,implements,1,0.21441438612533037,0.21441438612533037,max,0.07996421604553162,0,0,180
v30,Java,ocr_only,inheritance,1,0.2048147749737755,0.2048147749737755,max,0.0746740649734057,0,0,180
v30,Java,ocr_only,interface,1,0.036764045041314135,0.036764045041314135,max,-0.01793528503966845,0,0,180
v30,Java,ocr_only,method,1,0.0,0.0,max,-0.038195204865638925,0,0,180
v30,Java,ocr_only,object,1,0.1158399119667878,0.1158399119667878,max,0.025641821948391666,0,0,180
v31,C++,ocr_only,class,12,1.0,0.7004866410191687,max,0.02678313525428691,0,0,180
v31,C++,ocr_only,constructor,12,0.6772589996189434,0.543448765997998,max,0.01695306373418027,10,1800,1980
v31,C++,ocr_only,data type,12,0.7562571210249489,0.45984357279221516,max,0.015298954882948792,8,1440,1620
v31,C++,ocr_only,inheritance,12,0.6938001631869902,0.30742140145286545,max,0.0025613005275969907,5,900,1080
v31,C++,ocr_only,object,12,0.7687084292556693,0.30027466800773706,max,0.0039928538009733686,5,900,1080
v31,C++,ocr_only,pointer,12,0.692423463471744,0.30344922848583683,max,0.01621050871324868,0,0,180
v31,C++,ocr_only,polymorphism,12,0.7095568656096015,0.24883709452733152,max,0.015552056700527514,11,1980,2160
v31,C++,ocr_only,reference,12,0.9579355162057029,0.5947353870248983,max,0.027310661588534183,11,1980,2160
v31,C++,ocr_only,template,12,1.0,0.8317567552107024,max,0.030981004120908432,4,720,900
v31,C++,ocr_only,variable,12,1.0,0.7609150391795426,max,0.0418953109398229,2,360,540
v32,C++,ocr_only,class,4,0.383358360132583,0.26557933201223305,max,0.12165734140878832,3,540,720
v32,C++,ocr_only,constructor,4,0.060803697150416045,0.0428429209306868,max,0.00816606856689875,2,360,540
v32,C++,ocr_only,data type,4,1.0,0.8037445058330501,max,0.3333980676046368,1,180,360
v32,C++,ocr_only,inheritance,4,0.04544253650699747,0.03167968359049894,max,0.004847433519785937,1,180,360
v32,C++,ocr_only,object,4,0.044344111830952625,0.027593040733993775,max,0.009692055874178486,1,180,360
v32,C++,ocr_only,pointer,4,0.4515217556063578,0.1709112827140517,max,0.16504426482785198,0,0,180
v32,C++,ocr_only,polymorphism,4,0.05244470584468429,0.013111176461171072,max,0.008029112406759218,3,540,720
v32,C++,ocr_only,reference,4,0.23573500773821154,0.11098405840150356,max,0.08490884868235393,0,0,180
v32,C++,ocr_only,template,4,0.10033079041695854,0.05017771803070231,max,0.0177328886822245,2,360,540
v32,C++,ocr_only,variable,4,1.0,0.4691263246466318,max,0.3687293047826379,0,0,180
v33,C++,ocr_only,class,4,0.8803910041527051,0.7782812306149218,max,0.018430964674364236,3,540,720
v33,C++,ocr_only,constructor,4,0.6838170689712602,0.5592171469876778,max,0.01622391078952674,3,540,720
v33,C++,ocr_only,data type,4,0.7898251311595165,0.43991033359131393,max,0.023361103109404965,0,0,180
v33,C++,ocr_only,inheritance,4,0.8265273154399191,0.2638872232490465,max,0.001761141307960658,3,540,720
v33,C++,ocr_only,object,4,0.7428278799333464,0.2542077398319267,max,0.003774252035656707,3,540,720
v33,C++,ocr_only,pointer,4,0.8093283827420571,0.3312049395569221,max,0.00955955779841513,3,540,720
v33,C++,ocr_only,polymorphism,4,0.5898137227928719,0.1679522453874609,max,0.0008036089390651282,3,540,720
v33,C++,ocr_only,reference,4,0.8135074689582549,0.649254886364707,max,0.012987187749435032,3,540,720
v33,C++,ocr_only,template,4,1.0,0.9609263589711342,max,0.02574655799882033,1,180,360
v33,C++,ocr_only,variable,4,1.0,0.9099353179958972,max,0.029571871465909633,0,0,180
v34,C++,ocr_only,class,4,1.0,0.7196640239298027,max,0.04362281960634874,1,180,360
v34,C++,ocr_only,constructor,4,0.7797819926954688,0.4533039057342057,max,0.0023116040016071602,2,360,540
v34,C++,ocr_only,data type,4,0.5923342517004866,0.48390849420076115,max,0.031097924736083183,1,180,360
v34,C++,ocr_only,inheritance,4,1.0,0.5448222037294282,max,0.003971168376306241,2,360,540
v34,C++,ocr_only,object,4,1.0,0.5235202575495541,max,0.007678302230798133,3,540,720
v34,C++,ocr_only,pointer,4,0.29163140408827076,0.1559330267598215,max,0.011342138096941822,2,360,540
v34,C++,ocr_only,polymorphism,4,0.6207080455137958,0.2618708904955801,max,0.004321009168635099,2,360,540
v34,C++,ocr_only,reference,4,0.5864302119549447,0.4026969442702081,max,0.023775060384446992,2,360,540
v34,C++,ocr_only,template,4,1.0,0.5353036556904279,max,0.07562168637625993,0,0,180
v34,C++,ocr_only,variable,4,0.8131947666510605,0.549411367978482,max,0.0182665982247726,2,360,540
v35,C++,ocr_only,class,3,0.18551761624943913,0.1704330095337847,max,0.02369189290719533,2,360,540
v35,C++,ocr_only,constructor,3,0.1787592711597305,0.1527721243334136,max,0.020661651718999263,1,180,360
v35,C++,ocr_only,data type,3,0.31890188794401,0.2038702476396591,max,0.06663070116613748,2,360,540
v35,C++,ocr_only,inheritance,3,0.16874056795749684,0.1027265662601281,max,0.018470100056188116,0,0,180
v35,C++,ocr_only,object,3,0.36364977656985126,0.23727895994866918,max,0.1030415039084421,1,180,360
v35,C++,ocr_only,pointer,3,0.8092552500183892,0.29217615895625887,max,0.22448431258332543,2,360,540
v35,C++,ocr_only,polymorphism,3,0.4937667282303292,0.17764452740039896,max,0.1229228543030386,2,360,540
v35,C++,ocr_only,reference,3,1.0,0.9758602623283581,max,0.410234571899695,0,0,180
v35,C++,ocr_only,template,3,0.7002986681629212,0.39050959206853436,max,0.10201938015987129,1,180,360
v35,C++,ocr_only,variable,3,1.0,0.5968812970324945,max,0.28588849571381386,2,360,540
v36,C++,ocr_only,class,1,1.0,1.0,max,0.0033011097851315813,0,0,180
v36,C++,ocr_only,constructor,1,0.0,0.0,max,-0.0041230335807864605,0,0,180
v36,C++,ocr_only,data type,1,0.1378883902531553,0.1378883902531553,max,-0.0030993304030513796,0,0,180
v36,C++,ocr_only,inheritance,1,0.025700413386355106,0.025700413386355106,max,-0.003932230027242801,0,0,180
v36,C++,ocr_only,object,1,0.8997518951919868,0.8997518951919868,max,0.002556853482875314,0,0,180
v36,C++,ocr_only,pointer,1,0.8277380012287003,0.8277380012287003,max,0.002022212009753854,0,0,180
v36,C++,ocr_only,polymorphism,1,0.48788720508653644,0.48788720508653644,max,-0.0005008890238269562,0,0,180
v36,C++,ocr_only,reference,1,0.7898742897707863,0.7898742897707863,max,0.0017411063875245483,0,0,180
v36,C++,ocr_only,template,1,0.21501767784226367,0.21501767784226367,max,-0.002526711514278716,0,0,180
v36,C++,ocr_only,variable,1,0.5775781365549889,0.5775781365549889,max,0.0001649893100175655,0,0,180
v37,C++,ocr_only,class,1,0.5997709556618716,0.5997709556618716,max,2.36407587054818e-05,0,0,180
v37,C++,ocr_only,constructor,1,0.642641267251528,0.642641267251528,max,0.00011132606235060105,0,0,180
v37,C++,ocr_only,data type,1,1.0,1.0,max,0.0008422540129383258,0,0,180
v37,C++,ocr_only,inheritance,1,0.3361431037301739,0.3361431037301739,max,-0.0005155736157363134,0,0,180
v37,C++,ocr_only,object,1,0.7033400117042877,0.7033400117042877,max,0.00023547696400865885,0,0,180
v37,C++,ocr_only,pointer,1,0.32683936884816206,0.32683936884816206,max,-0.0005346031209559519,0,0,180
v37,C++,ocr_only,polymorphism,1,0.7499861582050248,0.7499861582050248,max,0.0003308852166694281,0,0,180
v37,C++,ocr_only,reference,1,0.23817674615224524,0.23817674615224524,max,-0.000715950274843676,0,0,180
v37,C++,ocr_only,template,1,0.0,0.0,max,-0.0012031079262148185,0,0,180
v37,C++,ocr_only,variable,1,0.4178278398952197,0.4178278398952197,max,-0.00034849876537456243,0,0,180
v38,C++,ocr_only,class,3,1.0,1.0,max,0.034418817391498054,0,0,180
v38,C++,ocr_only,constructor,3,0.47729622027119967,0.39850563029802855,max,0.009947709407881842,0,0,180
v38,C++,ocr_only,data type,3,0.2551384115603422,0.08504613718678074,max,0.002074937115953121,0,0,180
v38,C++,ocr_only,inheritance,3,0.47665235814107254,0.46378137708780004,max,0.014251530882957457,0,0,180
v38,C++,ocr_only,object,3,0.549930421833494,0.48286072582786493,max,0.01334231494390916,0,0,180
v38,C++,ocr_only,pointer,3,0.1280935132651972,0.1105785509975123,max,0.0016087482720500452,2,360,540
v38,C++,ocr_only,polymorphism,3,0.2668927439110441,0.15973709097258623,max,0.006831799620447207,2,360,540
v38,C++,ocr_only,reference,3,0.11869816251674635,0.09989461054553567,max,-4.554719649400287e-05,1,180,360
v38,C++,ocr_only,template,3,0.11238280382259506,0.07726450574723183,max,0.00028201145617400014,1,180,360
v38,C++,ocr_only,variable,3,0.3382696852438051,0.17472430667722436,max,0.004281964016243625,0,0,180
v39,C++,ocr_only,class,4,1.0,1.0,max,0.07829235509901303,0,0,180
v39,C++,ocr_only,constructor,4,0.4756153571358249,0.4241068172460885,max,0.029407556292433593,0,0,180
v39,C++,ocr_only,data type,4,0.4474107933408757,0.16780416284422486,max,0.023816986182022378,0,0,180
v39,C++,ocr_only,inheritance,4,0.4503125108386481,0.3542729984660189,max,0.02552078826990877,2,360,540
v39,C++,ocr_only,object,4,0.3777666009485522,0.3507132597488605,max,0.027491900927441096,1,180,360
v39,C++,ocr_only,pointer,4,0.09296839616893017,0.028681194030457945,max,0.0007451509492016471,0,0,180
v39,C++,ocr_only,polymorphism,4,0.11352390551780404,0.05217352582278372,max,0.0050008808291020284,2,360,540
v39,C++,ocr_only,reference,4,0.5184796443451881,0.28152570502771357,max,0.023516348902714306,3,540,720
v39,C++,ocr_only,template,4,0.4687191246198501,0.378659469082834,max,0.025366702240150328,0,0,180
v39,C++,ocr_only,variable,4,0.526761294359182,0.29074737553951446,max,0.029588003350781465,0,0,180
v4,SQL,ocr_only,aggregate function,3,0.7003540289727175,0.35099270289250345,max,0.08812140110189547,2,360,540
v4,SQL,ocr_only,count,3,1.0,0.673359320256797,max,0.15246153909473753,2,360,540
v4,SQL,ocr_only,group by,3,1.0,0.8742004252157836,max,0.37419605992330857,0,0,180
v4,SQL,ocr_only,having,3,0.762987655697655,0.5584667418529532,max,0.14467738759035761,2,360,540
v4,SQL,ocr_only,inner join,3,0.12569711436813663,0.04189903812271221,max,0.010571141594752137,2,360,540
v4,SQL,ocr_only,join,3,0.10289245650810162,0.03891486876057968,max,0.047985402689135134,0,0,180
v4,SQL,ocr_only,left join,3,0.05412674073483174,0.02902323475945892,max,0.030252973273846274,0,0,180
v4,SQL,ocr_only,order by,3,0.4672011120109633,0.32312697453250333,max,0.18045710779274943,0,0,180
v4,SQL,ocr_only,select,3,0.8523423593991133,0.4115389769870447,max,0.10922505411460573,2,360,540
v4,SQL,ocr_only,subquery,3,0.15978393356982795,0.1239728504026078,max,0.06867256138929631,0,0,180
v4,SQL,ocr_only,where,3,0.29225407692775274,0.12590052220962325,max,0.06189210083618705,1,180,360
v40,C++,ocr_only,class,1,0.2703908759736421,0.2703908759736421,max,-0.005965608127378643,0,0,180
v40,C++,ocr_only,constructor,1,0.6209019037726403,0.6209019037726403,max,0.004665506809475612,0,0,180
v40,C++,ocr_only,data type,1,0.7262144331615752,0.7262144331615752,max,0.007859670517405055,0,0,180
v40,C++,ocr_only,inheritance,1,0.0,0.0,max,-0.014166652466562511,0,0,180
v40,C++,ocr_only,object,1,0.5574607728426727,0.5574607728426727,max,0.0027413164098877545,0,0,180
v40,C++,ocr_only,pointer,1,1.0,1.0,max,0.016163676948781045,0,0,180
v40,C++,ocr_only,polymorphism,1,0.10549302813415905,0.10549302813415905,max,-0.010967014172231362,0,0,180
v40,C++,ocr_only,reference,1,0.5487258331521354,0.5487258331521354,max,0.0024763828116506,0,0,180
v40,C++,ocr_only,template,1,0.5917546139665367,0.5917546139665367,max,0.003781459908092007,0,0,180
v40,C++,ocr_only,variable,1,0.6385387834585928,0.6385387834585928,max,0.005200439180209338,0,0,180
v5,Java,ocr_only,abstract class,3,0.9313436712942534,0.7327373966609491,max,0.1982852202044987,2,360,540
v5,Java,ocr_only,abstract method,3,0.0,0.0,max,0.04709496049425374,0,0,180
v5,Java,ocr_only,class,3,0.9984047152146779,0.7845542707163465,max,0.21278405414366386,2,360,540
v5,Java,ocr_only,extends,3,0.7964982714285092,0.6503973326291806,max,0.17519156436995495,2,360,540
v5,Java,ocr_only,implements,3,1.0,0.9618514090732594,max,0.29560172887505404,0,0,180
v5,Java,ocr_only,inheritance,3,1.0,0.776575404378547,max,0.2022633525064009,2,360,540
v5,Java,ocr_only,interface,3,0.7937801792220807,0.702176156136369,max,0.2018633848092006,2,360,540
v5,Java,ocr_only,method,3,0.8136609689637083,0.5854412389368305,max,0.16497615425680004,2,360,540
v5,Java,ocr_only,object,3,0.5521969852265889,0.4779120623834852,max,0.16350112565209096,1,180,360
v6,SQL,ocr_only,aggregate function,3,0.7401418701141484,0.3416275225748647,max,0.21341869087166493,2,360,540
v6,SQL,ocr_only,count,3,0.7874958731250222,0.37366530623033145,max,0.22807287278994176,2,360,540
v6,SQL,ocr_only,group by,3,1.0,0.741803850167953,max,0.31507376824364364,1,180,360
v6,SQL,ocr_only,having,3,0.9239870969068907,0.3686052924321803,max,0.27031148191214094,2,360,540
v6,SQL,ocr_only,inner join,3,0.11233361583396782,0.06847064678865812,max,0.027213445316580074,2,360,540
v6,SQL,ocr_only,join,3,0.23246173159981665,0.07750127769742024,max,0.10718720594995733,0,0,180
v6,SQL,ocr_only,left join,3,0.28770305106132016,0.2673908966198532,max,0.13130074858750745,0,0,180
v6,SQL,ocr_only,order by,3,1.0,0.6857888037201084,max,0.2938344544010135,2,360,540
v6,SQL,ocr_only,select,3,1.0,0.6542455937771116,max,0.4422274790903753,0,0,180
v6,SQL,ocr_only,subquery,3,0.33931652677071994,0.12354782769493239,max,0.08937917730695935,2,360,540
v6,SQL,ocr_only,where,3,0.8707882896165562,0.46588328064278856,max,0.3858249145250366,0,0,180
v7,SQL,ocr_only,aggregate function,1,0.08971735610919197,0.08971735610919197,max,-0.026625286442892446,0,0,180
v7,SQL,ocr_only,count,1,1.0,1.0,max,0.020464966253377143,0,0,180
v7,SQL,ocr_only,group by,1,0.849310959227309,0.849310959227309,max,0.012669601751848008,0,0,180
v7,SQL,ocr_only,having,1,0.582437918190868,0.582437918190868,max,-0.001136131032985143,0,0,180
v7,SQL,ocr_only,inner join,1,0.5788560544061582,0.5788560544061582,max,-0.0013214260859861083,0,0,180
v7,SQL,ocr_only,join,1,0.5385915878111084,0.5385915878111084,max,-0.003404365840321181,0,0,180
v7,SQL,ocr_only,left join,1,0.0,0.0,max,-0.03126649650965259,0,0,180
v7,SQL,ocr_only,order by,1,0.5876165583487462,0.5876165583487462,max,-0.0008682324024947434,0,0,180
v7,SQL,ocr_only,select,1,0.6295319092973726,0.6295319092973726,max,0.001300110014303445,0,0,180
v7,SQL,ocr_only,subquery,1,0.8166712548035359,0.8166712548035359,max,0.010981102097853288,0,0,180
v7,SQL,ocr_only,where,1,0.7252954798375485,0.7252954798375485,max,0.006254099597757331,0,0,180
v8,SQL,ocr_only,aggregate function,6,0.2518404074901769,0.13828292786538607,max,0.022683891388109233,0,0,180
v8,SQL,ocr_only,count,6,0.26884351937889217,0.13029550812427274,max,0.024801771074053174,0,0,180
v8,SQL,ocr_only,group by,6,0.6511597880847407,0.3095192550817692,max,0.0724224574753104,0,0,180
v8,SQL,ocr_only,having,6,0.4673380957028724,0.14154949274198164,max,0.049525929435065334,0,0,180
v8,SQL,ocr_only,inner join,6,1.0,0.38118299306290687,max,0.1212704428588761,4,720,900
v8,SQL,ocr_only,join,6,1.0,0.3296963483048338,max,0.11587342123365843,0,0,180
v8,SQL,ocr_only,left join,6,1.0,0.252472883996193,max,0.02034711798715624,3,540,720
v8,SQL,ocr_only,order by,6,0.7278871872344703,0.46684606761203984,max,0.08715718827684044,5,900,1080
v8,SQL,ocr_only,select,6,1.0,0.7183713773646505,max,0.0722430308432815,1,180,360
v8,SQL,ocr_only,subquery,6,0.7848428474691541,0.5524525163763117,max,0.06851151881310405,1,180,360
v8,SQL,ocr_only,where,6,0.6707215148045308,0.2501470455868366,max,0.036530406820006876,2,360,540
v9,SQL,ocr_only,aggregate function,4,0.9810971876273465,0.6508122500717795,max,0.1770961096219672,0,0,180
v9,SQL,ocr_only,count,4,1.0,0.5795714286841129,max,0.18095908495623952,0,0,180
v9,SQL,ocr_only,group by,4,0.7250062359327885,0.5375089029939892,max,0.0915820885631764,2,360,540
v9,SQL,ocr_only,having,4,0.21220130759899244,0.1241887145454116,max,0.019964685968302198,0,0,180
v9,SQL,ocr_only,inner join,4,0.7287311339321356,0.2198513290668186,max,0.13796138920747392,1,180,360
v9,SQL,ocr_only,join,4,0.7791271618994787,0.36336730588228855,max,0.13582155151558625,0,0,180
v9,SQL,ocr_only,left join,4,0.7646535108293477,0.226451951568989,max,0.14630475128387602,1,180,360
v9,SQL,ocr_only,order by,4,1.0,0.46057291321712607,max,0.10785944167297747,3,540,720
v9,SQL,ocr_only,select,4,1.0,0.7504969080094624,max,0.2009665287653428,1,180,360
v9,SQL,ocr_only,subquery,4,0.1538278219400107,0.09958989822877698,max,0.004669819613300353,1,180,360
v9,SQL,ocr_only,where,4,0.4621825072488621,0.18887418970687905,max,0.07605257649862243,1,180,360
