video_id,subject,concept,num_chunks,max_final_score,mean_final_score,top2_mean_score,top3_count,top3_ratio,top1_count,top1_ratio,max_lsa_score,max_lda_score,best_chunk_id,best_start_sec,best_end_sec,concept_norm,prediction
v1,sql,left join,13,1.0,0.6466,1.0,11,0.8462,4,0.3077,0.2712,0.2164,1,60,120,left join,True
v1,sql,group by,13,1.0,0.5311,0.951,8,0.6154,2,0.1538,0.161,0.305,8,480,540,group by,True
v1,sql,select,13,0.9014,0.5764,0.9014,7,0.5385,4,0.3077,0.133,0.1799,3,180,240,select,True
v1,sql,inner join,13,0.7436,0.3976,0.72,3,0.2308,1,0.0769,0.387,0.1494,4,240,300,inner join,True
v1,sql,subquery,13,0.7174,0.2992,0.7171,3,0.2308,2,0.1538,0.1086,0.1118,11,660,720,subquery,True
v1,sql,order by,13,0.6014,0.4373,0.593,5,0.3846,0,0.0,0.0643,0.1955,3,180,240,order by,True
v1,sql,where,13,0.5218,0.2368,0.4534,1,0.0769,0,0.0,0.0717,0.1097,10,600,660,where,True
v1,sql,having,13,0.5313,0.1333,0.4491,1,0.0769,0,0.0,0.0985,0.1111,8,480,540,having,True
v2,python,for loop,15,1.0,0.7563,1.0,13,0.8667,6,0.4,0.1538,0.1997,0,0,60,for loop,True
v2,python,range,15,1.0,0.6163,1.0,9,0.6,4,0.2667,0.1761,0.2239,2,120,180,range,True
v2,python,nested loop,15,0.9989,0.5998,0.9922,10,0.6667,3,0.2,0.347,0.1928,6,360,420,nested loop,True
v2,python,for,15,0.8005,0.5139,0.7932,7,0.4667,0,0.0,0.1031,0.1687,14,840,900,for,True
v2,python,break,15,0.8757,0.3439,0.7926,3,0.2,1,0.0667,0.1736,0.126,5,300,360,break,True
v2,python,continue,15,0.6314,0.3324,0.6045,1,0.0667,0,0.0,0.1601,0.1481,8,480,540,continue,True
v2,python,list,15,0.7301,0.0971,0.4713,1,0.0667,1,0.0667,0.1969,0.0611,11,660,720,list,True
v2,python,iteration,15,0.4674,0.1897,0.4419,1,0.0667,0,0.0,0.0836,0.1475,8,480,540,iteration,True
v3,java,abstract class,8,1.0,0.8236,1.0,7,0.875,3,0.375,0.2732,0.3571,0,0,60,abstract class,True
v3,java,abstract method,8,0.9177,0.6374,0.9177,4,0.5,3,0.375,0.3715,0.3021,2,120,180,abstract method,True
v3,java,implements,8,0.8883,0.5242,0.8419,4,0.5,1,0.125,0.1671,0.2826,4,240,300,implements,True
v3,java,class,8,0.904,0.3976,0.6959,3,0.375,0,0.0,0.1918,0.2236,1,60,120,class,True
v3,java,object,8,0.6739,0.3752,0.6678,3,0.375,0,0.0,0.1226,0.2073,1,60,120,object,True
v3,java,method,8,0.8864,0.2334,0.6072,2,0.25,1,0.125,0.1532,0.1704,7,420,480,method,True
v3,java,interface,8,0.6937,0.2754,0.6036,1,0.125,0,0.0,0.1352,0.2168,4,240,300,interface,True
v4,sql,group by,8,1.0,0.9324,1.0,8,1.0,7,0.875,0.2666,0.5123,0,0,60,group by,True
v4,sql,count,8,0.6788,0.3872,0.6673,3,0.375,1,0.125,0.2193,0.1739,2,120,180,count,True
v4,sql,left join,8,0.5358,0.3011,0.5084,2,0.25,0,0.0,0.0847,0.2166,3,180,240,left join,True
v4,sql,order by,8,0.4799,0.3758,0.454,7,0.875,0,0.0,0.1021,0.2484,3,180,240,order by,True
v4,sql,aggregate function,8,0.6,0.1606,0.4514,1,0.125,0,0.0,0.101,0.0933,7,420,480,aggregate function,True
v4,sql,having,8,0.5495,0.201,0.4239,1,0.125,0,0.0,0.1011,0.1339,4,240,300,having,True
v5,java,interface,7,1.0,0.6959,0.9351,5,0.7143,1,0.1429,0.1466,0.3411,3,180,240,interface,True
v5,java,method,7,0.9631,0.7192,0.9343,4,0.5714,1,0.1429,0.1377,0.3313,3,180,240,method,True
v5,java,abstract method,7,0.8578,0.6422,0.8578,4,0.5714,3,0.4286,0.1967,0.2876,2,120,180,abstract method,True
v5,java,class,7,0.8339,0.5571,0.8317,3,0.4286,1,0.1429,0.2152,0.2769,6,360,420,class,True
v5,java,abstract class,7,0.8753,0.6358,0.8303,4,0.5714,1,0.1429,0.1831,0.3001,5,300,360,abstract class,True
v5,java,implements,7,0.7503,0.5807,0.7261,1,0.1429,0,0.0,0.1784,0.2925,0,0,60,implements,True
