subject,concept,description
SQL,select,select data columns from a database table using SQL select query
SQL,where,filter database rows using a where condition
SQL,group by,group database rows by one or more columns
SQL,having,filter grouped SQL results after aggregation
SQL,count,count rows or values using SQL aggregate function
SQL,aggregate function,perform SQL aggregation such as count sum average minimum maximum
SQL,join,combine rows from multiple database tables
SQL,inner join,combine matching rows from two database tables using inner join
SQL,left join,keep all rows from the left table and matching rows from another table
SQL,subquery,use a query nested inside another SQL query
SQL,order by,sort SQL query results by one or more columns
Python,for loop,repeat a block of Python code using a for loop
Python,for,iterate through elements using the Python for statement
Python,iteration,repeatedly process elements in a sequence
Python,range,generate a sequence of numbers for Python iteration
Python,list,sore and process ordered Python elements in a list
Python,nested loop,use one loop inside another loop
Python,index,access an element using its position or index
Python,break,stop a loop early using the break statement
Python,continue,skip the current loop iteration using continue
Java,class,define objects and behavior using a Java class
Java,object,instance of a Java class
Java,method,define behavior using a Java method
Java,interface,define a Java interface containing method contracts
Java,implements,implement a Java interface in a class
Java,extends,extend a Java class through inheritance
Java,inheritance,reuse and extend behavior from a parent Java class
Java,abstract class,define an abstract Java class that cannot be directly instantiated
Java,abstract method,declare an abstract method that subclasses must implement