topic_id,subject,concept,topic_concept_affinity
0,SQL,select,0.1859
0,SQL,where,0.0555
0,SQL,group by,0.0931
0,SQL,having,0.0033
0,SQL,count,0.0255
0,SQL,aggregate function,0.0298
0,SQL,join,0.1213
0,SQL,inner join,0.197
0,SQL,left join,0.2641
0,SQL,subquery,0.0788
0,SQL,order by,0.0994
0,Python,for loop,0.1311
0,Python,for,0.1264
0,Python,iteration,0.0007
0,Python,range,0.0651
0,Python,list,0.0092
0,Python,nested loop,0.078
0,Python,index,0.0115
0,Python,break,0.0468
0,Python,continue,0.0366
0,Java,class,0.0141
0,Java,object,0.0038
0,Java,method,0.0155
0,Java,interface,0.0066
0,Java,implements,0.0032
0,Java,extends,0.0026
0,Java,inheritance,0.0025
0,Java,abstract class,0.0041
0,Java,abstract method,0.001
0,C++,variable,0.0193
0,C++,data type,0.0217
0,C++,pointer,0.0254
0,C++,reference,0.0193
0,C++,class,0.0192
0,C++,object,0.0302
0,C++,constructor,0.0116
0,C++,inheritance,0.0026
0,C++,polymorphism,0.0388
0,C++,template,0.0179
1,SQL,select,0.0379
1,SQL,where,0.0448
1,SQL,group by,0.0752
1,SQL,having,0.0045
1,SQL,count,0.0686
1,SQL,aggregate function,0.0401
1,SQL,join,0.007
1,SQL,inner join,0.0165
1,SQL,left join,0.0054
1,SQL,subquery,0.0612
1,SQL,order by,0.0856
1,Python,for loop,0.4443
1,Python,for,0.3262
1,Python,iteration,0.0336
1,Python,range,0.2769
1,Python,list,0.1002
1,Python,nested loop,0.2784
1,Python,index,0.0381
1,Python,break,0.1838
1,Python,continue,0.1605
1,Java,class,0.0316
1,Java,object,0.0148
1,Java,method,0.0212
1,Java,interface,0.0032
1,Java,implements,0.0099
1,Java,extends,0.0086
1,Java,inheritance,0.008
1,Java,abstract class,0.0128
1,Java,abstract method,0.0017
1,C++,variable,0.1081
1,C++,data type,0.1594
1,C++,pointer,0.0931
1,C++,reference,0.0574
1,C++,class,0.0653
1,C++,object,0.1079
1,C++,constructor,0.0265
1,C++,inheritance,0.0086
1,C++,polymorphism,0.0842
1,C++,template,0.0674
2,SQL,select,0.2671
2,SQL,where,0.1543
2,SQL,group by,0.4063
2,SQL,having,0.1455
2,SQL,count,0.1486
2,SQL,aggregate function,0.1083
2,SQL,join,0.0926
2,SQL,inner join,0.0741
2,SQL,left join,0.1203
2,SQL,subquery,0.1517
2,SQL,order by,0.2891
2,Python,for loop,0.1105
2,Python,for,0.1364
2,Python,iteration,0.0005
2,Python,range,0.063
2,Python,list,0.0124
2,Python,nested loop,0.0474
2,Python,index,0.0323
2,Python,break,0.036
2,Python,continue,0.0266
2,Java,class,0.3227
2,Java,object,0.2429
2,Java,method,0.1939
2,Java,interface,0.2049
2,Java,implements,0.3112
2,Java,extends,0.2292
2,Java,inheritance,0.2112
2,Java,abstract class,0.3574
2,Java,abstract method,0.2121
2,C++,variable,0.085
2,C++,data type,0.1161
2,C++,pointer,0.0763
2,C++,reference,0.0488
2,C++,class,0.3746
2,C++,object,0.3165
2,C++,constructor,0.1846
2,C++,inheritance,0.199
2,C++,polymorphism,0.1542
2,C++,template,0.0943
3,SQL,select,0.109
3,SQL,where,0.027
3,SQL,group by,0.1679
3,SQL,having,0.0158
3,SQL,count,0.2613
3,SQL,aggregate function,0.2469
3,SQL,join,0.0425
3,SQL,inner join,0.022
3,SQL,left join,0.0758
3,SQL,subquery,0.081
3,SQL,order by,0.1047
3,Python,for loop,0.0869
3,Python,for,0.1157
3,Python,iteration,0.0012
3,Python,range,0.0685
3,Python,list,0.1162
3,Python,nested loop,0.0248
3,Python,index,0.0524
3,Python,break,0.0043
3,Python,continue,0.0043
3,Java,class,0.0616
3,Java,object,0.0686
3,Java,method,0.0117
3,Java,interface,0.0052
3,Java,implements,0.0398
3,Java,extends,0.0384
3,Java,inheritance,0.0358
3,Java,abstract class,0.0499
3,Java,abstract method,0.007
3,C++,variable,0.0226
3,C++,data type,0.1214
3,C++,pointer,0.0377
3,C++,reference,0.0257
3,C++,class,0.0813
3,C++,object,0.1443
3,C++,constructor,0.0862
3,C++,inheritance,0.0384
3,C++,polymorphism,0.0662
3,C++,template,0.0366
4,SQL,select,0.0262
4,SQL,where,0.0219
4,SQL,group by,0.0219
4,SQL,having,0.0054
4,SQL,count,0.0191
4,SQL,aggregate function,0.0119
4,SQL,join,0.0015
4,SQL,inner join,0.0065
4,SQL,left join,0.001
4,SQL,subquery,0.0593
4,SQL,order by,0.0624
4,Python,for loop,0.0867
4,Python,for,0.0992
4,Python,iteration,0.0007
4,Python,range,0.0574
4,Python,list,0.0032
4,Python,nested loop,0.0471
4,Python,index,0.0277
4,Python,break,0.0086
4,Python,continue,0.0082
4,Java,class,0.1944
4,Java,object,0.1412
4,Java,method,0.0325
4,Java,interface,0.0141
4,Java,implements,0.1306
4,Java,extends,0.1314
4,Java,inheritance,0.1218
4,Java,abstract class,0.1583
4,Java,abstract method,0.0155
4,C++,variable,0.1962
4,C++,data type,0.1248
4,C++,pointer,0.1726
4,C++,reference,0.1284
4,C++,class,0.2466
4,C++,object,0.2249
4,C++,constructor,0.1134
4,C++,inheritance,0.1594
4,C++,polymorphism,0.0592
4,C++,template,0.0221
5,SQL,select,0.0286
5,SQL,where,0.0176
5,SQL,group by,0.0273
5,SQL,having,0.001
5,SQL,count,0.0144
5,SQL,aggregate function,0.0216
5,SQL,join,0.0011
5,SQL,inner join,0.0127
5,SQL,left join,0.008
5,SQL,subquery,0.0194
5,SQL,order by,0.0338
5,Python,for loop,0.0935
5,Python,for,0.1007
5,Python,iteration,0.0008
5,Python,range,0.0613
5,Python,list,0.0442
5,Python,nested loop,0.0156
5,Python,index,0.0276
5,Python,break,0.0106
5,Python,continue,0.0076
5,Java,class,0.2507
5,Java,object,0.3213
5,Java,method,0.349
5,Java,interface,0.1819
5,Java,implements,0.1618
5,Java,extends,0.1479
5,Java,inheritance,0.1473
5,Java,abstract class,0.1761
5,Java,abstract method,0.2272
5,C++,variable,0.1815
5,C++,data type,0.1867
5,C++,pointer,0.0585
5,C++,reference,0.3767
5,C++,class,0.2448
5,C++,object,0.3501
5,C++,constructor,0.1508
5,C++,inheritance,0.1237
5,C++,polymorphism,0.1666
5,C++,template,0.0201
