video_id,subject,concept,num_chunks,max_final_score,mean_final_score,top2_mean_score,top3_count,top3_ratio,top1_count,top1_ratio,max_lsa_score,max_lda_score,best_chunk_id,best_start_sec,best_end_sec,best_final_score,best_chunk_rank,y_true,decision_score,y_pred,variant,chunk_seconds,aggregation_column,threshold
v1,SQL,group by,5,1.0,0.3249,0.6663,1,0.2,1,0.2,0.2672,0.4052,2,360.0,540.0,1.0,1,1,1.0,1,new,180,max_final_score,0.5
v1,SQL,inner join,5,1.0,0.4349,0.6938,1,0.2,1,0.2,0.3931,0.0995,1,180.0,360.0,1.0,1,1,1.0,1,new,180,max_final_score,0.5
v1,SQL,select,5,1.0,0.4551,0.9214,2,0.4,1,0.2,0.2089,0.2664,0,0.0,180.0,1.0,1,1,1.0,1,new,180,max_final_score,0.5
v1,SQL,subquery,5,1.0,0.4297,0.9287,2,0.4,1,0.2,0.1841,0.1513,4,720.0,900.0,1.0,1,1,1.0,1,new,180,max_final_score,0.5
v1,SQL,where,5,1.0,0.3166,0.7364,2,0.4,1,0.2,0.1251,0.1539,3,540.0,720.0,1.0,1,1,1.0,1,new,180,max_final_score,0.5
v1,SQL,left join,5,0.6975,0.479,0.619,3,0.6,0,0.0,0.2777,0.1499,1,180.0,360.0,0.6975,2,1,0.6975,1,new,180,max_final_score,0.5
v1,SQL,join,5,0.5748,0.2181,0.4137,1,0.2,0,0.0,0.2309,0.0983,1,180.0,360.0,0.5748,3,1,0.5748,1,new,180,max_final_score,0.5
v1,SQL,having,5,0.5498,0.3189,0.4574,1,0.2,0,0.0,0.0961,0.145,4,720.0,900.0,0.5498,2,1,0.5498,1,new,180,max_final_score,0.5
v2,Python,break,5,1.0,0.33,0.7103,1,0.2,1,0.2,0.3102,0.1832,1,180.0,360.0,1.0,1,1,1.0,1,new,180,max_final_score,0.5
v2,Python,for loop,5,1.0,0.6768,0.9774,4,0.8,1,0.2,0.3436,0.4431,0,0.0,180.0,1.0,1,1,1.0,1,new,180,max_final_score,0.5
v2,Python,nested loop,5,1.0,0.5355,0.8057,2,0.4,1,0.2,0.6331,0.2776,2,360.0,540.0,1.0,1,1,1.0,1,new,180,max_final_score,0.5
v2,Python,range,5,1.0,0.6172,1.0,3,0.6,2,0.4,0.3652,0.2762,3,540.0,720.0,1.0,1,1,1.0,1,new,180,max_final_score,0.5
v2,Python,for,5,0.7662,0.4359,0.6731,3,0.6,0,0.0,0.1688,0.3255,4,720.0,900.0,0.7662,3,1,0.7662,1,new,180,max_final_score,0.5
v2,Python,list,5,0.5679,0.1936,0.4,1,0.2,0,0.0,0.1878,0.1,3,540.0,720.0,0.5679,2,1,0.5679,1,new,180,max_final_score,0.5
v2,Python,iteration,5,0.5554,0.2847,0.4433,0,0.0,0,0.0,0.1863,0.0334,0,0.0,180.0,0.5554,4,1,0.5554,1,new,180,max_final_score,0.5
v2,Python,continue,5,0.5408,0.4098,0.5396,1,0.2,0,0.0,0.3436,0.16,2,360.0,540.0,0.5408,3,0,0.5408,1,new,180,max_final_score,0.5
v3,Java,abstract class,3,1.0,0.8676,1.0,3,1.0,2,0.6667,0.5815,0.3568,0,0.0,180.0,1.0,1,1,1.0,1,new,180,max_final_score,0.5
v3,Java,abstract method,3,1.0,0.6885,0.9293,2,0.6667,1,0.3333,0.5096,0.2117,1,180.0,360.0,1.0,1,1,1.0,1,new,180,max_final_score,0.5
v3,Java,interface,3,0.6802,0.3992,0.5988,1,0.3333,0,0.0,0.2747,0.2045,2,360.0,540.0,0.6802,2,1,0.6802,1,new,180,max_final_score,0.5
v3,Java,implements,3,0.6621,0.5079,0.6531,2,0.6667,0,0.0,0.3363,0.3107,2,360.0,540.0,0.6621,3,1,0.6621,1,new,180,max_final_score,0.5
v3,Java,object,3,0.5461,0.2543,0.3815,0,0.0,0,0.0,0.1759,0.2426,2,360.0,540.0,0.5461,4,1,0.5461,1,new,180,max_final_score,0.5
v4,SQL,count,3,1.0,0.6044,0.7385,2,0.6667,1,0.3333,0.3284,0.1525,2,360.0,540.0,1.0,1,1,1.0,1,new,180,max_final_score,0.5
v4,SQL,group by,3,1.0,0.8778,1.0,3,1.0,2,0.6667,0.5201,0.4055,0,0.0,180.0,1.0,1,1,1.0,1,new,180,max_final_score,0.5
v5,Java,interface,3,1.0,0.7817,1.0,2,0.6667,2,0.6667,0.3454,0.2044,0,0.0,180.0,1.0,1,1,1.0,1,new,180,max_final_score,0.5
v5,Java,method,3,1.0,0.6371,0.8096,1,0.3333,1,0.3333,0.2647,0.1936,2,360.0,540.0,1.0,1,1,1.0,1,new,180,max_final_score,0.5
v5,Java,abstract class,3,0.915,0.6378,0.7756,2,0.6667,0,0.0,0.2774,0.3566,2,360.0,540.0,0.915,2,1,0.915,1,new,180,max_final_score,0.5
v5,Java,abstract method,3,0.9017,0.5622,0.7224,1,0.3333,0,0.0,0.2037,0.2116,1,180.0,360.0,0.9017,2,1,0.9017,1,new,180,max_final_score,0.5
v5,Java,implements,3,0.794,0.485,0.7275,2,0.6667,0,0.0,0.3069,0.3105,0,0.0,180.0,0.794,2,1,0.794,1,new,180,max_final_score,0.5
v5,Java,class,3,0.718,0.4128,0.5337,1,0.3333,0,0.0,0.2238,0.3221,2,360.0,540.0,0.718,3,1,0.718,1,new,180,max_final_score,0.5
v6,SQL,group by,3,1.0,0.6306,0.8206,2,0.6667,1,0.3333,0.3988,0.4053,1,180.0,360.0,1.0,1,1,1.0,1,new,180,max_final_score,0.5
v6,SQL,order by,3,1.0,0.6725,0.7904,3,1.0,1,0.3333,0.4673,0.2884,2,360.0,540.0,1.0,1,1,1.0,1,new,180,max_final_score,0.5
v6,SQL,select,3,1.0,0.7575,0.8182,3,1.0,1,0.3333,0.5568,0.2665,0,0.0,180.0,1.0,1,1,1.0,1,new,180,max_final_score,0.5
v6,SQL,having,3,0.6345,0.4185,0.4975,0,0.0,0,0.0,0.2974,0.1451,2,360.0,540.0,0.6345,4,1,0.6345,1,new,180,max_final_score,0.5
v6,SQL,subquery,3,0.5323,0.226,0.3286,0,0.0,0,0.0,0.2499,0.1514,2,360.0,540.0,0.5323,5,0,0.5323,1,new,180,max_final_score,0.5
v6,SQL,where,3,0.5037,0.3492,0.397,1,0.3333,0,0.0,0.286,0.1539,0,0.0,180.0,0.5037,2,1,0.5037,1,new,180,max_final_score,0.5
v7,SQL,order by,3,1.0,0.5305,0.6718,1,0.3333,1,0.3333,0.4778,0.2046,2,360.0,540.0,1.0,1,1,1.0,1,new,180,max_final_score,0.5
v7,SQL,select,3,1.0,0.8059,1.0,2,0.6667,2,0.6667,0.624,0.2305,0,0.0,180.0,1.0,1,1,1.0,1,new,180,max_final_score,0.5
v7,SQL,count,3,0.8372,0.3407,0.5111,1,0.3333,0,0.0,0.375,0.0984,1,180.0,360.0,0.8372,2,1,0.8372,1,new,180,max_final_score,0.5
v7,SQL,left join,3,0.5487,0.374,0.4597,1,0.3333,0,0.0,0.2382,0.1836,1,180.0,360.0,0.5487,3,0,0.5487,1,new,180,max_final_score,0.5
v8,SQL,inner join,6,1.0,0.3643,0.6852,1,0.1667,1,0.1667,0.1631,0.1281,4,720.0,900.0,1.0,1,1,1.0,1,new,180,max_final_score,0.5
v8,SQL,order by,6,1.0,0.625,1.0,2,0.3333,2,0.3333,0.2562,0.2112,3,540.0,720.0,1.0,1,1,1.0,1,new,180,max_final_score,0.5
v8,SQL,select,6,1.0,0.5158,1.0,3,0.5,2,0.3333,0.478,0.2007,0,0.0,180.0,1.0,1,1,1.0,1,new,180,max_final_score,0.5
v8,SQL,where,6,1.0,0.3731,0.7218,1,0.1667,1,0.1667,0.1381,0.1124,2,360.0,540.0,1.0,1,1,1.0,1,new,180,max_final_score,0.5
v8,SQL,having,6,0.9595,0.3215,0.8837,2,0.3333,0,0.0,0.1955,0.0915,0,0.0,180.0,0.9595,2,1,0.9595,1,new,180,max_final_score,0.5
v8,SQL,group by,6,0.9215,0.4964,0.7685,2,0.3333,0,0.0,0.2314,0.2796,5,900.0,1080.0,0.9215,2,1,0.9215,1,new,180,max_final_score,0.5
v8,SQL,subquery,6,0.842,0.3368,0.5911,2,0.3333,0,0.0,0.1525,0.117,0,0.0,180.0,0.842,3,0,0.842,1,new,180,max_final_score,0.5
v8,SQL,join,6,0.8195,0.4822,0.8078,2,0.3333,0,0.0,0.1448,0.0969,4,720.0,900.0,0.8195,2,1,0.8195,1,new,180,max_final_score,0.5
v8,SQL,left join,6,0.7861,0.3956,0.7209,3,0.5,0,0.0,0.199,0.1781,4,720.0,900.0,0.7861,3,0,0.7861,1,new,180,max_final_score,0.5
v8,SQL,count,6,0.5699,0.3285,0.5497,0,0.0,0,0.0,0.1001,0.118,2,360.0,540.0,0.5699,4,1,0.5699,1,new,180,max_final_score,0.5
v8,SQL,aggregate function,6,0.5009,0.2581,0.4392,0,0.0,0,0.0,0.0985,0.0823,5,900.0,1080.0,0.5009,4,1,0.5009,1,new,180,max_final_score,0.5
v9,SQL,aggregate function,4,1.0,0.8707,1.0,4,1.0,2,0.5,0.525,0.2464,2,360.0,540.0,1.0,1,1,1.0,1,new,180,max_final_score,0.5
v9,SQL,count,4,1.0,0.797,1.0,4,1.0,2,0.5,0.4597,0.2608,0,0.0,180.0,1.0,1,1,1.0,1,new,180,max_final_score,0.5
v9,SQL,group by,4,0.7295,0.2998,0.4956,2,0.5,0,0.0,0.1768,0.1826,0,0.0,180.0,0.7295,3,0,0.7295,1,new,180,max_final_score,0.5
v9,SQL,subquery,4,0.5592,0.3186,0.4593,1,0.25,0,0.0,0.1402,0.0879,2,360.0,540.0,0.5592,3,0,0.5592,1,new,180,max_final_score,0.5
v10,SQL,aggregate function,7,1.0,0.5631,1.0,5,0.7143,3,0.4286,0.1704,0.2462,3,540.0,720.0,1.0,1,1,1.0,1,new,180,max_final_score,0.5
v10,SQL,group by,7,1.0,0.7973,1.0,6,0.8571,4,0.5714,0.5467,0.4052,0,0.0,180.0,1.0,1,1,1.0,1,new,180,max_final_score,0.5
v10,SQL,select,7,0.8012,0.3568,0.564,3,0.4286,0,0.0,0.143,0.2665,6,1080.0,1260.0,0.8012,2,0,0.8012,1,new,180,max_final_score,0.5
v10,SQL,having,7,0.7895,0.3782,0.7308,3,0.4286,0,0.0,0.1407,0.1451,5,900.0,1080.0,0.7895,2,1,0.7895,1,new,180,max_final_score,0.5
v10,SQL,subquery,7,0.7218,0.2045,0.6281,1,0.1429,0,0.0,0.0876,0.1514,3,540.0,720.0,0.7218,3,0,0.7218,1,new,180,max_final_score,0.5
v10,SQL,count,7,0.5695,0.2687,0.4435,1,0.1429,0,0.0,0.1379,0.2607,3,540.0,720.0,0.5695,4,1,0.5695,1,new,180,max_final_score,0.5
v10,SQL,inner join,7,0.5,0.1687,0.3579,0,0.0,0,0.0,0.0472,0.0741,6,1080.0,1260.0,0.5,5,0,0.5,1,new,180,max_final_score,0.5
v11,SQL,group by,4,1.0,0.666,1.0,3,0.75,2,0.5,0.2973,0.2087,2,360.0,540.0,1.0,1,1,1.0,1,new,180,max_final_score,0.5
v11,SQL,select,4,1.0,0.7711,0.9981,3,0.75,1,0.25,0.2214,0.1948,1,180.0,360.0,1.0,1,1,1.0,1,new,180,max_final_score,0.5
v11,SQL,subquery,4,1.0,0.6133,0.8473,2,0.5,1,0.25,0.2473,0.1024,0,0.0,180.0,1.0,1,1,1.0,1,new,180,max_final_score,0.5
v11,SQL,left join,4,0.7454,0.3662,0.5732,2,0.5,0,0.0,0.1267,0.2636,2,360.0,540.0,0.7454,3,0,0.7454,1,new,180,max_final_score,0.5
v11,SQL,aggregate function,4,0.7363,0.3767,0.6062,0,0.0,0,0.0,0.1248,0.1012,2,360.0,540.0,0.7363,4,1,0.7363,1,new,180,max_final_score,0.5
v11,SQL,having,4,0.6347,0.1587,0.3174,0,0.0,0,0.0,0.1036,0.0513,2,360.0,540.0,0.6347,5,0,0.6347,1,new,180,max_final_score,0.5
v11,SQL,order by,4,0.5344,0.3653,0.4392,2,0.5,0,0.0,0.1213,0.1608,0,0.0,180.0,0.5344,3,0,0.5344,1,new,180,max_final_score,0.5
v12,SQL,inner join,6,1.0,0.6,1.0,5,0.8333,2,0.3333,0.314,0.1966,0,0.0,180.0,1.0,1,1,1.0,1,new,180,max_final_score,0.5
v12,SQL,join,6,1.0,0.5826,0.9048,5,0.8333,1,0.1667,0.1975,0.1211,5,900.0,1080.0,1.0,1,1,1.0,1,new,180,max_final_score,0.5
v12,SQL,left join,6,1.0,0.7338,1.0,5,0.8333,3,0.5,0.7348,0.2636,2,360.0,540.0,1.0,1,1,1.0,1,new,180,max_final_score,0.5
v12,SQL,select,6,0.7714,0.3777,0.6677,2,0.3333,0,0.0,0.1127,0.1857,1,180.0,360.0,0.7714,2,1,0.7714,1,new,180,max_final_score,0.5
v12,SQL,count,6,0.5264,0.1901,0.473,1,0.1667,0,0.0,0.0573,0.0258,3,540.0,720.0,0.5264,3,0,0.5264,1,new,180,max_final_score,0.5
v13,SQL,group by,6,1.0,0.293,0.7111,1,0.1667,1,0.1667,0.2155,0.4055,2,360.0,540.0,1.0,1,1,1.0,1,new,180,max_final_score,0.5
v13,SQL,left join,6,1.0,0.455,1.0,2,0.3333,2,0.3333,0.2682,0.1202,4,720.0,900.0,1.0,1,1,1.0,1,new,180,max_final_score,0.5
v13,SQL,order by,6,1.0,0.5802,1.0,4,0.6667,2,0.3333,0.2658,0.2885,1,180.0,360.0,1.0,1,1,1.0,1,new,180,max_final_score,0.5
v13,SQL,select,6,1.0,0.5943,0.8648,4,0.6667,1,0.1667,0.4397,0.2666,0,0.0,180.0,1.0,1,1,1.0,1,new,180,max_final_score,0.5
v13,SQL,having,6,0.9503,0.3192,0.6401,1,0.1667,0,0.0,0.2549,0.1452,3,540.0,720.0,0.9503,2,1,0.9503,1,new,180,max_final_score,0.5
v13,SQL,count,6,0.8079,0.2738,0.58,1,0.1667,0,0.0,0.2254,0.1484,3,540.0,720.0,0.8079,3,1,0.8079,1,new,180,max_final_score,0.5
v13,SQL,subquery,6,0.7059,0.3422,0.6247,2,0.3333,0,0.0,0.3256,0.1514,0,0.0,180.0,0.7059,2,0,0.7059,1,new,180,max_final_score,0.5
v13,SQL,join,6,0.6883,0.2469,0.5084,1,0.1667,0,0.0,0.1792,0.0924,4,720.0,900.0,0.6883,2,1,0.6883,1,new,180,max_final_score,0.5
v13,SQL,where,6,0.6289,0.2192,0.4417,0,0.0,0,0.0,0.1883,0.154,3,540.0,720.0,0.6289,4,1,0.6289,1,new,180,max_final_score,0.5
v14,Python,break,4,1.0,0.855,1.0,3,0.75,2,0.5,0.6357,0.1833,0,0.0,180.0,1.0,1,1,1.0,1,new,180,max_final_score,0.5
v14,Python,continue,4,1.0,0.6182,0.8877,3,0.75,1,0.25,0.3397,0.1601,3,540.0,720.0,1.0,1,1,1.0,1,new,180,max_final_score,0.5
v14,Python,nested loop,4,1.0,0.6601,0.814,4,1.0,1,0.25,0.3561,0.2777,1,180.0,360.0,1.0,1,0,1.0,1,new,180,max_final_score,0.5
v14,Python,for loop,4,0.8421,0.5382,0.6693,2,0.5,0,0.0,0.2553,0.4432,3,540.0,720.0,0.8421,2,1,0.8421,1,new,180,max_final_score,0.5
v15,Python,for loop,4,1.0,0.9111,1.0,4,1.0,3,0.75,0.5676,0.443,0,0.0,180.0,1.0,1,1,1.0,1,new,180,max_final_score,0.5
v15,Python,range,4,1.0,0.5407,0.9135,2,0.5,1,0.25,0.4095,0.2761,3,540.0,720.0,1.0,1,1,1.0,1,new,180,max_final_score,0.5
v15,Python,for,4,0.9056,0.4772,0.6832,1,0.25,0,0.0,0.2197,0.3255,3,540.0,720.0,0.9056,2,1,0.9056,1,new,180,max_final_score,0.5
v15,Python,nested loop,4,0.6198,0.3636,0.5429,2,0.5,0,0.0,0.3295,0.2776,0,0.0,180.0,0.6198,2,0,0.6198,1,new,180,max_final_score,0.5
v15,Python,list,4,0.5794,0.4469,0.5049,2,0.5,0,0.0,0.3051,0.0999,0,0.0,180.0,0.5794,3,0,0.5794,1,new,180,max_final_score,0.5
v15,Python,break,4,0.542,0.2606,0.3621,0,0.0,0,0.0,0.0653,0.1832,3,540.0,720.0,0.542,4,0,0.542,1,new,180,max_final_score,0.5
v16,Python,index,2,1.0,0.8919,0.8919,2,1.0,1,0.5,0.5694,0.0473,0,0.0,180.0,1.0,1,1,1.0,1,new,180,max_final_score,0.5
v16,Python,list,2,1.0,0.864,0.864,2,1.0,1,0.5,0.4154,0.1103,1,180.0,360.0,1.0,1,1,1.0,1,new,180,max_final_score,0.5
v17,Python,for loop,2,1.0,1.0,1.0,2,1.0,2,1.0,0.5905,0.443,0,0.0,180.0,1.0,1,1,1.0,1,new,180,max_final_score,0.5
v17,Python,nested loop,2,0.5494,0.5275,0.5275,2,1.0,0,0.0,0.3052,0.2775,0,0.0,180.0,0.5494,2,0,0.5494,1,new,180,max_final_score,0.5
v17,Python,for,2,0.5177,0.3412,0.3412,1,0.5,0,0.0,0.1609,0.3254,1,180.0,360.0,0.5177,2,1,0.5177,1,new,180,max_final_score,0.5
v17,Python,range,2,0.5004,0.3759,0.3759,0,0.0,0,0.0,0.1547,0.2761,1,180.0,360.0,0.5004,4,1,0.5004,1,new,180,max_final_score,0.5
v18,Python,for loop,3,1.0,0.6872,0.845,2,0.6667,1,0.3333,0.1442,0.443,1,180.0,360.0,1.0,1,1,1.0,1,new,180,max_final_score,0.5
v18,Python,index,3,1.0,0.4464,0.619,1,0.3333,1,0.3333,0.208,0.0381,0,0.0,180.0,1.0,1,0,1.0,1,new,180,max_final_score,0.5
v18,Python,list,3,1.0,0.4695,0.6645,1,0.3333,1,0.3333,0.1612,0.0999,2,360.0,540.0,1.0,1,0,1.0,1,new,180,max_final_score,0.5
v18,Python,for,3,0.9649,0.5807,0.7155,1,0.3333,0,0.0,0.1554,0.3255,2,360.0,540.0,0.9649,2,1,0.9649,1,new,180,max_final_score,0.5
v18,Python,nested loop,3,0.7388,0.5222,0.7054,2,0.6667,0,0.0,0.107,0.2776,1,180.0,360.0,0.7388,2,0,0.7388,1,new,180,max_final_score,0.5
v18,Python,continue,3,0.6825,0.3369,0.4421,1,0.3333,0,0.0,0.0437,0.16,1,180.0,360.0,0.6825,3,0,0.6825,1,new,180,max_final_score,0.5
v18,Python,range,3,0.6783,0.2261,0.3392,1,0.3333,0,0.0,0.1418,0.2761,0,0.0,180.0,0.6783,3,0,0.6783,1,new,180,max_final_score,0.5
v18,Python,iteration,3,0.52,0.2952,0.4053,0,0.0,0,0.0,0.0819,0.0334,2,360.0,540.0,0.52,4,1,0.52,1,new,180,max_final_score,0.5
v19,Python,break,4,1.0,0.5229,0.7646,3,0.75,1,0.25,0.1666,0.1834,1,180.0,360.0,1.0,1,1,1.0,1,new,180,max_final_score,0.5
v19,Python,continue,4,1.0,0.3887,0.7638,2,0.5,1,0.25,0.2952,0.1602,2,360.0,540.0,1.0,1,1,1.0,1,new,180,max_final_score,0.5
v19,Python,for loop,4,1.0,0.6345,0.9666,4,1.0,1,0.25,0.1442,0.4434,3,540.0,720.0,1.0,1,0,1.0,1,new,180,max_final_score,0.5
v19,Python,nested loop,4,1.0,0.4372,0.683,1,0.25,1,0.25,0.1466,0.2779,0,0.0,180.0,1.0,1,0,1.0,1,new,180,max_final_score,0.5
v20,Python,continue,7,1.0,0.3597,0.8208,2,0.2857,1,0.1429,0.3171,0.16,5,900.0,1080.0,1.0,1,1,1.0,1,new,180,max_final_score,0.5
v20,Python,for loop,7,1.0,0.7273,1.0,7,1.0,3,0.4286,0.3817,0.443,0,0.0,180.0,1.0,1,1,1.0,1,new,180,max_final_score,0.5
v20,Python,index,7,1.0,0.3615,1.0,2,0.2857,2,0.2857,0.3224,0.0381,2,360.0,540.0,1.0,1,0,1.0,1,new,180,max_final_score,0.5
v20,Python,nested loop,7,1.0,0.4589,0.8171,3,0.4286,1,0.1429,0.5121,0.2776,6,1080.0,1260.0,1.0,1,0,1.0,1,new,180,max_final_score,0.5
v20,Python,range,7,0.8867,0.3515,0.796,2,0.2857,0,0.0,0.2857,0.2761,2,360.0,540.0,0.8867,2,1,0.8867,1,new,180,max_final_score,0.5
v20,Python,for,7,0.7969,0.277,0.5656,1,0.1429,0,0.0,0.2734,0.3255,0,0.0,180.0,0.7969,2,1,0.7969,1,new,180,max_final_score,0.5
v20,Python,break,7,0.7533,0.3393,0.6145,2,0.2857,0,0.0,0.257,0.1832,4,720.0,900.0,0.7533,2,1,0.7533,1,new,180,max_final_score,0.5
v20,Python,list,7,0.6927,0.2777,0.597,2,0.2857,0,0.0,0.1676,0.0999,3,540.0,720.0,0.6927,2,1,0.6927,1,new,180,max_final_score,0.5
v21,Python,for loop,9,1.0,0.7354,0.9629,8,0.8889,1,0.1111,0.2767,0.3208,6,1080.0,1260.0,1.0,1,0,1.0,1,new,180,max_final_score,0.5
v21,Python,list,9,1.0,0.1775,0.6597,1,0.1111,1,0.1111,0.0491,0.0644,1,180.0,360.0,1.0,1,0,1.0,1,new,180,max_final_score,0.5
v21,Python,nested loop,9,1.0,0.768,1.0,7,0.7778,6,0.6667,0.5748,0.1993,0,0.0,180.0,1.0,1,1,1.0,1,new,180,max_final_score,0.5
v21,Python,range,9,1.0,0.2735,0.9043,3,0.3333,1,0.1111,0.1716,0.1935,5,900.0,1080.0,1.0,1,0,1.0,1,new,180,max_final_score,0.5
v21,Python,for,9,0.8374,0.2512,0.6178,2,0.2222,0,0.0,0.0695,0.2475,1,180.0,360.0,0.8374,2,0,0.8374,1,new,180,max_final_score,0.5
v21,Python,break,9,0.5141,0.3765,0.5125,5,0.5556,0,0.0,0.1454,0.1297,7,1260.0,1440.0,0.5141,3,0,0.5141,1,new,180,max_final_score,0.5
v22,Python,range,1,1.0,1.0,1.0,1,1.0,1,1.0,0.3353,0.2752,0,0.0,180.0,1.0,1,1,1.0,1,new,180,max_final_score,0.5
v23,Java,method,11,1.0,0.6251,1.0,8,0.7273,4,0.3636,0.2179,0.3483,4,720.0,900.0,1.0,1,1,1.0,1,new,180,max_final_score,0.5
v23,Java,object,11,1.0,0.7464,1.0,9,0.8182,7,0.6364,0.4147,0.3208,0,0.0,180.0,1.0,1,1,1.0,1,new,180,max_final_score,0.5
v23,Java,abstract method,11,0.9655,0.3576,0.8476,4,0.3636,0,0.0,0.1324,0.2267,0,0.0,180.0,0.9655,2,0,0.9655,1,new,180,max_final_score,0.5
v23,Java,extends,11,0.8003,0.2077,0.5987,1,0.0909,0,0.0,0.1275,0.197,9,1620.0,1800.0,0.8003,2,0,0.8003,1,new,180,max_final_score,0.5
v23,Java,abstract class,11,0.7704,0.2894,0.7266,3,0.2727,0,0.0,0.1349,0.2859,10,1800.0,1980.0,0.7704,2,0,0.7704,1,new,180,max_final_score,0.5
v23,Java,implements,11,0.7468,0.2613,0.6842,1,0.0909,0,0.0,0.0984,0.2522,10,1800.0,1980.0,0.7468,3,0,0.7468,1,new,180,max_final_score,0.5
v23,Java,class,11,0.7391,0.492,0.7237,6,0.5455,0,0.0,0.1763,0.2941,0,0.0,180.0,0.7391,3,1,0.7391,1,new,180,max_final_score,0.5
v23,Java,interface,11,0.6211,0.2034,0.6085,1,0.0909,0,0.0,0.1324,0.1955,9,1620.0,1800.0,0.6211,5,0,0.6211,1,new,180,max_final_score,0.5
v23,Java,inheritance,11,0.5954,0.2276,0.4833,0,0.0,0,0.0,0.1167,0.1859,9,1620.0,1800.0,0.5954,7,0,0.5954,1,new,180,max_final_score,0.5
v24,Java,abstract method,4,1.0,0.8477,0.9346,4,1.0,1,0.25,0.2901,0.2267,3,540.0,720.0,1.0,1,0,1.0,1,new,180,max_final_score,0.5
v24,Java,method,4,1.0,0.9275,1.0,4,1.0,3,0.75,0.3755,0.3482,0,0.0,180.0,1.0,1,1,1.0,1,new,180,max_final_score,0.5
v24,Java,interface,4,0.53,0.4808,0.5268,4,1.0,0,0.0,0.1619,0.1815,1,180.0,360.0,0.53,3,0,0.53,1,new,180,max_final_score,0.5
v25,Java,interface,2,1.0,1.0,1.0,2,1.0,2,1.0,0.4709,0.2043,0,0.0,180.0,1.0,1,1,1.0,1,new,180,max_final_score,0.5
v25,Java,implements,2,0.7968,0.7754,0.7754,2,1.0,0,0.0,0.3814,0.3103,1,180.0,360.0,0.7968,2,1,0.7968,1,new,180,max_final_score,0.5
v26,Java,interface,2,1.0,1.0,1.0,2,1.0,2,1.0,0.5948,0.1879,0,0.0,180.0,1.0,1,1,1.0,1,new,180,max_final_score,0.5
v26,Java,implements,2,0.6749,0.516,0.516,1,0.5,0,0.0,0.4289,0.2948,0,0.0,180.0,0.6749,2,1,0.6749,1,new,180,max_final_score,0.5
v27,Java,extends,3,1.0,0.9301,1.0,2,0.6667,2,0.6667,0.3842,0.2287,1,180.0,360.0,1.0,1,1,1.0,1,new,180,max_final_score,0.5
v27,Java,object,3,1.0,0.5311,0.6734,2,0.6667,1,0.3333,0.1693,0.2425,0,0.0,180.0,1.0,1,0,1.0,1,new,180,max_final_score,0.5
v27,Java,abstract class,3,0.9718,0.5544,0.7605,1,0.3333,0,0.0,0.1645,0.3566,0,0.0,180.0,0.9718,2,0,0.9718,1,new,180,max_final_score,0.5
v27,Java,class,3,0.8672,0.5841,0.7523,2,0.6667,0,0.0,0.1467,0.3221,0,0.0,180.0,0.8672,3,0,0.8672,1,new,180,max_final_score,0.5
v27,Java,implements,3,0.6533,0.4013,0.5253,0,0.0,0,0.0,0.1103,0.3105,0,0.0,180.0,0.6533,5,0,0.6533,1,new,180,max_final_score,0.5
v27,Java,inheritance,3,0.6353,0.539,0.5999,2,0.6667,0,0.0,0.1517,0.2108,1,180.0,360.0,0.6353,3,1,0.6353,1,new,180,max_final_score,0.5
v28,Java,abstract class,5,1.0,0.7556,0.9409,4,0.8,1,0.2,0.2171,0.1628,2,360.0,540.0,1.0,1,0,1.0,1,new,180,max_final_score,0.5
v28,Java,class,5,1.0,0.7628,0.9535,4,0.8,1,0.2,0.2001,0.16,1,180.0,360.0,1.0,1,0,1.0,1,new,180,max_final_score,0.5
v28,Java,extends,5,1.0,0.7662,1.0,3,0.6,2,0.4,0.2802,0.1091,0,0.0,180.0,1.0,1,1,1.0,1,new,180,max_final_score,0.5
v28,Java,object,5,1.0,0.6293,0.9161,2,0.4,1,0.2,0.1855,0.1166,3,540.0,720.0,1.0,1,0,1.0,1,new,180,max_final_score,0.5
v28,Java,inheritance,5,0.7691,0.4316,0.7344,2,0.4,0,0.0,0.1966,0.1007,2,360.0,540.0,0.7691,3,1,0.7691,1,new,180,max_final_score,0.5
v28,Java,method,5,0.565,0.3035,0.4753,0,0.0,0,0.0,0.1092,0.1266,1,180.0,360.0,0.565,4,0,0.565,1,new,180,max_final_score,0.5
v28,Java,implements,5,0.5367,0.4251,0.5192,0,0.0,0,0.0,0.1415,0.1405,2,360.0,540.0,0.5367,5,0,0.5367,1,new,180,max_final_score,0.5
v29,Java,abstract class,3,1.0,0.8236,0.9293,3,1.0,1,0.3333,0.6504,0.3564,0,0.0,180.0,1.0,1,1,1.0,1,new,180,max_final_score,0.5
v29,Java,abstract method,3,1.0,0.7952,0.9017,3,1.0,1,0.3333,0.6027,0.2115,1,180.0,360.0,1.0,1,1,1.0,1,new,180,max_final_score,0.5
v29,Java,interface,3,1.0,0.3909,0.5864,1,0.3333,1,0.3333,0.4504,0.2042,2,360.0,540.0,1.0,1,1,1.0,1,new,180,max_final_score,0.5
v29,Java,implements,3,0.7661,0.3185,0.4341,0,0.0,0,0.0,0.3454,0.3103,2,360.0,540.0,0.7661,4,1,0.7661,1,new,180,max_final_score,0.5
v30,Java,abstract method,1,1.0,1.0,1.0,1,1.0,1,1.0,0.6812,0.2127,0,0.0,180.0,1.0,1,1,1.0,1,new,180,max_final_score,0.5
v30,Java,abstract class,1,0.8247,0.8247,0.8247,1,1.0,0,0.0,0.5612,0.34,0,0.0,180.0,0.8247,2,1,0.8247,1,new,180,max_final_score,0.5
v31,C++,data type,12,1.0,0.6546,1.0,9,0.75,6,0.5,0.4504,0.1593,0,0.0,180.0,1.0,1,1,1.0,1,new,180,max_final_score,0.5
v31,C++,pointer,12,1.0,0.2894,0.7381,3,0.25,1,0.0833,0.1245,0.1722,9,1620.0,1800.0,1.0,1,0,1.0,1,new,180,max_final_score,0.5
v31,C++,variable,12,1.0,0.7665,1.0,11,0.9167,5,0.4167,0.2679,0.1958,2,360.0,540.0,1.0,1,1,1.0,1,new,180,max_final_score,0.5
v31,C++,reference,12,0.884,0.3325,0.7085,5,0.4167,0,0.0,0.0608,0.1336,2,360.0,540.0,0.884,2,0,0.884,1,new,180,max_final_score,0.5
v31,C++,object,12,0.623,0.2165,0.5596,1,0.0833,0,0.0,0.0493,0.2274,4,720.0,900.0,0.623,3,0,0.623,1,new,180,max_final_score,0.5
v31,C++,template,12,0.6131,0.1446,0.4617,0,0.0,0,0.0,0.0314,0.0673,4,720.0,900.0,0.6131,4,0,0.6131,1,new,180,max_final_score,0.5
v31,C++,polymorphism,12,0.5253,0.2242,0.5212,5,0.4167,0,0.0,0.0523,0.0843,3,540.0,720.0,0.5253,3,0,0.5253,1,new,180,max_final_score,0.5
v32,C++,data type,4,1.0,0.8718,1.0,4,1.0,2,0.5,0.4833,0.1633,2,360.0,540.0,1.0,1,1,1.0,1,new,180,max_final_score,0.5
v32,C++,variable,4,1.0,0.7006,1.0,4,1.0,2,0.5,0.3187,0.1191,0,0.0,180.0,1.0,1,1,1.0,1,new,180,max_final_score,0.5
v32,C++,pointer,4,0.6334,0.3457,0.5053,3,0.75,0,0.0,0.1768,0.093,1,180.0,360.0,0.6334,2,0,0.6334,1,new,180,max_final_score,0.5
v32,C++,reference,4,0.5692,0.263,0.4756,1,0.25,0,0.0,0.1354,0.1056,1,180.0,360.0,0.5692,4,0,0.5692,1,new,180,max_final_score,0.5
v33,C++,pointer,4,1.0,1.0,1.0,4,1.0,4,1.0,0.5569,0.1722,0,0.0,180.0,1.0,1,1,1.0,1,new,180,max_final_score,0.5
v34,C++,pointer,4,1.0,0.816,1.0,4,1.0,2,0.5,0.3623,0.1083,1,180.0,360.0,1.0,1,0,1.0,1,new,180,max_final_score,0.5
v34,C++,reference,4,1.0,0.606,1.0,3,0.75,2,0.5,0.5481,0.219,0,0.0,180.0,1.0,1,1,1.0,1,new,180,max_final_score,0.5
v34,C++,data type,4,0.5991,0.2255,0.3871,1,0.25,0,0.0,0.0748,0.1641,3,540.0,720.0,0.5991,2,0,0.5991,1,new,180,max_final_score,0.5
v35,C++,reference,3,1.0,1.0,1.0,3,1.0,3,1.0,0.6731,0.2008,0,0.0,180.0,1.0,1,1,1.0,1,new,180,max_final_score,0.5
v35,C++,variable,3,0.8485,0.4427,0.5988,3,1.0,0,0.0,0.1673,0.1913,1,180.0,360.0,0.8485,2,0,0.8485,1,new,180,max_final_score,0.5
v35,C++,data type,3,0.6124,0.3642,0.5358,2,0.6667,0,0.0,0.1145,0.1605,1,180.0,360.0,0.6124,3,0,0.6124,1,new,180,max_final_score,0.5
v36,C++,class,5,1.0,0.7369,0.9556,4,0.8,1,0.2,0.2712,0.2512,2,360.0,540.0,1.0,1,1,1.0,1,new,180,max_final_score,0.5
v36,C++,data type,5,1.0,0.4904,0.8114,1,0.2,1,0.2,0.1798,0.1357,4,720.0,900.0,1.0,1,0,1.0,1,new,180,max_final_score,0.5
v36,C++,object,5,1.0,0.7341,1.0,3,0.6,2,0.4,0.2947,0.2301,1,180.0,360.0,1.0,1,1,1.0,1,new,180,max_final_score,0.5
v36,C++,polymorphism,5,1.0,0.4785,0.7817,2,0.4,1,0.2,0.2993,0.0843,0,0.0,180.0,1.0,1,0,1.0,1,new,180,max_final_score,0.5
v36,C++,template,5,0.7376,0.2941,0.6536,2,0.4,0,0.0,0.0223,0.036,2,360.0,540.0,0.7376,2,0,0.7376,1,new,180,max_final_score,0.5
v36,C++,inheritance,5,0.7231,0.4489,0.6224,1,0.2,0,0.0,0.0953,0.1572,2,360.0,540.0,0.7231,3,0,0.7231,1,new,180,max_final_score,0.5
v36,C++,pointer,5,0.6324,0.1563,0.3852,0,0.0,0,0.0,0.0136,0.1574,2,360.0,540.0,0.6324,4,0,0.6324,1,new,180,max_final_score,0.5
v36,C++,constructor,5,0.6322,0.4818,0.5984,2,0.4,0,0.0,0.1128,0.1178,4,720.0,900.0,0.6322,2,0,0.6322,1,new,180,max_final_score,0.5
v36,C++,reference,5,0.6179,0.4143,0.5494,0,0.0,0,0.0,0.064,0.1204,2,360.0,540.0,0.6179,5,0,0.6179,1,new,180,max_final_score,0.5
v36,C++,variable,5,0.578,0.2645,0.4232,0,0.0,0,0.0,0.0262,0.1799,2,360.0,540.0,0.578,6,0,0.578,1,new,180,max_final_score,0.5
v37,C++,constructor,3,1.0,1.0,1.0,3,1.0,3,1.0,0.3713,0.0946,0,0.0,180.0,1.0,1,1,1.0,1,new,180,max_final_score,0.5
v37,C++,inheritance,3,0.65,0.367,0.5045,1,0.3333,0,0.0,0.0609,0.0496,1,180.0,360.0,0.65,2,0,0.65,1,new,180,max_final_score,0.5
v37,C++,object,3,0.6314,0.4818,0.5238,3,1.0,0,0.0,0.1425,0.171,1,180.0,360.0,0.6314,3,0,0.6314,1,new,180,max_final_score,0.5
v38,C++,class,2,1.0,0.7674,0.7674,2,1.0,1,0.5,0.1486,0.2026,1,180.0,360.0,1.0,1,0,1.0,1,new,180,max_final_score,0.5
v38,C++,inheritance,2,1.0,0.7339,0.7339,1,0.5,1,0.5,0.297,0.1051,0,0.0,180.0,1.0,1,1,1.0,1,new,180,max_final_score,0.5
v38,C++,data type,2,0.8176,0.5787,0.5787,1,0.5,0,0.0,0.0864,0.1482,1,180.0,360.0,0.8176,2,0,0.8176,1,new,180,max_final_score,0.5
v38,C++,constructor,2,0.6334,0.42,0.42,1,0.5,0,0.0,0.0561,0.095,1,180.0,360.0,0.6334,3,0,0.6334,1,new,180,max_final_score,0.5
v39,C++,class,4,1.0,1.0,1.0,4,1.0,4,1.0,0.3962,0.2802,0,0.0,180.0,1.0,1,0,1.0,1,new,180,max_final_score,0.5
v39,C++,inheritance,4,0.846,0.7484,0.82,4,1.0,0,0.0,0.3048,0.1691,0,0.0,180.0,0.846,2,1,0.846,1,new,180,max_final_score,0.5
v39,C++,object,4,0.6007,0.5121,0.5554,3,0.75,0,0.0,0.173,0.2493,2,360.0,540.0,0.6007,3,0,0.6007,1,new,180,max_final_score,0.5
v39,C++,template,4,0.5826,0.2883,0.4473,1,0.25,0,0.0,0.1004,0.042,0,0.0,180.0,0.5826,3,0,0.5826,1,new,180,max_final_score,0.5
v40,C++,template,6,1.0,1.0,1.0,6,1.0,6,1.0,0.5792,0.0673,0,0.0,180.0,1.0,1,1,1.0,1,new,180,max_final_score,0.5
v40,C++,data type,6,0.9483,0.4,0.8685,5,0.8333,0,0.0,0.2647,0.1656,2,360.0,540.0,0.9483,2,0,0.9483,1,new,180,max_final_score,0.5
